spo2,bpm,pasos,horas_sueno,pef_porcentaje,aqi,humedad,temperatura,crisis
95.6,82.4,3108,7.9,104.0,25,97.6,6.8,0
98.4,73.5,10698,7.1,84.1,26,91.4,11.9,0
92.9,99.2,3799,6.6,87.9,35,89.9,11.3,1
97.8,67.6,7254,6.6,92.7,25,99.7,5.7,0
95.8,79.3,6698,6.9,90.1,25,86.7,18.2,0
97.4,79.7,9220,6.4,88.8,25,94.8,17.2,0
96.1,80.4,3471,8.3,82.5,25,76.0,18.8,0
97.2,64.7,9419,6.6,99.3,29,93.1,16.1,0
95.9,64.8,9777,7.7,90.4,25,91.5,10.5,0
91.7,74.7,1490,7.5,90.9,75,82.0,10.2,1
90.4,99.4,3148,6.7,61.9,25,86.2,15.5,1
97.7,68.4,6806,9.1,106.3,64,36.8,33.4,0
96.5,68.2,4523,7.4,91.8,34,70.5,19.8,0
95.8,61.8,5028,7.2,105.3,36,92.3,6.4,0
95.4,71.5,6030,7.3,75.3,54,87.4,11.4,0
97.9,81.5,7986,8.5,102.4,25,83.8,11.5,0
97.5,93.3,8197,6.2,87.7,25,78.0,19.77,0
94.7,70.8,7418,6.6,74.1,25,93.9,18.6,0
98.2,71.6,6021,6.6,68.8,35,75.3,10.2,0
95.9,68.7,5143,6.1,84.6,25,100.0,13.2,0
97.6,76.6,7189,6.6,88.3,25,79.0,10.9,0
92.4,95.9,3203,5.4,112.0,31,80.2,14.7,1
98.1,85.6,10240,5.9,83.1,25,84.7,12.3,0
99.1,79.6,7719,7.1,85.5,28,96.1,9.5,0
97.6,59.9,11135,7.6,88.1,25,86.3,21.5,0
93.6,70.2,6223,6.0,63.1,48,89.5,13.6,0
90.8,93.4,2282,4.7,60.6,25,76.0,9.3,1
95.9,76.1,5827,7.6,76.0,180,79.8,10.8,0
95.4,76.6,9147,7.8,69.6,36,90.8,8.9,0
95.9,85.0,6523,7.5,84.9,52,86.3,15.9,0
98.4,75.4,194,8.3,91.4,25,83.0,13.97,0
89.6,100.3,1167,3.7,45.5,26,77.1,11.8,1
92.2,62.0,4092,6.9,55.3,25,87.5,19.9,0
97.7,84.4,5917,6.4,96.8,38,92.2,19.3,0
96.2,68.0,7547,7.5,81.9,25,64.0,18.4,0
96.9,70.3,8672,7.5,88.3,78,97.6,9.2,0
94.4,88.2,5673,8.6,75.7,54,89.3,6.7,0
90.0,91.0,5247,7.5,58.6,25,75.0,6.35000000000002,1
92.1,63.8,9412,8.4,76.0,36,94.6,11.0,0
94.7,73.5,9350,6.9,73.9,63,100.0,4.0,0
94.1,82.2,7748,8.1,66.6,46,87.6,10.7,0
91.0,73.7,94,1.7,48.5,25,81.0,18.41,1
93.5,76.7,5261,9.0,61.7,29,84.2,10.4,0
91.5,78.7,5830,5.8,75.8,25,95.0,11.15,1
93.4,69.3,7868,7.2,68.9,25,89.9,14.5,0
91.9,92.5,17490,6.6,64.9,25,83.0,17.44,1
94.0,73.3,9121,7.7,67.3,25,94.6,11.2,0
96.9,65.0,6297,7.7,92.0,31,64.9,20.5,0
89.5,92.4,3551,5.8,63.9,25,77.0,11.2,1
93.5,92.0,3778,5.5,78.6,25,95.8,16.0,1
95.4,64.2,11580,7.4,84.6,68,79.9,21.1,0
97.9,82.1,9126,8.3,104.1,77,61.6,24.2,0
93.3,65.1,10756,7.2,69.4,25,93.1,11.0,0
93.9,81.5,7513,6.3,67.8,75,74.5,10.9,0
97.3,90.0,7586,6.2,87.5,37,85.8,19.9,0
95.2,53.9,8160,6.6,117.0,72,80.3,17.5,0
96.5,62.5,7008,6.4,99.4,25,74.9,9.5,0
99.1,60.7,6607,7.7,104.3,26,67.2,19.7,0
91.9,92.7,4036,5.2,92.9,25,87.7,15.3,1
89.6,116.9,1887,5.9,53.9,25,91.5,9.1,1
90.3,75.4,5732,6.7,56.9,25,93.0,9.15000000000003,1
97.8,57.4,7464,7.3,100.6,29,90.7,4.3,0
98.6,66.2,9723,8.3,120.0,25,80.1,9.7,0
94.3,82.5,2131,6.8,65.0,25,83.0,12.7,0
98.6,80.6,5937,6.5,94.8,25,77.0,11.61,0
94.2,73.8,6771,8.8,68.6,25,93.9,2.7,0
93.3,95.0,2733,5.5,70.2,25,72.3,4.6,1
95.9,67.2,10483,7.4,91.4,29,91.7,11.9,0
98.8,76.8,10277,7.4,101.8,25,87.0,10.1,0
91.9,94.9,4177,5.6,95.7,27,89.1,5.7,1
95.6,82.5,5762,7.6,111.3,25,75.3,17.9,0
99.2,76.8,2290,5.7,97.8,25,74.0,8.95000000000005,0
94.5,58.4,5857,7.9,84.1,25,73.0,9.3,0
93.1,93.5,3648,5.7,87.8,25,94.7,9.9,1
93.2,96.7,3910,5.8,94.2,150,94.5,14.8,1
98.6,70.6,4603,5.6,102.8,30,73.3,12.1,0
98.7,86.6,5718,6.5,90.3,25,84.0,18.59,0
97.2,80.6,6799,5.3,102.5,33,92.4,8.5,0
93.0,68.9,7289,7.7,61.6,25,73.6,2.3,0
91.3,101.6,1241,4.4,44.3,25,94.3,17.2,1
98.1,80.0,6675,7.1,88.5,25,72.4,18.4,0
95.7,77.5,5763,6.4,80.6,25,72.0,20.3200000000001,0
96.3,81.9,4579,8.0,120.0,29,65.3,20.3,0
94.0,75.9,4230,7.3,64.6,30,85.2,12.5,0
97.3,77.2,3206,7.1,96.6,25,94.2,11.4,0
96.8,80.8,5986,6.5,119.1,25,74.3,18.6,0
99.6,70.3,7550,6.8,73.5,32,93.0,4.1,0
97.8,64.5,3207,8.1,85.2,38,75.4,18.7,0
96.7,70.6,5515,7.1,113.3,25,87.8,17.6,0
96.0,70.1,9477,6.6,107.8,25,72.8,13.4,0
96.7,59.4,2998,6.5,88.8,25,92.4,17.7,0
98.0,70.6,9281,5.6,95.6,25,71.7,17.3,0
94.3,75.0,4878,7.9,77.9,57,92.8,6.1,0
99.1,83.9,5901,5.9,112.6,75,38.0,29.77,0
96.2,90.0,8620,7.2,95.1,25,92.2,9.7,0
94.1,65.9,6004,5.8,79.7,25,89.8,2.7,0
98.5,82.7,10031,6.5,89.5,25,75.7,20.6,0
94.1,73.2,12009,7.8,76.8,25,92.8,11.1,0
98.0,80.8,9075,8.2,106.7,73,58.0,25.0,0
96.1,78.2,6338,8.6,92.8,39,54.0,14.0,0
91.6,70.6,3946,5.1,90.5,25,89.0,8.03000000000003,1
99.3,66.5,9114,6.5,118.8,29,79.1,8.5,0
99.6,80.5,5257,7.8,110.6,28,96.9,14.4,0
96.3,68.9,7245,7.6,90.0,25,90.8,8.1,0
95.6,90.0,5586,6.0,80.7,25,76.1,13.4,0
89.6,109.5,2259,5.0,43.4,25,87.2,11.2,1
91.1,100.0,1717,5.2,41.9,39,74.8,9.0,1
99.2,74.8,7705,8.3,87.8,175,71.8,19.1,0
99.9,58.7,6725,7.0,89.2,25,80.0,4.6,0
91.5,98.7,2945,4.2,117.5,29,97.1,18.4,1
99.4,83.1,3753,7.0,84.5,25,92.9,4.6,0
98.1,70.4,5942,6.5,83.6,74,93.0,7.4,0
93.6,81.0,11300,6.7,60.9,25,84.4,2.4,0
93.1,85.5,5929,5.9,74.7,25,80.0,18.91,1
95.1,83.2,8375,7.8,53.5,25,66.7,2.3,0
93.3,61.0,6937,6.9,63.9,25,83.3,15.6,0
97.3,64.8,6030,8.3,91.6,44,92.6,18.1,0
92.6,65.4,911,8.8,90.2,25,95.0,6.32000000000005,1
93.5,95.5,3659,5.2,99.8,25,89.1,9.1,1
94.3,77.9,9798,7.0,73.8,25,94.4,16.9,0
95.5,75.8,7191,8.3,73.0,31,81.2,6.2,0
98.9,62.0,6689,6.9,99.5,25,85.5,2.5,0
93.7,66.4,6805,5.0,63.0,37,93.6,12.0,0
95.1,85.4,3232,6.9,80.2,85,76.0,10.0,0
96.0,73.4,7075,7.2,94.9,25,93.3,9.7,0
98.9,90.0,9067,8.3,107.1,29,62.3,15.5,0
96.5,75.6,3955,5.8,95.8,25,59.6,21.0,0
93.5,77.0,4822,8.0,54.4,38,75.8,17.5,0
96.6,73.9,2284,6.2,87.7,25,98.4,14.6,0
90.5,81.7,5493,6.4,52.9,25,85.0,4.07000000000005,1
94.8,81.7,8000,8.1,73.1,40,87.0,18.3,0
96.9,64.1,5674,7.1,114.6,25,80.4,19.0,0
98.0,91.0,1885,5.9,110.0,25,73.0,15.19,0
97.7,78.9,4412,7.7,108.0,29,37.0,26.9,0
96.3,76.6,4149,7.6,92.9,38,94.4,11.4,0
94.0,69.6,5713,6.1,80.5,46,89.9,5.7,0
93.6,90.2,18899,4.9,65.0,25,76.0,16.08,0
93.8,69.9,9017,7.0,80.6,73,83.0,6.7,0
91.9,87.0,5868,6.9,59.7,25,96.0,10.4,1
94.8,72.9,10509,8.7,80.3,25,90.3,16.3,0
93.6,89.5,20665,7.2,65.0,25,89.0,12.19,1
99.0,69.7,2657,6.6,104.8,26,94.0,10.6,0
96.0,68.7,2000,7.0,99.4,25,94.6,11.2,0
94.8,86.1,2978,7.1,65.0,25,78.0,18.55,0
96.3,73.7,5319,5.9,108.2,28,67.3,17.3,0
97.9,67.2,7988,8.4,80.8,79,93.1,5.5,0
94.4,80.1,9547,7.0,66.7,25,83.2,17.8,0
97.4,81.8,5582,6.8,94.0,75,57.0,29.19,0
97.5,86.1,5364,6.3,93.3,25,100.0,2.48000000000002,0
94.8,74.9,9099,7.9,64.4,25,65.4,20.7,0
93.8,69.3,7318,6.9,69.4,25,60.0,20.5,1
98.4,75.6,7450,8.4,120.0,46,83.5,17.7,0
96.5,90.0,10247,7.4,73.3,30,92.0,11.7,0
96.5,68.1,5943,9.3,80.0,25,88.9,10.6,0
97.8,87.6,7462,6.8,90.6,70,75.9,21.1,0
94.2,77.7,4461,6.7,58.4,29,89.2,10.7,0
94.7,75.2,4856,5.7,74.3,25,66.1,20.5,0
89.4,85.8,6885,7.1,49.7,25,81.0,16.14,1
98.1,64.6,6651,7.6,86.1,25,79.4,9.9,0
96.8,82.8,6883,10.0,88.4,63,87.6,8.9,0
92.1,85.6,4621,6.2,65.0,75,89.0,22.26,0
92.8,76.8,6012,7.5,56.0,44,79.4,15.6,0
97.2,88.4,5979,6.0,98.5,73,54.3,29.2,0
93.3,78.6,639,9.0,103.1,25,88.0,8.87,1
89.7,99.7,1228,5.9,46.6,40,74.1,13.5,1
90.0,79.7,2349,1.1,41.8,25,79.0,12.53,1
97.8,58.3,5618,6.4,93.1,92,69.5,18.8,0
98.8,90.0,3865,7.6,117.8,25,74.9,17.7,0
96.2,68.4,4232,7.9,91.5,54,81.1,16.9,0
93.0,101.5,4050,6.2,61.3,38,81.3,17.9,1
95.1,91.5,6239,6.5,77.2,75,82.0,10.65,0
99.2,60.4,9019,7.7,95.0,25,73.2,8.8,0
95.7,85.7,8801,6.6,78.4,25,84.9,17.4,0
96.6,78.4,8608,6.2,102.5,25,95.9,6.2,0
92.3,78.1,881,5.6,91.6,25,97.0,14.39,1
90.8,63.1,0,5.7,57.2,25,83.0,1.59000000000003,1
91.7,91.7,3252,5.1,79.0,25,88.0,16.3,1
95.8,76.0,9390,6.5,109.1,30,73.6,13.2,0
94.5,80.1,5378,6.2,92.5,70,46.7,21.5,0
97.0,77.7,5756,7.6,100.9,25,89.2,13.6,0
92.1,90.0,7198,7.4,67.1,48,97.5,12.6,0
95.4,66.7,5648,6.4,73.9,27,80.6,10.3,0
98.0,90.0,8169,6.9,95.8,57,81.3,8.6,0
96.5,72.0,2545,6.3,79.3,25,60.0,14.2,0
98.7,80.3,8378,6.9,92.5,25,93.4,12.5,0
98.3,61.9,9061,6.0,99.1,32,97.4,18.4,0
96.3,86.1,3661,1.7,90.1,25,85.0,13.93,0
94.9,76.7,7582,6.7,79.9,32,91.4,17.3,0
89.6,110.9,1377,4.1,43.2,25,69.7,19.9,1
92.3,70.8,535,7.3,84.6,75,89.0,14.5700000000001,1
96.2,87.5,3650,7.5,90.3,33,91.0,10.8,0
91.5,110.9,1827,4.5,44.7,39,88.8,7.2,1
94.2,60.0,7945,7.8,76.2,26,95.8,4.0,0
92.2,90.5,2663,7.0,108.0,25,100.0,12.9,1
94.5,68.8,6657,7.9,77.7,32,74.2,4.3,0
98.4,78.4,4936,7.3,120.0,28,85.6,15.2,0
99.2,76.9,5471,6.5,95.5,25,83.0,15.75,0
98.7,88.3,9683,6.5,100.5,25,80.3,12.6,0
97.7,87.4,6326,6.0,83.4,25,86.0,17.37,0
94.4,73.0,7841,5.0,64.1,34,78.5,10.3,0
98.9,64.7,6943,8.0,88.6,25,79.1,14.1,0
93.2,57.8,10511,7.3,63.2,36,93.2,11.3,0
89.2,88.6,6394,7.0,53.6,25,93.0,5.40000000000003,1
97.9,65.3,9269,8.4,84.1,71,77.8,6.1,0
98.9,80.2,5572,8.2,110.1,25,77.3,16.8,0
92.1,85.7,1136,6.9,87.6,25,98.0,9.33000000000004,1
99.0,64.0,4333,6.4,108.5,82,72.1,11.8,0
99.4,86.9,14341,7.0,94.7,25,84.0,13.17,0
98.1,75.3,6613,5.7,120.0,25,71.4,-0.4,0
89.2,88.3,4964,6.5,57.2,25,86.0,4.42000000000002,1
97.1,88.5,7405,7.2,108.3,25,71.8,20.7,0
98.1,76.8,7149,8.2,82.0,28,81.1,11.8,0
98.2,70.0,5735,8.6,87.1,69,92.3,12.9,0
95.7,90.0,7080,5.9,84.4,26,86.7,5.9,0
95.5,73.0,7079,9.4,120.0,25,63.3,19.2,0
97.2,67.7,6052,6.2,90.4,25,96.4,11.4,0
98.2,84.0,8988,6.9,87.5,35,90.5,4.7,0
96.3,72.1,3249,6.1,85.1,200,100.0,16.8,0
94.1,69.9,10171,6.5,71.2,33,93.7,11.9,0
92.6,92.7,1692,6.2,89.3,25,95.5,7.2,1
96.9,69.6,4256,9.9,96.9,25,89.8,16.6,0
94.4,73.0,7251,6.8,62.2,74,75.6,10.1,0
97.2,71.6,7663,9.6,72.1,29,66.9,21.5,0
96.1,89.6,6149,6.1,92.4,25,91.0,14.16,0
94.0,65.5,7787,6.9,51.8,25,88.2,20.1,0
96.8,90.0,6806,7.3,78.7,25,96.6,1.2,0
96.2,62.4,8648,7.8,120.0,81,61.3,27.8,0
92.7,72.6,6840,6.6,67.3,27,75.3,4.5,0
96.2,60.6,7562,7.0,101.0,25,75.8,10.0,0
97.0,67.0,7536,5.9,95.6,25,93.0,9.1,0
95.7,77.9,5197,6.6,81.8,25,71.0,19.41,0
96.7,72.0,25,7.0,94.7,25,90.0,13.18,0
92.5,69.4,5292,7.3,58.5,31,69.0,1.7,0
99.0,64.9,5510,7.3,77.8,71,93.7,-0.9,0
96.9,90.0,8015,5.5,103.0,25,83.9,6.9,0
97.3,63.5,4879,7.0,108.6,30,85.6,12.4,0
91.9,82.0,6014,5.7,69.2,25,96.0,16.34,1
92.2,98.0,2915,5.5,111.3,32,92.2,4.8,1
96.8,60.2,5289,7.4,76.5,47,78.9,6.6,0
96.6,90.0,9537,7.3,89.7,25,66.0,19.8,0
99.2,71.5,6039,8.2,86.9,87,75.4,11.9,0
97.1,69.3,6729,6.4,110.3,25,80.0,12.4,0
94.6,80.8,4316,6.9,65.0,25,87.0,12.27,0
96.1,74.1,8479,8.3,105.0,49,40.9,28.4,0
97.5,92.8,5567,6.5,82.3,25,92.0,13.89,0
93.0,78.8,6116,5.8,77.5,25,93.0,3.09000000000003,1
95.4,82.5,9996,7.2,85.4,67,82.9,15.7,0
96.0,58.2,11470,7.2,113.9,32,82.1,11.6,0
96.5,59.5,8654,6.8,117.0,25,82.4,1.4,0
95.7,64.4,3875,6.3,97.2,25,61.4,22.7,0
96.1,82.5,6992,6.8,114.2,75,31.5,28.0,0
94.3,85.7,19679,5.8,65.0,25,78.0,15.56,0
99.1,59.9,9430,8.8,89.4,37,82.4,18.3,0
96.1,77.1,7807,7.4,93.3,28,85.0,20.7,0
98.6,69.7,8002,7.0,80.5,36,71.3,17.8,0
97.9,74.9,5821,7.6,86.5,76,90.8,4.9,0
93.7,67.7,7428,8.1,69.8,25,71.4,16.9,0
96.7,59.8,5052,6.5,76.0,25,96.9,7.6,0
96.6,65.0,8273,6.9,106.7,25,85.5,16.8,0
99.7,62.3,7228,7.7,104.9,25,94.2,18.7,0
95.6,68.0,8832,7.8,111.0,25,73.2,20.9,0
93.6,72.5,11322,7.0,70.2,32,64.7,9.5,0
94.5,80.9,6511,6.5,65.9,25,82.1,11.8,0
92.5,77.8,3589,5.1,76.0,39,67.1,21.1,1
91.1,86.6,5243,5.6,51.7,25,88.0,15.38,1
96.1,70.3,5421,7.5,120.0,25,75.5,17.0,0
92.7,67.5,7106,8.3,52.1,27,71.7,2.1,0
98.1,76.7,6360,7.3,78.2,25,88.4,9.5,0
99.2,74.3,5778,8.8,96.2,36,76.9,14.1,0
98.6,80.8,5915,6.1,83.1,75,85.0,10.42,0
97.5,85.3,6613,7.2,91.4,25,80.7,16.5,0
99.5,54.5,6505,7.5,107.8,25,100.0,17.3,0
97.2,79.6,11839,7.3,80.0,36,99.2,15.8,0
98.6,76.8,10790,8.2,91.1,31,83.5,10.5,0
95.6,69.5,2014,6.1,97.8,25,92.0,1.47000000000003,0
97.8,57.4,4853,7.7,93.9,25,71.1,18.5,0
97.9,74.0,8309,7.6,115.4,75,54.5,24.9,0
95.9,82.5,5768,6.3,84.4,175,93.0,3.95000000000005,0
96.3,64.4,6797,7.1,71.3,25,89.3,9.5,0
98.5,67.0,7318,6.7,95.8,32,83.3,14.8,0
96.7,69.4,10925,7.1,110.5,76,83.4,5.8,0
92.8,89.3,19839,6.6,61.6,75,92.0,11.47,1
98.0,71.9,4345,8.8,100.8,32,72.0,11.4,0
93.7,61.0,7575,6.5,71.6,92,95.2,4.6,0
93.2,65.4,3639,7.5,58.3,29,91.6,19.2,0
92.3,68.9,7224,6.0,64.4,70,61.7,19.9,0
92.0,72.9,6487,7.7,62.7,27,78.3,2.9,0
90.4,111.8,733,4.8,53.2,25,51.1,21.5,1
91.7,89.9,1053,5.4,51.4,31,88.5,10.6,1
98.3,72.5,4134,6.1,104.1,104,82.0,14.5,0
97.2,75.8,7266,5.8,93.9,25,77.7,18.3,0
96.4,69.2,6056,7.8,96.9,127,95.6,16.8,0
97.3,65.0,3594,6.9,106.7,71,34.2,28.8,0
91.3,90.2,2162,4.3,42.8,25,89.6,1.2,1
97.7,73.5,6459,5.8,86.8,38,82.7,15.7,0
95.1,68.7,11779,7.5,77.7,85,86.9,12.6,0
98.4,59.7,5682,6.5,92.7,35,100.0,11.3,0
95.7,64.4,7591,6.3,107.3,25,100.0,5.4,0
97.4,84.6,6071,6.0,89.8,25,76.0,19.66,0
94.1,70.3,8105,7.5,67.0,74,96.7,6.7,0
97.9,59.8,6172,5.8,82.5,32,97.4,15.9,0
97.3,85.5,5861,6.3,107.9,25,87.0,6.92000000000002,0
99.7,69.9,10732,8.0,99.5,25,83.3,15.5,0
98.8,55.0,5985,7.3,93.8,25,82.5,7.2,0
89.6,79.4,2348,7.8,51.7,25,92.0,6.67000000000002,1
97.5,74.8,4230,6.9,88.8,25,75.8,17.3,0
98.6,67.5,5644,7.0,87.6,25,82.2,16.6,0
95.8,68.9,8517,6.7,79.0,30,91.5,14.5,0
99.8,79.0,6412,6.6,99.8,25,91.0,19.55,0
92.5,78.0,9443,7.9,69.9,25,80.1,0.7,0
97.4,83.0,7436,6.8,82.6,25,73.6,14.8,0
95.7,57.7,8170,5.9,70.5,46,81.8,8.9,0
97.9,80.8,4736,6.2,103.4,25,73.1,25.2,0
96.2,67.3,6136,8.1,73.6,35,90.4,7.0,0
97.4,85.5,2942,1.3,80.0,25,86.0,13.0,0
97.9,72.1,4996,6.5,76.9,30,78.1,15.7,0
94.2,74.6,6437,8.1,66.0,55,79.3,9.9,0
98.4,71.0,8945,7.4,84.9,31,91.2,17.8,0
96.7,72.8,6090,6.3,81.0,25,87.1,11.0,0
98.8,79.9,7611,6.5,92.4,39,86.7,11.8,0
96.0,68.6,4067,6.6,91.5,57,81.1,2.3,0
93.5,84.2,2000,6.8,58.8,35,70.3,21.9,0
97.6,75.3,9113,8.6,78.7,94,73.5,15.0,0
95.0,80.4,5297,7.9,106.4,25,85.8,17.7,0
94.7,67.2,4503,6.8,64.3,25,83.9,9.3,0
97.1,63.3,8549,8.2,92.9,28,72.4,18.1,0
97.2,74.0,6789,8.5,89.7,25,85.3,21.6,0
97.5,73.1,7341,5.8,107.4,73,93.1,9.2,0
96.2,65.0,4768,7.8,73.3,25,94.2,13.1,0
92.8,53.6,9410,7.2,56.9,25,79.7,2.0,0
93.6,84.8,6160,5.8,76.0,25,86.0,11.08,1
97.0,84.2,5641,7.3,120.0,31,88.0,19.9,0
95.8,80.4,5734,6.0,75.6,125,97.0,6.92000000000002,1
91.8,108.1,1339,4.9,54.9,25,88.4,6.6,1
98.9,60.9,9679,6.6,120.0,36,66.8,13.2,0
94.1,75.4,10829,7.2,81.1,25,87.8,6.1,0
99.3,72.2,4212,7.6,80.8,192,77.0,17.4,0
96.3,66.1,7138,7.0,90.3,36,66.5,21.3,0
93.7,70.3,12273,6.6,79.2,25,67.2,24.7,0
96.3,70.6,4801,5.6,120.0,25,80.4,19.4,0
95.4,80.2,9541,7.9,72.7,38,84.2,12.6,0
96.9,83.2,7710,6.2,72.3,71,88.7,5.9,0
99.3,80.3,8015,7.7,91.4,69,56.8,26.8,0
95.1,73.8,2000,6.6,70.7,27,79.3,18.8,0
95.9,88.4,3982,6.2,78.9,25,92.0,7.5,0
95.8,92.8,5842,6.1,80.3,75,86.0,10.33,0
92.4,84.5,5616,6.5,64.8,73,56.9,22.5,0
96.5,81.8,8291,7.1,76.5,29,73.9,16.1,0
98.6,86.7,3142,5.2,97.5,25,86.9,16.3,0
95.4,66.1,8296,7.3,85.9,103,77.6,22.2,0
96.3,76.0,8356,6.7,98.6,28,74.2,9.8,0
98.7,73.1,7639,9.0,112.1,36,70.8,17.9,0
93.0,80.2,1620,6.4,104.4,75,71.0,18.87,1
92.6,98.2,3581,5.3,95.4,31,83.6,3.0,1
93.9,90.0,8229,7.4,68.4,25,61.6,19.7,1
95.3,83.3,4928,8.3,87.2,79,75.4,21.8,0
98.9,74.7,7107,6.3,92.0,27,95.5,9.5,0
98.8,77.0,10375,6.1,90.8,25,80.0,7.6,0
97.5,80.8,3531,7.7,91.4,65,96.6,5.1,0
93.7,102.5,3533,6.6,81.9,25,94.0,12.1,1
96.9,65.5,6272,7.5,95.9,25,92.7,7.1,0
97.6,85.5,7525,7.2,89.8,36,71.3,22.2,0
99.1,82.0,9652,7.7,93.4,26,62.4,17.1,0
95.7,66.2,7121,7.3,79.2,37,78.7,13.0,0
94.8,66.7,5627,7.8,55.3,79,70.2,1.8,0
96.4,65.5,7822,7.0,87.0,87,87.0,7.8,0
98.3,61.0,9410,8.2,98.2,25,87.4,15.1,0
96.2,77.8,9487,6.7,113.0,40,76.2,9.1,0
96.4,83.3,10323,7.0,88.8,25,91.9,-1.1,0
92.3,99.9,3488,3.6,102.3,111,72.6,16.6,1
89.3,123.0,2556,6.1,55.5,25,100.0,8.4,1
97.7,85.7,5716,6.8,111.8,25,87.8,10.5,0
92.0,91.3,2067,5.3,104.9,53,95.0,2.4,1
93.4,82.2,5935,6.7,75.4,25,92.0,17.13,1
89.1,105.4,1315,4.2,47.4,25,95.1,12.7,1
96.9,74.4,6840,5.7,77.4,29,94.9,6.2,0
96.3,68.3,4682,6.6,97.9,82,100.0,15.0,0
98.4,55.4,11708,7.0,92.9,25,81.0,13.3,0
99.0,74.8,2312,6.4,97.8,75,86.0,1.01000000000005,0
93.8,83.8,5619,6.2,75.6,75,91.0,3.98000000000002,1
96.3,89.3,4097,7.6,97.2,25,96.3,15.8,0
97.1,70.2,7355,7.8,110.5,87,84.8,16.6,0
92.8,93.2,3018,5.4,83.4,25,65.0,16.4,1
98.8,72.9,6299,6.5,92.3,25,68.2,17.7,0
92.3,89.0,6355,6.8,99.0,25,94.0,15.01,1
95.4,74.6,2546,7.7,72.0,41,79.3,7.5,0
96.6,75.3,6911,7.0,83.1,89,47.1,26.1,0
96.3,59.1,8898,5.7,80.8,25,87.2,13.9,0
98.6,61.8,8263,7.0,97.4,35,81.9,11.7,0
94.8,70.2,8827,6.3,66.0,25,69.5,23.8,0
97.0,50.9,13096,5.0,94.1,42,86.5,18.0,0
92.3,54.9,4840,7.5,61.1,25,92.9,13.9,0
90.7,113.6,2098,5.6,55.4,25,84.1,2.7,1
97.3,77.8,7168,6.9,113.1,98,84.7,22.3,0
97.7,58.8,7116,7.8,93.1,38,79.1,11.9,0
95.7,65.2,3095,7.5,101.0,25,95.9,8.5,0
94.2,69.3,7574,6.9,72.8,25,96.0,10.1,1
91.2,97.1,2783,4.9,86.0,50,90.0,12.8,1
95.6,87.1,5828,6.5,73.6,75,76.0,3.03000000000003,0
89.5,78.1,7238,7.0,45.8,25,75.0,18.2,1
89.9,115.5,1645,3.3,58.8,25,90.2,9.7,1
97.7,76.1,9052,7.5,88.3,25,83.5,16.2,0
98.0,90.0,2140,7.5,99.0,25,72.9,17.5,0
95.6,67.5,7490,7.5,85.7,25,87.3,8.7,0
96.2,62.8,8812,8.7,113.2,35,68.2,20.5,0
92.4,77.6,5893,6.5,51.6,75,52.0,26.74,1
97.3,62.7,7202,8.1,96.3,38,94.7,13.9,0
98.0,56.8,7829,5.7,88.0,25,87.5,9.5,0
91.9,101.6,1169,3.4,51.6,162,99.3,15.4,1
93.9,79.2,1904,7.0,71.1,25,86.0,14.98,1
96.9,80.9,9200,10.0,106.7,25,89.8,14.1,0
99.1,64.8,8078,5.2,83.5,90,76.0,17.5,0
96.6,67.2,7146,8.0,85.6,25,76.3,13.7,0
96.7,81.5,5719,8.1,115.7,28,92.7,9.9,0
94.7,75.1,2000,9.0,70.6,25,83.5,6.0,0
96.5,70.2,6845,6.6,119.7,25,95.0,6.8,0
90.3,87.5,2956,6.7,56.0,75,71.0,5.41000000000003,1
95.0,74.0,9047,8.2,78.0,66,86.4,11.7,1
96.8,73.4,9139,7.4,119.0,73,59.0,23.3,0
99.3,64.0,6242,7.2,81.9,165,79.2,15.0,0
95.0,71.8,8730,8.3,96.0,36,79.5,17.3,0
96.5,86.9,5896,6.2,92.0,25,76.0,17.3200000000001,0
96.6,85.7,11548,8.5,94.3,200,94.2,16.3,0
96.4,68.2,8407,6.8,87.3,31,93.3,9.9,0
98.1,72.8,3193,6.7,87.5,44,94.8,1.4,0
94.9,58.8,8556,8.1,85.5,35,84.8,3.5,0
95.6,70.5,9475,6.5,86.5,117,88.7,9.0,0
98.3,85.2,425,1.4,107.3,25,64.0,17.39,0
99.7,81.7,9885,7.0,102.2,28,54.2,25.2,0
96.2,71.7,8558,8.7,83.6,25,81.6,13.9,0
97.3,73.0,7098,7.4,79.7,25,82.5,19.5,0
96.3,86.7,7025,8.4,92.1,72,89.5,7.6,0
93.3,77.7,1127,5.8,98.9,25,97.0,8.89000000000004,1
96.7,61.9,6501,7.5,82.0,34,88.4,4.3,0
97.7,65.2,7631,6.7,97.9,29,93.1,19.1,0
95.0,68.7,7777,6.6,56.5,25,83.3,19.2,0
95.7,75.6,5909,7.7,104.2,25,74.8,11.6,0
93.1,100.4,3408,6.1,87.3,32,88.0,7.3,1
98.4,76.8,6478,6.2,84.5,25,80.0,19.48,0
97.9,73.7,6252,8.0,88.2,31,82.7,17.3,0
93.0,82.1,8154,6.9,69.0,25,87.4,15.3,0
94.2,63.3,6829,7.7,74.9,102,95.7,6.7,0
99.8,79.1,8284,6.8,96.8,84,52.7,23.7,0
91.1,100.9,1457,5.6,61.9,31,84.5,14.5,1
97.6,81.6,4290,8.1,83.0,25,80.0,1.75,0
97.1,59.7,5897,8.9,93.1,31,67.1,6.1,0
97.2,68.6,6978,6.0,100.8,41,82.4,16.6,0
98.8,76.9,9592,8.5,101.9,47,62.6,19.8,0
92.5,79.2,4724,5.4,94.6,125,77.0,5.18000000000001,1
95.6,74.2,10203,7.1,98.3,25,95.2,4.5,0
96.7,86.5,8616,7.3,78.1,25,87.0,17.19,0
95.6,74.8,9134,6.6,117.6,25,85.8,3.2,0
93.1,105.1,3342,6.3,94.4,25,95.4,15.3,1
95.8,75.1,3664,7.3,80.7,61,100.0,1.8,0
96.4,82.8,5578,5.6,77.2,25,91.0,10.17,0
93.9,78.9,2037,7.3,65.0,25,88.0,13.92,0
95.4,78.5,3999,7.5,83.8,25,85.9,16.0,0
99.0,70.7,6067,6.8,115.0,48,65.8,11.0,0
90.6,63.1,0,5.7,54.3,25,81.0,9.62,1
94.3,83.8,5185,5.3,65.0,25,90.0,18.23,0
99.1,71.6,8469,7.9,76.1,25,90.5,9.2,0
95.9,72.6,8222,6.8,105.6,33,74.7,9.1,0
90.2,78.3,6043,6.3,58.8,25,71.0,14.04,1
97.0,71.4,6865,7.4,74.9,167,94.4,-0.0,0
96.2,60.9,3500,7.5,70.9,84,73.5,9.4,0
96.5,69.8,6861,5.9,81.9,25,82.2,4.1,0
96.3,72.1,8679,8.5,91.4,164,87.4,3.2,0
91.1,101.2,2493,5.0,52.1,30,67.4,19.0,1
96.3,69.0,9417,7.8,103.2,25,78.5,25.7,0
92.8,84.1,1083,5.4,79.8,25,90.0,6.31,1
91.2,102.7,567,3.2,39.3,30,100.0,13.0,1
92.8,82.9,1931,6.9,76.2,25,93.0,16.11,1
99.2,61.1,12421,6.4,87.7,25,100.0,9.6,0
96.6,85.4,3900,7.4,91.9,40,69.6,6.5,0
98.5,84.3,5322,5.8,83.2,25,90.0,12.88,0
96.3,67.2,9981,7.4,89.1,25,75.3,13.5,0
97.3,69.5,6952,8.2,78.1,31,95.4,11.0,0
98.6,65.0,2000,8.2,89.6,82,86.5,13.5,0
98.9,66.9,7931,7.0,111.1,64,72.1,10.4,0
98.1,65.6,10403,7.6,91.2,38,94.9,5.7,0
91.7,94.4,3318,6.1,84.4,25,92.5,11.2,1
90.5,84.5,9266,6.6,51.8,25,78.0,18.08,1
92.3,93.5,4007,5.7,78.6,25,80.4,11.3,1
98.5,73.1,3357,8.0,88.3,25,90.1,6.2,0
91.6,83.7,5692,6.2,119.8,25,75.0,16.51,1
95.8,69.8,7296,6.3,67.3,39,78.6,16.3,0
95.2,59.0,5228,7.7,108.0,25,88.6,13.9,0
98.0,85.2,2583,1.2,83.3,25,90.0,8.45000000000005,0
89.1,88.0,4368,2.7,54.3,75,93.0,4.29000000000002,1
90.2,117.1,206,4.7,39.4,25,74.0,20.0,1
96.2,82.9,7625,7.5,83.4,75,80.0,8.72000000000003,0
97.8,64.8,8487,7.5,113.9,35,90.7,11.4,0
95.7,62.9,4706,6.7,120.0,25,71.6,19.1,0
96.5,81.4,3428,6.5,94.6,25,100.0,13.4,0
94.7,77.0,5786,6.4,77.5,75,86.0,9.91000000000003,0
98.8,63.4,7705,7.5,93.0,25,84.9,14.9,0
93.3,65.3,8934,6.8,53.1,25,98.4,12.9,0
91.4,94.8,3565,5.2,64.6,41,95.1,7.7,1
93.2,107.1,1985,5.9,91.2,25,87.1,12.8,1
96.1,75.4,2336,6.5,89.5,86,75.4,18.5,0
96.2,67.8,5870,6.8,80.2,120,94.2,2.6,0
95.5,81.4,3388,6.1,114.6,25,74.6,15.7,0
94.4,65.8,4881,5.5,69.9,80,79.4,12.4,0
95.6,83.4,6262,6.2,78.0,25,80.5,12.0,0
93.5,79.7,5783,6.2,60.5,25,91.0,10.96,1
93.1,73.6,681,7.6,96.2,25,83.0,5.24000000000001,1
95.2,73.4,9219,5.8,90.0,25,84.1,14.8,0
94.4,81.5,4487,8.0,82.5,71,45.1,22.6,0
93.0,85.0,12813,7.8,65.0,25,73.0,2.80000000000001,0
91.9,97.3,2791,6.9,80.8,25,76.0,11.6,1
99.4,59.5,5559,7.1,95.5,25,89.9,17.0,0
90.6,104.8,2520,5.2,42.6,30,83.2,9.1,1
94.3,81.9,7902,6.7,79.5,25,86.7,3.9,0
94.3,67.7,6045,8.1,62.1,25,82.6,17.1,0
96.5,84.2,8844,7.4,81.4,25,68.3,18.9,0
96.9,54.6,5914,7.8,89.5,25,88.5,16.2,0
96.0,73.9,7277,7.6,77.5,108,72.1,7.8,0
95.5,87.1,8336,7.2,89.7,96,84.4,17.6,0
96.3,67.1,3814,7.5,70.4,67,86.4,8.1,0
98.5,75.8,6359,8.9,94.5,40,79.3,16.2,0
99.3,76.5,5043,7.0,103.7,27,59.9,22.6,0
96.3,62.6,8732,5.7,99.5,25,67.6,16.8,0
99.5,89.6,13266,6.8,87.7,25,79.0,17.62,0
98.1,84.9,4931,8.1,116.4,38,53.3,14.8,0
94.2,69.9,10229,7.9,78.7,25,73.1,0.5,1
93.8,60.6,11777,7.9,72.0,25,87.9,9.7,0
98.6,76.9,8647,7.8,109.5,25,78.9,17.1,0
96.9,68.6,7041,9.3,83.0,25,89.6,3.6,0
92.2,79.3,615,3.9,108.4,25,76.0,16.72,1
94.9,83.5,4440,7.1,82.3,25,95.1,13.9,0
95.9,69.7,4795,8.0,101.9,188,93.0,17.6,0
99.6,64.5,7678,7.2,108.6,33,86.8,12.2,0
93.8,86.7,5469,6.8,78.1,75,97.0,7.01000000000005,0
95.6,87.7,9481,8.4,120.0,25,72.8,18.5,0
96.1,75.8,7671,6.3,85.0,89,96.2,12.4,0
97.7,50.0,6485,6.4,83.5,28,77.7,10.1,0
97.7,80.3,5811,5.7,95.5,34,72.0,4.7,0
96.1,80.0,12257,7.3,84.9,25,90.0,11.79,0
98.2,84.3,15043,7.0,89.0,25,94.0,5.25,0
97.9,72.8,3778,7.4,79.7,42,82.6,4.0,0
98.1,61.9,6664,8.5,120.0,40,89.8,15.8,0
94.4,67.4,6260,8.0,62.9,30,70.2,17.5,0
96.4,75.1,6485,6.8,82.9,86,80.1,8.9,0
95.9,77.5,9967,7.3,78.3,30,76.8,12.4,0
95.7,62.9,7204,7.6,111.9,25,70.9,21.4,0
96.6,59.8,6497,5.4,79.4,25,86.0,7.3,0
98.4,68.7,9521,6.6,86.4,46,79.4,15.9,0
95.8,72.6,2482,7.6,77.3,28,87.5,13.8,0
98.5,69.9,3349,6.9,106.3,26,61.8,22.0,0
91.8,103.9,4025,4.3,66.6,25,85.4,13.1,1
91.4,114.3,1816,3.9,55.6,39,90.3,16.0,1
96.6,71.8,7878,8.1,81.6,55,92.5,12.9,0
90.6,108.9,1503,4.2,44.2,29,78.5,5.3,1
98.9,50.4,11444,6.5,100.4,28,80.1,12.8,0
96.7,57.6,9338,8.3,111.1,28,82.5,17.7,0
97.9,71.6,5506,7.4,87.2,25,100.0,16.4,0
96.7,76.6,7597,6.7,77.1,148,97.9,6.6,0
93.9,80.4,2536,7.3,59.7,30,88.5,12.2,0
93.1,69.9,8553,7.3,69.5,29,83.3,24.4,0
94.7,86.7,6539,7.0,74.0,25,76.5,0.4,0
95.6,83.6,7720,6.4,110.1,41,63.1,17.4,0
99.5,77.9,9105,6.8,104.2,33,73.2,17.6,0
94.0,98.2,1365,6.7,54.8,138,30.6,31.8,1
96.5,66.6,6450,7.1,80.5,88,76.8,19.6,0
93.9,75.1,9432,7.9,74.9,65,80.6,2.3,0
92.7,95.9,4058,5.8,100.8,25,86.7,8.5,1
96.6,83.9,9017,7.3,96.3,200,93.2,12.6,0
98.8,75.5,6477,7.2,75.1,66,87.0,17.2,0
90.4,86.8,3258,4.9,63.6,49,81.8,9.9,1
89.7,81.9,2886,7.5,42.1,25,94.0,11.42,1
94.6,67.1,11475,6.9,71.4,30,93.4,16.6,1
100.0,63.7,11259,7.5,96.8,91,58.1,21.3,0
93.7,76.8,7206,6.8,74.4,66,75.3,2.5,0
95.6,81.9,11257,8.1,103.5,25,70.5,10.8,0
96.4,75.1,6406,5.0,79.6,92,74.5,9.9,0
96.2,90.0,9801,7.9,81.4,25,81.7,13.0,0
95.2,83.2,6223,7.5,81.1,28,89.4,14.8,0
97.0,66.0,8671,6.3,99.3,25,87.5,13.4,0
98.4,63.2,8065,6.6,108.2,28,92.6,7.6,0
96.9,60.0,5957,6.2,86.5,71,72.1,19.7,0
96.1,63.4,7531,7.0,81.0,44,95.3,10.6,0
97.5,83.4,6781,7.7,89.1,33,60.6,21.2,0
94.9,63.3,12287,5.8,70.6,85,88.4,12.3,0
97.1,68.6,8748,7.8,89.5,81,73.4,22.0,0
92.2,81.5,6219,5.8,63.5,25,100.0,12.52,1
94.2,78.2,3842,6.6,69.6,58,91.9,3.3,0
96.3,80.2,5555,8.3,93.1,25,77.0,10.5,0
97.5,68.1,7645,7.6,75.8,35,62.4,17.6,0
97.8,74.0,9734,8.7,79.8,25,94.2,12.3,0
92.8,90.0,4014,4.4,69.4,36,89.2,5.0,1
92.7,97.3,4083,5.9,95.9,25,93.1,7.5,1
94.7,72.5,7475,6.9,72.0,28,92.5,11.8,0
98.0,72.9,4900,7.0,87.9,25,94.3,14.1,0
98.8,67.8,5359,7.4,94.5,85,97.1,11.9,0
98.5,76.0,9633,7.1,99.9,25,96.6,9.9,0
97.1,75.5,7462,5.7,90.5,25,91.6,10.1,0
99.4,60.5,6147,8.5,93.9,61,89.0,3.1,0
91.7,83.7,19591,6.4,83.8,25,88.0,15.91,1
92.2,95.6,3504,5.5,82.9,25,82.9,5.2,1
98.2,88.8,9502,7.8,90.0,25,73.0,18.42,0
92.8,80.1,1334,7.1,85.3,25,91.0,14.76,1
95.3,65.3,7356,6.8,84.3,25,74.5,5.0,0
96.1,80.5,7581,6.6,112.0,88,38.5,28.3,0
89.4,103.0,1628,5.4,59.3,172,83.0,3.9,1
92.9,61.3,7061,7.0,65.9,105,90.6,9.0,0
92.4,72.4,150,3.6,99.8,25,97.0,6.67000000000002,1
96.7,71.4,4377,7.2,120.0,32,89.3,13.4,0
99.9,69.0,4579,6.3,104.6,86,64.0,19.4,0
93.5,70.8,6720,6.8,69.9,25,85.6,12.2,0
93.6,72.1,6632,8.8,75.2,78,89.3,-0.0,0
95.7,70.0,6162,6.8,76.6,28,78.8,4.2,0
91.2,105.1,1970,4.5,59.7,25,100.0,9.7,1
92.7,82.2,446,0.7,65.0,25,67.0,2.34000000000003,0
98.2,63.6,4429,8.5,74.1,25,93.3,10.2,0
98.9,78.0,5718,5.9,83.2,75,80.0,17.89,0
97.0,68.1,6505,7.7,99.0,25,83.9,14.7,0
97.2,73.2,10156,6.2,87.8,28,77.4,1.3,0
96.9,72.2,9098,7.6,89.7,67,69.4,18.2,0
98.6,74.9,3772,5.8,101.0,46,85.2,12.6,0
95.2,93.3,5520,6.0,107.9,25,90.0,11.4,0
98.1,70.4,6326,7.2,109.7,25,78.0,11.1,0
89.8,81.7,10243,7.2,54.9,25,84.0,1.10000000000002,1
98.0,63.1,2548,7.4,83.8,81,81.3,16.7,0
94.3,70.0,7357,5.0,63.0,25,85.5,18.4,0
93.0,90.3,16558,7.1,65.0,25,83.0,14.24,1
94.2,72.4,7091,8.1,69.2,25,97.0,9.4,1
98.3,89.2,5745,6.7,98.3,32,92.2,13.5,0
96.1,90.0,9393,5.5,74.4,25,75.5,17.9,0
92.7,69.9,8210,6.1,53.3,25,93.1,5.5,0
97.7,87.9,7763,7.6,87.8,37,81.6,12.3,0
93.1,96.3,3837,4.6,97.4,25,91.5,10.3,1
92.2,97.9,4540,4.3,113.2,117,57.0,24.6,1
98.8,67.2,4593,8.7,109.4,84,63.8,15.1,0
97.0,67.7,7097,5.8,110.8,50,86.6,14.3,0
97.1,52.9,4628,6.3,78.8,25,89.0,0.1,0
97.8,51.5,14444,6.4,71.8,96,88.4,6.4,0
89.4,108.8,1129,3.8,51.1,25,94.2,12.8,1
96.4,72.3,7003,6.5,84.4,44,90.8,15.9,0
99.4,87.3,8703,7.9,88.7,99,57.3,24.9,0
91.8,92.3,2195,5.9,81.6,25,86.6,14.3,1
90.9,92.3,6961,6.8,58.6,175,76.0,-0.849999999999966,1
96.0,70.7,5265,8.0,92.3,154,78.7,10.2,0
96.2,84.1,7260,6.6,106.1,27,79.7,18.3,0
95.9,79.1,6069,6.9,107.9,36,76.1,7.6,0
92.1,72.7,866,8.0,94.2,25,94.0,11.31,1
96.1,90.0,10127,6.7,118.4,25,67.8,20.0,0
99.0,82.8,7522,6.8,95.8,26,88.2,17.3,0
95.1,90.0,10795,7.3,91.5,51,85.6,13.4,0
94.6,66.2,2000,6.5,74.9,26,78.4,3.3,0
95.5,77.1,7032,7.2,92.0,32,94.2,11.0,0
93.2,88.8,4885,5.7,60.7,25,93.0,6.63,0
96.2,74.7,5701,6.7,87.8,77,96.9,11.9,0
90.1,93.4,3214,6.1,60.7,25,78.0,18.1,1
90.9,96.7,1653,3.4,45.0,25,82.5,16.0,1
94.1,61.1,6261,7.8,76.0,32,90.4,4.1,0
97.7,81.8,6719,7.7,84.3,42,92.7,16.8,0
96.9,82.1,5854,6.1,110.0,75,59.0,22.68,0
98.0,60.0,6464,6.4,88.0,27,79.0,13.8,0
96.5,65.1,6984,7.7,115.3,43,85.2,9.9,0
96.9,86.1,5414,6.2,109.0,25,65.0,20.4,0
92.0,84.4,6434,6.6,63.4,25,85.0,14.92,1
97.6,61.0,5800,9.0,86.8,95,69.5,20.7,0
96.8,82.1,5542,6.7,93.5,25,95.0,14.79,0
93.1,96.0,3232,5.9,85.2,25,81.0,5.5,1
96.5,79.3,6768,8.1,90.6,25,70.3,8.2,0
93.2,78.9,5455,5.8,61.0,25,86.0,17.24,1
95.8,76.9,5155,7.1,85.2,26,72.2,22.6,0
98.0,79.0,6322,6.2,83.1,75,100.0,1.70000000000005,0
96.7,85.2,5786,6.3,110.0,75,40.0,28.91,0
97.4,64.1,7391,6.5,97.1,94,96.0,8.3,0
98.0,69.8,10763,8.0,83.5,25,71.5,20.1,0
95.4,79.0,6652,5.7,81.4,25,77.7,21.6,0
97.8,80.1,5509,8.5,120.0,32,83.2,20.5,0
96.0,63.3,9250,6.3,90.2,25,77.8,14.7,0
97.4,74.9,8549,6.2,74.6,25,95.2,11.5,0
97.8,65.3,5326,7.0,114.2,34,88.6,14.7,0
90.0,93.6,4223,5.3,63.8,41,77.9,13.7,1
93.1,67.3,8200,9.4,60.2,39,88.9,4.3,0
96.3,58.7,7975,7.1,75.6,29,95.3,10.2,0
99.1,62.1,7448,8.9,78.0,33,92.7,5.5,0
91.2,105.3,1860,5.2,54.2,76,86.7,0.7,1
90.5,89.1,2484,3.2,51.8,25,96.0,14.26,1
96.7,74.9,6358,7.1,83.6,199,92.5,17.0,0
97.6,68.4,7191,8.3,92.1,25,66.7,15.7,0
99.1,80.9,10002,7.6,102.4,30,89.2,17.2,0
95.0,67.2,6682,6.9,75.7,168,93.3,9.5,0
99.1,70.2,6388,7.6,120.0,25,73.9,5.6,0
95.0,86.8,4985,8.2,77.4,25,87.0,18.0,0
97.7,60.7,6203,7.0,90.3,36,60.5,13.4,0
90.2,92.8,2560,5.9,61.5,46,90.4,9.0,1
99.6,70.9,9397,6.5,87.5,170,65.9,2.6,0
95.6,77.4,9072,6.9,90.3,61,85.1,17.3,0
96.6,82.5,6048,6.3,72.8,25,93.0,8.39000000000004,0
97.7,66.7,8080,6.2,76.0,25,82.1,15.2,0
96.2,79.8,6900,7.7,74.6,110,99.5,7.5,0
91.9,89.6,3149,4.7,96.5,70,76.5,2.1,1
97.9,66.5,11426,6.5,88.3,25,88.0,13.6,0
97.1,80.7,11025,6.8,86.7,42,93.4,6.4,0
97.0,77.7,9362,7.9,76.6,42,93.0,7.7,0
91.4,75.6,5797,6.9,47.6,25,63.0,18.62,1
98.9,76.7,6969,6.8,108.8,44,67.3,21.8,0
97.3,86.0,6216,7.0,79.6,25,96.7,10.7,0
95.6,72.2,8958,5.5,90.5,34,72.8,16.9,0
99.1,79.2,5809,6.4,107.5,70,90.0,21.2,0
95.4,71.7,4641,7.2,87.3,38,99.4,-2.4,0
96.2,72.7,7873,7.3,119.0,34,70.7,12.0,0
95.5,71.9,8250,8.0,80.9,41,97.8,10.2,0
95.6,66.3,7023,7.2,120.0,25,57.8,18.0,0
89.7,74.2,5947,6.1,49.9,25,75.0,14.48,1
96.8,69.4,5976,7.1,84.3,25,75.8,9.1,0
92.9,74.8,10796,7.5,66.8,44,76.0,14.0,0
95.3,85.0,5873,6.0,80.2,25,74.0,18.78,0
98.7,77.1,5845,6.4,78.6,25,99.5,15.6,0
89.8,80.6,2040,7.6,53.2,25,85.0,15.9,1
97.6,76.5,5923,7.9,117.4,25,91.7,12.2,0
98.3,84.3,5371,6.7,114.8,33,93.2,14.3,0
96.8,90.0,7976,6.6,100.7,25,63.5,22.6,0
98.6,65.9,6180,7.3,113.0,27,86.0,19.2,0
93.7,72.2,4724,7.0,67.0,27,90.9,11.2,0
93.3,65.7,7843,7.2,60.4,31,92.3,14.9,0
96.3,72.8,4772,7.0,93.5,37,89.0,16.3,0
98.5,63.1,6469,7.4,116.5,79,36.4,27.7,0
96.7,72.5,10849,8.7,117.3,110,91.2,13.5,0
99.2,84.8,12066,7.1,84.3,175,80.0,19.34,0
99.1,78.8,8417,6.3,112.6,43,84.5,13.9,0
98.3,78.5,3623,7.1,91.2,43,88.5,12.2,0
99.3,71.4,7028,8.1,79.4,79,75.2,11.8,0
98.2,72.3,5864,6.9,83.1,35,94.7,9.7,0
96.7,75.4,8866,7.0,83.1,91,56.3,23.3,0
97.1,71.4,5866,7.7,120.0,25,73.2,17.6,0
98.2,61.3,7695,6.2,93.9,60,85.2,15.5,0
99.9,60.2,9177,7.3,87.6,28,88.3,7.1,0
92.9,99.2,1561,4.4,54.3,25,86.1,13.5,1
92.8,69.3,11699,6.4,69.3,25,80.1,13.4,0
94.4,79.8,6354,9.6,69.5,36,79.7,16.1,0
91.5,97.3,3202,4.6,76.0,35,92.0,7.4,1
98.2,89.6,5902,5.7,92.2,25,84.0,13.34,0
89.8,97.0,2190,5.2,57.8,71,97.6,14.8,1
94.4,68.1,6223,6.3,76.6,25,81.2,8.4,0
99.4,68.7,10921,9.6,110.4,28,99.2,17.8,0
98.9,87.3,8507,8.1,87.7,25,73.7,15.2,0
96.5,85.1,9848,7.5,90.7,25,92.0,9.65000000000003,0
93.6,79.9,14403,5.5,65.0,25,64.0,21.59,0
91.3,122.7,2434,6.5,54.5,44,74.3,6.2,1
93.5,99.1,5000,5.5,81.3,25,89.0,13.4,1
91.9,95.5,2397,5.6,112.9,25,80.6,21.1,1
98.9,83.6,7439,6.0,95.0,25,93.6,11.7,0
97.0,59.9,2000,7.2,112.1,25,89.9,12.8,0
96.9,56.4,3965,6.6,80.8,177,96.3,-0.1,0
99.6,70.6,6769,6.7,95.6,28,94.4,13.8,0
95.2,90.0,8884,7.0,67.8,25,90.9,5.0,0
96.7,78.9,5945,5.9,70.4,25,87.0,17.89,0
93.9,72.9,8923,6.4,69.0,25,94.6,18.5,0
94.7,76.7,8256,7.8,73.8,28,84.4,17.2,0
93.8,52.9,5774,7.1,75.9,32,71.3,9.0,0
92.3,67.6,5398,8.8,60.8,25,67.7,12.6,0
92.5,96.4,4187,5.1,102.8,27,94.7,16.7,1
95.1,58.3,5883,8.4,68.8,25,91.4,3.8,0
90.8,89.1,5776,6.5,41.9,25,94.0,15.21,1
97.7,80.4,9132,6.0,105.2,40,89.9,11.1,0
98.6,66.0,9432,6.8,94.7,25,96.7,11.4,0
95.2,83.5,7240,6.8,92.1,25,74.1,17.8,0
94.4,71.1,9353,6.2,77.3,127,84.6,10.8,1
94.3,79.5,8469,7.8,73.0,169,99.9,-0.8,0
94.2,84.8,6093,6.0,75.8,25,82.0,13.65,0
99.4,70.3,4749,7.8,82.7,29,87.5,17.4,0
93.0,70.7,3889,7.6,75.1,25,88.0,7.13,1
95.9,69.4,5814,6.6,117.4,69,55.4,26.6,0
99.9,63.2,7004,8.1,106.4,27,89.2,7.6,0
97.8,80.1,4149,7.0,93.7,38,84.2,11.9,0
96.3,58.6,5692,7.2,92.7,25,83.5,7.5,0
98.4,67.4,3851,6.8,87.7,25,95.1,8.3,0
96.2,75.4,6251,6.8,101.1,49,92.3,13.9,0
92.9,80.4,5616,5.9,61.1,25,84.0,11.53,1
97.4,64.3,10473,6.7,78.6,37,80.7,17.9,0
94.6,84.3,10553,6.7,64.1,25,63.3,20.3,0
91.8,102.3,4643,5.9,97.7,30,75.3,6.3,1
89.9,101.4,3007,5.2,61.7,42,86.2,8.5,1
94.1,63.6,7805,7.7,64.3,25,52.3,20.4,0
98.8,81.9,8387,7.3,112.6,60,88.6,6.5,0
96.8,66.8,12454,7.3,106.9,25,84.6,16.2,0
94.3,66.5,4616,7.1,64.5,42,58.6,18.3,0
98.7,75.3,7008,5.3,88.7,30,70.2,9.3,0
95.6,63.5,4635,7.3,86.6,25,82.3,3.4,0
97.6,67.2,6670,7.8,87.8,25,68.8,3.1,0
94.0,72.2,10196,6.7,66.5,30,89.2,14.9,0
93.2,65.8,9934,6.4,58.3,25,90.6,10.5,0
93.1,71.3,9364,6.0,68.8,30,94.9,18.5,0
92.8,83.4,5688,6.4,78.9,25,89.0,7.67000000000002,1
98.0,72.1,10924,8.4,100.0,52,90.0,12.9,0
96.2,55.5,6518,7.5,73.6,145,93.1,-0.2,0
94.2,64.9,6807,7.2,67.1,25,75.8,13.7,0
95.9,81.9,7749,7.2,82.7,169,65.6,29.3,0
91.1,103.6,2270,5.6,57.5,70,89.8,7.9,1
95.8,93.7,15707,6.9,84.9,25,93.0,12.65,0
94.3,70.1,12053,7.5,78.2,75,64.5,14.9,1
99.4,78.3,7537,7.9,109.7,34,76.8,10.8,0
98.2,62.9,5834,7.0,89.6,90,89.3,16.6,0
95.8,86.7,5781,6.4,118.4,25,74.0,17.51,0
91.6,79.7,711,0.7,78.2,25,85.0,15.13,1
97.3,50.5,5479,6.6,109.8,25,69.9,19.3,0
99.0,75.3,5742,7.0,94.0,41,81.0,8.8,0
97.3,62.7,8220,7.1,117.4,47,32.9,26.2,0
91.0,110.1,2508,5.1,49.5,33,88.6,9.8,1
96.3,70.6,8898,7.3,100.8,25,93.5,10.4,0
96.3,77.6,6087,8.0,78.3,27,81.5,17.4,0
98.1,72.1,6772,7.1,108.6,41,84.0,12.7,0
95.1,69.8,8117,7.7,93.0,25,71.4,17.3,0
92.2,72.8,8600,8.2,74.4,39,89.3,10.1,0
89.9,90.1,21669,5.1,55.6,75,79.0,25.68,1
95.0,85.1,5899,6.3,79.3,25,83.0,11.95,0
92.9,99.9,3304,6.1,95.7,25,80.8,10.6,1
91.1,108.7,1369,3.7,44.2,25,81.3,14.7,1
95.4,64.3,8711,6.0,78.2,89,88.6,2.7,1
95.7,69.7,5511,6.0,78.0,33,72.5,22.6,0
92.9,82.5,1505,7.1,87.3,25,94.0,13.0,1
98.7,61.4,7533,8.4,102.9,74,81.3,16.6,0
97.6,64.3,9596,6.3,118.6,25,82.1,18.6,0
95.6,74.5,8090,6.4,71.7,25,78.6,15.3,0
95.5,85.3,6049,6.5,70.0,25,89.0,8.68000000000001,0
93.4,71.8,2439,5.7,91.4,75,94.0,1.72000000000003,1
97.7,76.2,3985,8.9,80.2,25,88.5,14.6,0
95.4,67.3,8507,5.8,79.3,25,73.6,19.1,0
97.7,75.1,7637,7.9,111.8,25,80.9,19.5,0
98.7,66.8,6480,7.8,97.5,29,90.4,19.1,0
96.2,63.5,6119,8.3,92.6,25,72.2,18.0,0
98.4,72.1,6229,8.3,91.3,25,95.1,17.0,0
97.6,67.1,5887,7.5,79.1,25,85.4,11.3,0
89.5,106.0,1650,4.8,46.1,30,98.6,16.8,1
98.4,73.1,7020,8.2,68.5,25,90.2,12.4,0
95.6,75.2,6090,6.7,72.0,66,91.2,15.1,0
99.2,85.3,5753,6.1,82.8,25,95.0,13.13,0
98.1,66.4,5652,7.7,88.2,41,82.6,8.4,0
98.8,72.5,7253,6.8,92.6,27,89.8,13.5,0
92.1,109.1,2181,6.6,45.9,33,92.1,6.1,1
92.8,72.4,10758,7.3,72.0,47,81.4,13.1,0
95.8,71.9,9905,6.3,75.7,123,98.7,7.8,0
96.6,59.7,8455,7.5,100.4,108,90.7,15.1,0
97.6,71.2,10001,7.6,71.2,25,81.7,15.8,0
96.5,75.5,10235,6.5,107.0,25,93.2,15.0,0
96.6,67.6,8632,7.6,76.9,67,60.9,13.8,0
98.0,90.0,7364,7.4,92.2,124,64.5,26.3,0
99.3,70.0,6966,7.6,94.4,30,81.7,4.5,0
99.4,89.9,5719,6.2,82.7,175,75.0,13.69,0
97.0,69.5,4169,8.4,79.2,25,75.3,7.4,0
97.9,71.6,2000,8.0,96.1,77,71.9,8.4,0
92.3,91.7,1782,5.4,93.0,33,87.9,12.0,1
98.3,68.1,6746,7.0,98.2,76,74.9,16.6,0
99.4,71.6,8016,7.1,89.8,27,59.8,12.4,0
99.0,78.9,7321,7.4,84.3,25,88.8,10.0,0
89.7,102.8,1878,5.4,52.7,25,75.9,11.8,1
99.1,68.9,7497,5.8,101.2,25,83.0,16.6,0
90.3,97.3,1664,5.0,47.3,39,67.6,21.8,1
91.6,83.8,2452,5.4,104.5,25,87.5,14.3,1
97.0,61.3,4622,6.6,104.3,53,82.5,15.6,0
92.0,68.8,2146,5.8,97.1,25,84.0,2.04000000000002,1
99.4,84.1,5911,6.6,107.2,25,87.0,10.76,0
93.8,86.0,6729,6.2,65.0,37,92.2,12.0,0
93.8,91.8,4224,5.3,85.1,25,84.9,4.1,1
93.9,71.4,10216,9.0,90.0,72,93.4,4.3,0
98.8,70.2,9598,7.2,84.6,28,84.6,15.5,0
91.8,88.3,5745,5.8,63.3,25,86.0,12.77,1
97.8,84.4,9654,7.4,98.8,25,73.5,10.8,0
99.0,67.1,3451,6.4,96.0,25,88.7,14.1,0
97.0,67.1,3786,5.3,120.0,37,78.0,19.4,0
96.9,72.8,4458,6.7,120.0,25,87.9,16.6,0
97.4,87.0,8736,6.4,91.2,25,80.9,15.6,0
91.7,102.9,4338,5.5,97.2,25,64.3,17.8,1
93.3,86.3,3445,4.6,69.5,27,70.2,3.8,1
95.5,82.4,5434,6.9,115.0,39,93.9,6.6,0
95.8,73.1,8070,6.4,72.7,32,96.5,14.7,0
90.2,89.3,7367,6.8,54.3,75,85.0,0.770000000000039,1
94.3,80.5,5918,6.0,77.2,25,82.0,3.48000000000002,0
93.5,73.3,11265,8.6,64.6,25,86.1,8.0,0
96.8,71.7,6243,8.6,113.9,25,82.6,16.8,0
98.5,74.7,5863,6.5,88.5,25,72.7,19.9,0
91.2,107.4,653,4.1,34.6,32,78.6,15.0,1
96.9,61.5,5109,6.9,114.6,25,83.2,17.3,0
98.5,69.6,6330,7.3,88.8,25,99.1,8.9,0
89.4,89.5,1312,4.5,48.9,25,83.9,6.6,1
95.3,71.3,4752,6.3,79.6,25,71.3,17.7,0
97.8,59.3,4506,6.9,120.0,25,79.9,15.0,0
91.5,88.7,11649,7.6,99.6,25,90.0,16.06,1
92.1,97.7,6457,1.4,63.8,25,93.0,1.82000000000005,0
97.4,78.7,6310,6.8,79.3,25,90.8,15.4,0
93.9,73.8,4873,8.3,77.8,62,95.1,8.3,0
95.9,65.6,9655,8.6,100.2,25,94.9,12.8,0
90.5,89.6,10679,7.3,42.6,25,92.0,16.25,1
90.8,91.8,5538,6.6,58.3,25,100.0,7.01000000000005,1
93.0,73.5,7664,8.0,70.1,25,79.3,15.0,0
98.1,50.0,6454,5.9,110.1,72,76.4,21.5,0
95.9,84.2,8338,7.5,79.5,28,93.2,8.0,0
97.5,68.1,5212,7.4,82.9,83,67.6,20.8,0
94.1,92.2,4921,5.9,61.2,75,93.0,5.66000000000003,0
96.8,74.1,7120,7.8,74.8,25,92.8,8.3,0
97.0,54.8,6404,7.9,116.6,77,62.7,22.6,0
93.2,68.3,4066,5.8,55.8,25,75.8,13.6,0
91.3,93.0,4436,1.7,55.7,75,84.0,2.24000000000001,1
91.1,85.5,4291,6.6,52.7,25,86.0,4.78000000000003,1
90.1,86.2,5869,6.2,53.9,75,99.0,16.33,1
97.4,58.1,7924,8.2,81.7,56,80.7,15.2,0
91.6,94.2,154,5.1,48.2,25,98.2,17.5,1
92.9,85.5,17532,6.5,63.5,25,59.0,18.41,1
91.6,87.4,3708,4.7,89.6,30,92.2,5.6,1
93.3,56.2,7261,8.1,59.3,35,94.1,10.1,0
93.0,83.7,4727,5.4,66.2,25,85.5,16.2,1
96.8,84.7,3077,6.5,76.8,79,96.6,10.4,0
96.6,67.7,5889,7.7,98.9,33,77.2,11.5,0
98.1,92.8,5831,6.3,113.3,25,75.0,18.14,0
98.7,84.9,5813,6.6,95.5,25,89.0,15.61,0
97.2,71.1,6483,6.4,78.7,44,78.5,8.4,0
98.0,90.0,8038,7.7,84.8,29,78.8,18.9,0
95.4,67.2,7594,7.5,77.9,27,71.9,20.2,0
92.7,82.4,6577,9.6,66.6,25,94.3,5.6,0
90.2,92.4,1722,2.8,46.1,25,77.8,6.4,1
94.3,73.9,7262,6.9,82.0,28,79.9,2.1,0
91.4,86.7,3594,8.3,58.6,25,80.0,5.67000000000002,1
93.8,80.5,6624,7.4,61.0,25,68.8,8.5,0
96.1,84.1,5517,6.1,96.0,25,94.0,10.15,0
98.9,54.2,12278,7.3,106.6,49,68.8,13.3,0
90.8,95.3,1976,4.2,51.0,32,73.1,6.7,1
93.9,81.9,5735,6.1,67.2,75,78.0,4.73000000000002,0
89.7,92.6,3679,3.4,60.4,31,85.2,0.1,1
93.6,77.1,5823,6.6,73.7,25,88.1,13.0,0
98.2,65.3,5314,7.3,112.0,25,48.4,12.7,0
94.5,78.8,9413,6.2,77.2,34,78.9,16.1,0
89.8,110.5,690,4.7,54.7,26,73.9,6.6,1
93.0,70.0,8300,8.7,56.2,37,83.3,16.3,0
97.1,83.4,6515,7.8,84.9,46,63.1,19.0,0
99.0,61.6,5643,7.4,83.2,32,91.7,15.1,0
99.0,54.0,6933,8.7,116.1,30,71.3,10.9,0
95.2,85.5,7399,5.0,66.9,25,96.1,4.1,1
93.8,67.7,8049,8.0,82.8,25,52.9,18.7,0
93.0,63.7,19,6.1,85.3,25,86.0,8.15000000000003,1
97.0,63.6,8627,6.5,90.9,36,91.2,10.8,0
95.4,65.2,5475,7.5,74.3,123,100.0,-0.7,0
98.9,67.9,7005,7.5,78.4,25,91.7,15.2,0
91.9,95.0,2210,5.7,117.0,25,71.4,16.1,1
96.1,83.7,8827,6.3,86.5,25,71.9,12.1,0
98.2,74.4,4871,6.1,110.7,25,54.6,12.5,0
93.6,59.3,7137,7.8,62.1,28,100.0,8.8,0
95.3,82.0,5835,6.2,60.8,25,87.0,8.19,0
98.4,73.9,8715,8.3,78.3,29,79.8,19.2,0
98.2,81.9,2979,6.9,80.8,25,79.0,10.01,0
92.1,68.0,4089,8.6,57.5,88,43.8,21.5,0
96.0,90.0,7040,8.6,82.5,35,90.6,8.0,0
92.8,78.2,234,1.8,93.8,25,90.0,8.63,1
95.4,66.7,6358,8.1,80.6,25,73.1,18.1,0
94.3,76.1,7785,8.2,69.6,25,88.4,11.9,0
98.9,58.9,10659,6.9,94.4,29,73.0,13.1,0
98.6,58.9,8800,7.1,105.0,25,62.7,23.7,0
89.4,87.8,5056,5.7,59.1,175,83.0,6.41000000000003,1
91.7,84.1,5547,6.2,45.2,25,95.0,16.19,1
98.1,67.5,3560,7.4,78.1,40,95.9,13.5,0
97.1,78.5,5867,6.4,104.8,25,93.0,16.35,0
96.8,74.3,7246,8.8,84.6,34,89.0,12.9,0
92.5,80.1,5780,5.9,80.0,25,95.0,6.16000000000003,1
93.9,50.0,11167,6.2,86.7,30,86.3,6.0,0
93.2,82.1,1230,7.3,96.2,25,89.0,12.4,1
92.1,80.6,1050,6.6,90.2,25,84.0,16.0700000000001,1
90.0,101.4,942,4.7,53.4,41,100.0,17.8,1
97.3,73.4,9887,6.7,96.3,25,83.1,18.8,0
96.9,80.1,5795,5.9,78.1,75,87.0,8.24000000000001,0
97.8,80.5,8155,5.8,80.9,86,77.5,20.7,0
99.0,69.7,2552,7.5,106.9,25,88.3,3.1,0
98.1,90.0,5630,8.7,99.8,25,86.9,12.9,0
96.6,82.3,8077,8.0,82.5,28,76.2,11.8,0
95.7,82.7,9080,7.0,81.4,25,82.6,18.7,0
99.2,50.0,3790,7.3,109.3,39,40.3,21.5,0
98.4,68.3,9277,6.9,78.1,63,99.0,17.6,0
99.0,58.9,3402,7.1,106.4,33,94.8,13.1,0
97.4,79.8,5412,7.6,73.9,25,92.4,18.3,0
89.5,96.8,3750,5.1,64.8,91,78.0,10.7,1
92.7,94.2,2901,6.0,95.4,25,81.2,3.0,1
95.6,86.1,5286,7.8,95.9,26,83.6,17.0,0
90.3,86.1,5224,6.9,56.3,25,100.0,13.0,1
89.2,95.7,3396,6.5,65.5,25,83.3,4.7,1
98.9,90.0,6814,6.6,95.3,26,91.5,0.8,0
98.8,58.7,2962,6.3,97.4,38,87.2,12.1,0
93.0,93.0,3734,3.5,101.5,49,94.1,6.7,1
93.1,73.6,9724,6.9,77.1,62,90.6,0.6,0
98.5,79.8,8536,7.0,108.1,29,67.4,23.2,0
96.6,79.6,4775,6.2,76.0,27,93.7,0.9,0
98.4,90.0,5308,5.7,92.8,72,93.0,0.0,0
93.9,85.1,6475,6.3,79.7,25,88.9,13.2,0
92.7,93.1,4029,5.9,80.9,25,93.8,13.8,1
96.4,81.1,5436,5.4,81.1,135,56.0,25.5,0
89.6,91.0,2012,2.2,44.0,84,62.6,20.2,1
97.2,61.2,4425,7.4,91.8,40,41.6,13.8,0
96.9,52.8,9327,8.1,83.7,63,39.1,30.2,0
93.9,68.7,9987,7.9,68.4,27,50.6,21.9,0
95.2,70.4,4039,6.4,92.7,62,60.4,21.3,0
96.6,64.9,5773,7.6,72.7,29,93.0,8.0,0
94.4,89.2,5708,6.6,73.9,75,84.0,11.89,0
97.7,75.9,6015,7.8,78.8,37,86.2,13.7,0
93.0,90.0,6866,6.9,60.3,44,74.3,16.0,0
96.5,72.4,7705,6.2,87.6,25,78.4,10.9,0
92.6,63.3,11704,5.7,34.0,65,64.3,7.7,0
91.4,97.4,1524,6.0,40.4,25,77.1,8.2,1
98.6,60.8,8529,6.8,119.6,29,93.1,8.7,0
96.3,85.2,11253,7.1,90.0,59,87.0,19.1,0
99.3,71.7,6004,8.5,118.2,25,74.0,16.0,0
97.5,86.7,5657,6.0,82.7,25,64.0,19.89,0
91.2,105.6,1796,4.5,57.1,78,85.5,0.8,1
93.7,73.2,6173,8.7,71.6,25,88.2,20.2,1
94.4,73.1,5265,7.4,65.2,25,74.4,13.9,0
97.2,81.4,8751,7.0,118.8,128,41.0,28.1,0
99.0,60.1,5752,7.8,89.3,25,83.0,6.9,0
98.4,72.8,3972,5.8,102.1,27,80.1,13.0,0
97.9,75.0,9504,6.7,81.6,25,66.3,7.5,0
99.0,91.0,1885,5.9,110.0,25,77.0,21.5,0
97.1,84.3,6371,7.5,91.1,48,84.1,4.5,0
99.0,68.3,10011,6.4,105.5,25,82.4,14.4,0
89.8,84.2,5661,6.3,53.9,75,92.0,12.47,1
99.0,50.0,9669,6.2,114.6,75,31.9,24.9,0
95.8,70.9,7722,6.6,89.6,156,97.2,2.8,0
97.4,87.5,5996,6.6,118.1,25,80.0,10.8200000000001,0
95.4,75.9,6880,6.4,72.5,129,91.3,-0.4,0
96.6,63.5,4698,6.1,112.6,83,85.1,16.7,0
97.5,81.4,6134,5.9,110.0,75,29.0,30.62,0
97.6,65.8,7634,7.1,74.3,27,98.7,8.6,0
96.4,79.7,6638,8.2,84.9,25,100.0,14.5,0
92.9,100.0,3792,4.8,80.9,30,91.7,17.0,1
92.6,78.8,545,6.9,74.4,25,89.0,9.62,1
96.8,76.7,7831,8.3,109.8,25,74.8,16.3,0
96.7,70.0,5766,6.3,120.0,25,80.1,6.6,0
97.8,66.6,2864,6.1,95.5,25,62.9,14.5,0
94.8,66.7,10193,8.3,80.6,37,87.0,20.7,0
89.3,112.3,1501,5.0,36.0,25,67.6,11.2,1
96.0,50.0,11522,8.6,74.4,84,80.0,10.5,0
97.6,68.5,2605,6.8,74.6,58,79.7,14.9,0
92.0,100.0,3958,5.5,95.3,25,97.1,12.3,1
95.9,78.4,11307,6.9,85.0,25,97.2,7.5,0
96.0,62.5,7579,7.8,120.0,51,64.8,21.1,0
98.1,90.0,6927,8.5,94.1,25,71.2,22.4,0
94.7,78.9,6119,6.6,66.8,36,78.5,19.1,0
97.4,82.1,6948,6.6,95.5,36,88.9,9.3,0
92.4,106.6,3447,4.9,102.4,38,96.2,7.1,1
91.0,111.8,1984,7.0,58.8,25,91.6,10.3,1
94.1,81.3,10099,6.8,79.5,25,79.6,14.6,0
96.5,85.4,5799,5.8,80.6,75,76.0,17.89,0
99.3,77.2,6424,8.7,89.4,25,79.2,7.6,0
97.2,75.9,5348,8.6,87.5,25,99.8,15.2,0
96.8,63.2,3258,5.0,85.2,37,67.0,18.7,0
93.2,107.1,3024,6.7,68.0,34,77.1,4.4,1
97.6,84.7,5545,6.5,89.5,25,80.2,9.7,0
93.9,71.5,8924,7.0,82.7,79,94.0,10.0,0
95.1,76.7,2586,7.0,82.3,25,82.4,12.1,0
91.8,90.3,2096,5.6,82.9,41,91.6,15.1,1
91.6,104.8,2233,6.1,92.2,85,74.5,0.8,1
97.7,84.1,5087,6.8,118.3,25,76.7,16.0,0
96.0,84.9,4596,7.9,105.0,31,100.0,5.1,0
90.9,92.6,1224,6.9,41.3,58,81.7,10.6,1
91.6,94.1,2581,4.7,90.0,25,96.3,15.0,1
97.8,82.4,5680,6.5,90.2,25,77.0,18.27,0
93.5,76.7,4400,4.8,95.4,25,96.0,16.87,1
99.2,71.2,7550,6.5,111.1,25,78.5,18.5,0
98.9,56.8,6188,5.6,95.4,58,81.1,5.8,0
94.7,75.0,5809,7.4,57.1,85,68.8,3.7,0
100.0,68.8,10151,8.7,97.6,25,88.4,4.8,0
96.5,83.9,5318,6.1,109.6,25,82.0,5.17000000000002,0
98.4,53.6,8877,5.8,87.8,25,92.2,6.6,0
95.6,87.9,5959,8.1,69.0,25,82.5,16.9,0
95.6,68.2,11645,5.9,83.0,25,83.3,6.6,0
99.1,90.4,9269,10.1,84.0,25,92.0,16.46,0
98.7,76.5,10944,7.6,87.8,25,83.4,12.6,0
91.7,77.7,1647,7.8,91.6,25,95.0,8.64000000000004,1
98.0,56.8,6764,8.7,76.6,40,96.3,19.3,0
98.3,59.4,2353,7.7,118.6,25,64.6,12.9,0
93.7,77.2,7931,6.3,95.6,25,90.7,5.3,0
89.1,96.7,3296,1.8,59.6,25,83.0,17.35,1
97.0,71.1,6643,6.6,107.1,25,80.3,7.5,0
99.2,71.2,4344,7.7,109.7,32,81.9,15.7,0
92.8,60.5,7993,7.8,66.6,25,85.2,14.0,0
97.5,71.4,7150,6.2,112.8,69,56.1,20.7,0
93.7,82.2,20474,5.6,65.0,25,67.0,16.89,0
94.5,78.6,5874,7.3,77.1,25,84.2,10.3,0
94.4,64.2,5565,6.3,85.7,31,88.6,11.9,0
99.0,87.6,11209,8.5,109.6,60,73.0,10.9,0
99.0,76.4,7628,9.3,112.0,25,74.4,23.4,0
97.2,68.4,4971,6.4,84.2,25,78.0,18.3,0
98.2,62.5,9220,5.7,116.5,41,77.8,18.2,0
91.1,90.2,5782,7.2,55.3,75,78.0,-0.20999999999998,1
94.7,78.4,5244,7.9,58.1,38,94.7,3.8,0
95.9,73.5,11986,7.0,78.1,75,100.0,2.8,0
95.4,72.0,6323,5.0,83.1,39,73.3,17.1,0
92.3,101.7,1955,5.7,88.1,28,91.9,12.7,1
95.8,69.7,7874,6.4,89.0,37,84.7,9.1,0
93.6,103.6,3122,4.5,82.4,47,75.4,3.4,1
93.3,92.7,2863,5.7,116.7,25,90.9,8.2,1
97.0,81.3,10325,7.2,100.8,25,93.2,16.6,0
91.3,102.0,1766,6.5,55.7,25,89.4,12.8,1
93.1,97.6,3014,5.9,88.2,31,91.6,14.3,1
95.7,78.7,7003,7.2,120.0,37,68.6,18.6,0
95.9,66.6,10244,7.2,84.1,34,78.0,17.0,0
90.6,100.9,1982,3.7,50.0,80,84.8,11.8,1
93.4,78.5,10079,7.1,58.3,26,86.0,11.5,0
96.4,56.8,6193,7.8,81.8,85,86.6,12.3,0
98.6,80.1,10236,8.1,117.6,32,84.2,7.7,0
92.0,112.7,1751,4.7,58.9,68,98.6,12.2,1
95.4,64.9,3759,7.7,77.6,25,92.7,8.9,0
93.6,73.7,7954,9.3,58.5,25,70.1,22.3,0
97.1,69.4,8311,6.1,95.7,79,77.2,18.8,0
95.2,64.0,7857,6.2,89.2,25,69.9,5.4,0
95.3,79.3,4289,7.1,96.4,31,78.1,21.2,0
90.8,102.9,1442,3.6,57.7,25,83.1,12.8,1
98.0,61.8,8102,6.4,76.5,30,80.2,5.2,0
91.1,98.5,2396,5.8,41.7,37,70.7,13.1,1
99.4,83.8,9635,6.6,107.9,25,95.9,17.3,0
96.8,81.3,4564,5.0,75.0,79,89.4,8.1,0
97.9,64.2,9128,7.1,98.1,28,92.1,12.8,0
96.7,69.9,5992,6.0,115.6,40,83.6,21.4,0
97.9,53.6,9443,6.9,95.7,27,70.9,17.8,0
97.3,61.8,3510,7.3,89.2,26,87.7,18.2,0
99.9,83.1,5790,6.5,96.9,75,58.0,21.1,0
95.2,64.7,5844,6.6,82.6,67,60.0,23.5,0
92.8,79.3,8585,8.2,61.6,39,80.1,15.3,0
97.7,69.4,9384,6.7,115.2,25,78.7,14.9,0
94.9,83.3,7227,7.4,71.9,25,68.0,23.5,0
89.7,108.8,2251,4.4,51.8,25,82.2,13.3,1
96.7,62.7,7985,7.6,78.8,72,99.4,10.6,0
96.1,84.2,7152,7.1,89.4,47,82.7,15.7,0
97.2,77.8,9072,5.7,81.1,53,88.7,14.4,0
94.5,79.5,7266,7.5,58.0,33,85.5,3.1,0
100.0,57.3,7882,7.2,107.7,25,52.6,26.0,0
96.4,62.2,2781,7.1,98.3,25,72.3,16.1,0
98.0,62.7,7118,8.8,98.6,25,95.8,17.9,0
97.6,76.2,1480,10.8,92.6,75,71.0,18.89,0
93.8,89.7,5338,7.8,71.1,51,86.2,1.9,0
100.0,69.6,3680,8.6,102.1,25,56.4,22.8,0
91.6,89.5,4142,4.9,67.2,27,98.7,11.4,1
97.0,63.3,8898,6.6,74.6,78,90.2,8.9,0
95.4,80.0,5100,6.6,90.1,29,90.1,14.8,0
97.0,72.5,6864,6.7,114.6,39,84.8,19.4,0
97.1,65.3,7573,7.6,84.9,71,96.1,6.0,0
93.9,67.3,6085,6.7,63.2,25,84.7,18.5,0
98.5,74.0,6857,7.9,88.8,31,86.7,15.0,0
94.5,70.9,3368,7.1,77.8,25,83.3,10.7,0
96.5,88.7,4289,6.7,90.4,25,84.2,8.5,0
98.0,70.9,7359,8.6,85.7,25,87.4,19.0,0
94.3,65.7,9294,6.5,72.5,25,83.6,11.1,0
96.8,63.9,7474,7.5,115.9,82,56.0,23.9,0
96.4,71.1,5382,7.0,74.3,36,69.5,17.2,0
93.5,88.7,5248,6.7,69.2,78,82.8,7.7,0
98.6,69.0,6837,8.6,87.9,33,68.7,8.9,0
96.7,67.5,8469,6.8,96.4,26,90.2,20.2,0
96.3,80.9,5884,6.3,93.1,25,89.0,11.54,0
99.1,77.2,11531,7.1,87.2,29,94.1,14.9,0
94.8,66.8,8613,6.5,68.9,25,95.9,5.7,0
98.5,66.7,4857,7.7,98.4,25,95.8,16.3,0
91.8,95.1,2981,5.7,94.6,33,87.5,6.7,1
94.1,70.3,7044,6.6,63.1,25,83.8,12.5,0
89.7,91.7,10126,5.0,54.5,25,92.0,14.8,1
92.2,99.5,4169,5.9,92.8,25,93.3,8.4,1
97.7,56.9,9620,6.7,82.9,25,79.3,11.3,0
93.1,85.8,1344,7.1,95.6,175,95.0,14.4,1
98.0,79.2,9214,8.3,81.5,71,87.3,16.1,0
98.8,79.8,7469,6.9,87.6,25,81.8,14.9,0
93.3,85.0,5801,7.5,59.6,25,73.4,20.7,0
96.9,74.1,5399,7.1,97.3,25,98.5,14.8,0
93.5,82.1,14264,5.1,65.0,25,95.0,11.36,0
92.3,83.2,2832,4.2,93.7,38,89.2,2.0,1
99.9,60.5,6458,8.7,119.8,25,75.9,8.9,0
95.9,66.7,8635,6.8,82.9,101,98.7,9.3,0
96.6,79.4,6143,6.4,88.7,25,73.0,18.4,0
93.5,72.5,6383,7.9,65.6,25,83.4,13.4,0
89.4,90.9,2551,4.2,46.2,25,74.9,18.3,1
92.7,89.1,6004,6.3,77.5,175,65.0,5.39000000000004,1
93.9,72.4,6761,7.4,69.6,25,85.6,-1.5,0
90.3,103.0,2171,5.4,51.4,69,74.1,4.4,1
95.1,77.7,8364,7.1,83.5,25,69.7,17.2,0
95.6,66.6,4781,7.7,80.4,25,90.0,8.1,0
96.6,64.5,4233,7.6,79.5,25,63.1,21.8,0
95.8,76.2,2619,6.5,79.3,25,80.5,5.1,0
96.1,69.9,5674,9.2,85.8,31,51.7,21.9,0
98.5,61.5,10755,8.0,77.6,47,77.0,19.2,0
95.8,87.0,7010,8.2,109.5,25,70.3,18.0,0
97.8,84.3,5377,7.2,89.4,25,81.2,18.4,0
95.4,77.0,3095,7.3,67.4,53,92.4,13.5,1
99.4,69.4,4822,7.1,107.1,26,94.6,16.5,0
97.9,62.3,9553,6.5,83.6,99,91.7,9.8,0
92.4,101.5,3568,4.6,108.4,70,69.9,15.9,1
98.1,71.0,5528,7.9,98.2,36,92.8,13.0,0
99.0,82.2,4950,7.9,77.1,62,64.8,21.1,0
90.4,98.7,2628,5.3,53.6,26,58.2,23.7,1
93.3,97.2,2978,4.8,71.6,28,95.0,13.7,1
91.6,83.9,17391,5.8,60.9,25,62.0,20.53,1
92.3,88.9,3834,5.3,88.9,25,89.7,13.2,1
97.5,66.8,5100,7.8,86.4,77,71.7,15.7,0
92.0,75.9,5689,7.0,68.9,25,79.5,5.2,0
98.1,70.7,6181,6.2,84.7,63,100.0,0.0,0
98.4,72.2,7336,5.9,77.7,25,80.7,11.0,0
99.2,80.4,4039,5.9,85.1,64,69.4,-2.2,0
89.8,84.0,5760,6.7,44.6,25,95.0,0.439999999999998,1
95.0,69.4,6757,7.2,110.3,73,73.7,15.2,0
90.2,96.0,1570,5.9,49.8,25,82.2,15.0,1
92.5,103.0,3627,5.5,82.6,30,93.2,11.6,1
90.4,82.3,5701,6.6,56.8,25,85.0,9.91000000000003,1
96.4,70.3,10837,5.6,75.6,25,78.8,14.1,0
95.9,75.4,9318,6.3,78.6,39,96.3,16.5,0
91.1,114.7,2248,5.8,46.7,33,78.8,15.0,1
92.9,80.5,5729,6.3,60.1,25,88.0,16.6,1
90.3,113.7,1917,4.9,54.2,25,100.0,13.5,1
96.3,74.4,6516,6.1,94.9,57,100.0,13.3,0
98.7,50.3,5600,6.5,94.2,25,81.1,17.6,0
95.8,61.0,5775,7.6,87.7,173,74.0,9.7,0
95.8,69.2,10041,7.0,70.1,31,82.1,15.4,0
92.1,92.0,1882,5.8,90.3,25,94.4,2.0,1
98.7,81.6,5571,8.4,69.7,74,82.4,11.5,0
96.3,82.0,5780,6.0,91.4,25,71.0,21.65,0
96.7,78.6,8289,5.5,103.1,27,85.5,16.1,0
97.4,83.4,7758,8.2,120.0,76,50.5,27.7,0
98.5,61.3,6389,7.8,91.2,31,73.7,16.6,0
96.2,86.4,4020,1.9,87.4,25,88.0,8.86000000000001,0
91.6,95.9,2178,4.8,50.5,53,100.0,17.1,1
92.5,91.5,1911,5.2,49.7,67,54.0,27.3,1
97.4,60.2,8753,5.7,98.7,25,81.6,14.3,0
94.2,71.3,9613,7.1,70.8,25,89.2,6.0,0
96.9,85.1,6045,5.5,104.2,75,45.0,22.3,0
98.6,90.0,7893,7.1,75.2,25,87.7,9.9,0
96.2,69.2,9090,7.4,74.8,25,63.7,15.7,0
96.1,80.8,5627,8.3,88.8,37,93.7,11.6,0
92.5,74.1,2477,9.3,93.5,25,81.0,3.69,1
89.2,92.4,6764,7.2,52.0,25,86.0,5.01000000000005,1
97.3,83.7,9873,7.7,81.8,25,88.8,8.7,0
97.0,84.9,2224,1.0,95.3,25,92.0,7.02000000000004,0
94.6,55.2,9807,7.2,61.6,36,67.0,18.2,0
97.0,66.3,7954,7.0,90.9,69,96.0,7.0,0
95.1,55.5,2000,6.0,92.6,174,68.4,25.0,0
97.7,84.2,6099,7.8,120.0,88,37.5,28.8,0
99.4,68.5,8751,6.9,109.0,37,60.9,19.2,0
95.2,78.6,10185,7.6,75.1,26,84.4,14.3,0
98.8,87.3,4381,5.7,95.2,25,85.9,11.8,0
94.6,80.3,5931,6.5,75.6,25,84.0,12.42,0
96.8,61.4,6256,5.7,95.0,25,68.3,16.6,0
91.8,84.6,2417,3.6,92.4,25,93.0,17.68,1
89.3,107.0,5000,5.3,60.6,51,78.3,2.3,1
93.0,82.6,5819,7.0,67.2,25,85.7,6.4,0
97.5,68.8,4223,8.3,107.0,25,72.6,16.8,0
95.2,67.3,6254,7.8,81.9,25,82.5,17.6,0
89.4,91.4,7063,6.3,51.7,25,93.0,4.01000000000005,1
89.8,106.0,2956,5.0,56.0,25,86.8,2.4,1
96.6,84.5,8525,6.0,76.0,30,86.1,15.2,0
97.1,63.5,6013,7.7,94.7,25,76.1,12.9,0
97.6,70.5,2503,5.1,89.1,30,74.3,9.0,0
97.6,74.0,5748,7.7,86.6,29,98.0,14.4,0
95.4,75.7,8064,6.9,79.5,84,86.6,18.3,1
96.8,67.4,3261,8.4,90.8,25,78.0,8.8,0
95.9,66.6,7035,5.5,92.0,25,60.1,18.2,0
90.1,83.9,5650,6.3,51.7,25,79.0,16.37,1
98.7,85.9,6424,6.0,87.0,25,83.0,10.42,0
97.4,63.1,2042,7.2,96.8,25,89.3,15.2,0
99.9,75.9,6578,7.0,102.2,49,56.6,21.4,0
99.4,55.1,7484,8.1,100.2,43,80.8,19.3,0
94.4,75.4,10766,7.7,79.5,189,89.0,0.2,0
92.3,80.7,5606,6.3,55.3,25,74.0,12.9,1
95.9,74.1,9108,7.3,84.6,37,75.5,15.5,0
96.3,71.2,8312,8.4,90.7,32,82.2,-0.8,0
96.6,75.1,4474,7.1,84.5,109,55.7,21.4,0
95.4,83.2,2000,6.2,91.0,25,73.3,15.8,0
95.5,63.0,5930,5.0,111.4,25,83.9,16.7,0
93.1,84.0,5530,6.0,68.9,75,83.0,4.15000000000003,0
97.7,83.8,5948,6.2,109.6,25,40.1,27.9,0
99.3,50.0,6745,6.8,109.9,25,47.7,27.0,0
95.9,73.1,5709,8.6,85.8,25,82.3,7.7,0
90.0,102.8,2737,5.2,53.7,40,99.5,2.2,1
97.0,81.1,5411,6.2,91.3,25,72.0,5.90000000000003,0
96.0,90.0,5221,7.7,91.2,31,78.5,24.2,0
98.2,84.5,8663,6.1,115.9,25,79.2,18.6,0
93.3,66.5,7429,6.1,62.1,25,98.9,12.9,0
96.1,75.5,7522,7.7,100.5,25,90.3,14.8,0
94.2,87.7,4221,7.5,62.4,25,83.0,2.42000000000002,0
97.6,68.6,4803,7.1,90.7,25,80.6,14.7,0
96.7,72.8,6836,7.4,71.6,25,90.0,9.4,0
96.6,53.7,6467,8.4,79.7,25,82.5,15.6,0
95.3,84.6,5755,6.6,89.0,75,80.0,21.33,0
93.0,59.0,9523,7.4,69.6,25,96.5,16.3,0
97.5,69.5,5710,6.1,101.1,25,91.6,0.3,0
92.6,95.7,2719,4.2,102.4,159,96.4,0.3,1
96.0,73.0,5201,7.8,82.5,90,100.0,14.0,0
90.4,85.7,5358,6.0,48.3,25,94.0,14.44,1
98.8,77.2,6029,6.1,109.6,25,71.0,16.52,0
97.2,58.1,7142,7.1,94.9,28,78.5,15.4,0
93.5,70.2,3648,5.8,60.8,25,91.9,10.8,0
97.3,58.4,4690,8.1,102.8,33,70.4,19.0,0
91.0,110.9,2528,5.4,40.7,25,78.0,16.5,1
91.9,94.2,3907,4.5,80.6,42,92.7,13.2,1
99.5,89.3,7484,7.5,89.1,25,76.7,16.8,0
92.9,96.2,4061,5.4,65.2,25,94.6,7.3,1
98.6,73.4,4223,8.1,81.3,41,64.8,12.0,0
90.8,115.3,2947,6.5,57.4,34,76.7,17.4,1
97.9,79.9,9025,8.8,88.0,25,75.8,18.8,0
96.6,66.7,4857,7.5,82.8,28,72.8,17.9,0
95.1,76.4,6285,5.8,109.2,75,78.0,14.91,0
96.3,81.3,5184,6.3,117.3,25,70.0,19.05,0
92.6,76.8,6055,7.5,57.8,25,72.1,15.2,0
97.0,60.3,6716,7.0,94.8,25,92.8,14.2,0
98.7,73.9,8314,6.2,87.7,25,97.0,12.8,0
98.0,60.3,6173,6.6,98.0,85,53.7,22.8,0
94.6,66.9,7744,6.1,76.5,25,83.0,18.2,0
95.8,80.2,5834,7.2,88.9,25,90.7,12.0,0
96.5,70.2,8091,7.2,90.0,51,93.4,12.2,0
93.9,68.8,8632,9.3,69.0,80,86.6,2.7,1
93.5,67.8,2000,8.6,76.5,25,89.9,10.6,0
98.0,66.0,5083,6.5,107.2,25,76.6,14.9,0
97.7,72.3,1500,8.3,99.1,25,87.0,8.47000000000003,0
96.6,57.8,7226,6.6,97.0,31,83.2,10.1,0
91.6,81.7,1179,8.4,84.0,25,79.0,16.93,1
93.7,73.4,4272,7.2,76.4,33,87.1,2.8,0
89.2,106.4,1601,6.4,51.3,25,63.3,15.0,1
93.4,92.5,3693,5.6,89.9,27,97.3,10.3,1
94.6,81.8,6243,7.1,62.5,95,95.7,7.2,0
98.7,63.7,4721,5.9,73.7,25,81.7,10.2,0
93.4,102.0,2477,5.0,79.5,25,92.8,3.5,1
93.3,80.5,5831,5.8,74.6,25,78.0,16.46,0
94.3,69.3,6149,7.5,66.6,33,81.7,14.2,0
94.5,70.2,13328,8.4,71.1,115,82.6,8.8,0
94.6,67.3,3759,7.2,64.4,25,82.0,5.4,0
97.8,74.5,4096,6.8,104.0,41,42.3,25.7,0
92.5,96.0,2839,5.0,96.8,31,92.7,6.5,1
91.6,106.7,2738,5.2,53.3,25,91.2,14.6,1
98.5,60.7,2485,6.3,90.6,42,76.3,17.1,0
93.0,76.0,3588,6.3,91.7,75,82.0,9.04000000000002,1
95.9,84.8,5278,5.9,69.9,65,83.6,7.1,1
97.0,84.6,6170,6.6,73.9,75,93.0,6.73000000000002,0
92.4,83.5,5941,6.3,61.1,25,85.0,10.92,1
93.7,82.5,5670,8.4,67.9,25,65.9,16.2,0
98.3,55.6,6630,9.6,96.9,89,96.0,12.5,0
95.6,86.3,5747,6.3,80.8,25,76.0,3.66000000000003,0
96.4,69.6,7953,9.3,84.1,172,90.6,4.1,0
94.6,73.9,7413,7.3,63.3,41,67.9,22.7,0
98.8,59.1,7559,6.7,105.3,25,65.9,20.3,0
94.7,80.6,2061,7.9,71.6,42,79.5,18.7,0
92.0,78.8,4067,4.4,95.4,75,76.0,11.92,1
98.4,91.0,1885,5.9,110.0,25,71.0,14.58,0
97.0,80.2,7061,7.3,120.0,25,75.5,20.6,0
98.2,75.1,10143,6.9,117.8,33,94.0,17.6,0
96.0,84.1,8642,6.7,83.2,153,68.4,4.8,0
98.9,73.5,7427,7.4,86.7,25,91.5,14.7,0
98.5,75.6,11757,6.9,120.0,25,57.7,17.6,0
97.1,71.8,8853,7.9,120.0,25,84.8,18.6,0
95.3,75.4,6657,6.4,95.3,73,83.4,21.3,0
95.9,58.5,6263,7.8,83.3,70,89.2,6.3,0
93.8,64.6,7671,9.3,83.2,53,90.9,3.5,0
96.4,75.7,8113,7.5,100.5,25,70.3,10.4,0
98.7,86.7,4995,6.1,99.7,35,78.2,11.8,0
95.9,78.6,7661,6.1,70.6,88,93.8,4.7,0
92.7,79.2,4074,3.5,99.1,25,93.0,13.56,1
96.1,84.3,10305,5.0,78.5,29,61.8,14.5,0
95.8,69.0,6884,7.9,99.2,25,78.0,21.2,0
96.6,76.7,6508,7.1,87.4,115,54.2,19.1,0
96.7,64.7,4641,7.1,98.1,75,96.6,15.9,0
92.4,71.8,887,7.0,91.8,25,94.0,10.27,1
99.1,52.5,9047,7.6,94.1,30,65.2,8.8,0
98.5,80.0,5988,6.6,95.5,25,95.0,16.49,0
99.5,75.5,8499,6.3,83.2,29,100.0,4.2,0
95.4,69.7,7910,5.8,76.8,64,76.8,2.9,0
92.7,74.0,8192,6.5,67.7,25,75.3,21.1,0
93.4,71.4,975,6.8,86.2,25,90.0,14.18,1
95.5,86.3,7968,6.2,74.3,35,98.0,-3.0,0
96.0,79.0,2314,6.7,60.6,62,98.5,7.4,0
95.4,68.2,5916,6.7,76.3,25,90.6,11.5,0
98.8,68.5,10282,6.8,86.6,38,79.0,13.1,0
99.2,90.0,6160,9.1,96.6,25,94.8,13.0,0
99.2,65.5,7431,8.5,109.6,35,74.0,20.7,0
90.6,66.4,37,6.7,52.0,25,92.0,12.7,1
96.2,74.2,6261,7.5,117.5,47,72.2,17.5,0
95.1,63.6,2000,7.7,78.0,91,83.1,11.0,0
93.8,86.5,5529,6.3,78.5,25,88.0,6.78000000000003,0
90.2,75.4,194,8.3,44.9,25,84.0,13.71,1
96.8,60.5,4140,7.5,87.6,25,77.4,13.8,0
99.2,65.7,7611,7.2,105.0,25,56.0,25.2,0
98.7,70.9,3847,5.8,88.0,41,79.5,14.8,0
91.6,67.8,0,5.2,74.9,75,94.0,13.48,1
96.0,71.8,5528,7.3,111.2,25,73.9,13.2,0
91.4,104.4,621,5.5,51.2,25,97.4,15.1,1
94.1,81.2,6719,6.1,58.1,25,79.1,0.9,0
97.9,73.0,4486,7.0,96.4,65,89.0,7.6,0
88.2,90.9,6784,6.3,24.9,25,91.0,8.43000000000001,1
96.5,54.0,6978,7.6,80.9,127,62.1,25.6,0
93.7,73.0,5411,7.3,56.7,25,83.2,13.1,0
97.7,84.8,10864,7.3,109.6,42,81.5,19.1,0
91.7,96.6,3404,5.2,73.9,32,92.4,6.8,1
90.0,93.8,3085,5.5,68.3,25,77.6,13.5,1
98.4,69.9,6672,7.7,93.9,25,91.7,12.6,0
95.4,66.1,7314,8.2,63.8,55,84.4,9.0,0
97.8,69.3,6353,8.0,84.2,25,75.1,17.4,0
97.3,64.5,6679,8.6,100.3,94,96.0,7.5,0
91.4,81.9,6367,6.5,62.4,25,68.0,13.58,1
98.9,67.5,7956,8.5,99.7,25,96.1,13.4,0
96.9,59.8,5656,7.2,83.3,41,77.9,9.1,0
96.8,64.7,3107,7.3,87.2,32,66.3,18.6,0
93.1,65.8,886,3.5,91.6,25,92.0,10.33,1
96.5,68.9,8937,5.8,76.7,25,68.8,13.3,0
92.0,82.9,6154,5.9,106.5,125,56.0,26.52,1
95.5,82.5,13365,7.2,83.8,40,77.2,15.5,0
97.8,80.0,6116,6.6,99.8,25,67.0,21.81,0
97.8,69.5,7786,5.0,114.1,25,88.0,12.7,0
96.6,64.2,7889,7.5,78.1,80,83.8,16.4,0
99.6,66.4,6704,7.0,108.0,56,75.7,13.2,0
96.0,76.8,9221,6.7,95.1,29,96.0,8.5,0
98.1,75.7,8042,7.1,90.3,25,97.6,12.7,0
93.4,82.8,5826,6.1,62.9,25,85.0,7.65000000000003,1
97.8,81.1,5974,6.0,84.6,25,78.0,16.81,0
98.6,70.9,7160,6.6,84.8,52,70.0,12.7,0
93.3,78.1,1058,7.4,87.3,25,91.0,13.45,1
98.1,80.8,8888,8.5,83.3,28,94.7,5.4,0
98.1,67.1,7760,7.1,93.5,25,83.8,16.9,0
90.9,98.9,3073,6.0,72.1,25,99.7,8.5,1
96.2,72.6,2478,5.1,79.9,67,100.0,14.3,0
97.8,76.5,10271,7.7,88.3,25,90.5,8.1,0
97.1,86.3,7932,7.0,120.0,25,83.5,20.4,0
100.0,66.9,6241,7.8,100.8,46,84.7,4.2,0
93.3,99.0,3849,5.5,89.6,25,94.1,11.4,1
95.9,70.7,7026,7.0,90.2,76,89.2,3.1,0
98.0,84.1,7068,7.8,113.4,38,67.8,21.6,0
99.3,88.0,4814,7.0,89.5,25,81.4,16.7,0
97.1,76.5,4721,7.7,81.3,25,85.6,13.9,0
93.2,99.1,4064,5.4,95.5,25,92.9,13.5,1
97.9,79.1,3772,7.3,110.7,25,81.1,12.0,0
91.8,98.5,3991,5.2,85.0,25,100.0,11.4,1
96.6,75.7,5365,7.6,86.7,50,91.2,17.6,0
96.1,75.1,12266,7.7,81.8,25,89.2,13.7,0
93.1,90.0,7560,6.2,74.8,149,83.6,10.0,0
94.1,63.4,6628,5.0,71.2,28,85.6,3.2,0
91.8,101.9,3816,6.4,65.8,45,80.9,12.3,1
91.8,98.5,2620,2.7,48.7,25,73.4,18.4,1
97.6,78.9,8878,7.0,78.9,27,92.9,9.6,0
96.9,72.4,5661,6.9,70.1,25,100.0,9.0,0
95.6,73.5,4617,5.8,78.8,25,70.0,18.0,0
95.7,87.2,4724,7.1,77.5,25,75.2,13.8,0
97.5,73.7,7308,6.2,89.1,37,71.7,22.1,0
95.7,81.8,7688,6.1,104.9,25,93.9,10.0,0
97.2,73.0,9463,6.8,120.0,25,78.7,5.9,0
97.8,80.7,5178,7.6,94.8,25,81.2,18.6,0
95.9,90.0,8026,7.6,80.3,28,91.7,9.2,0
97.7,78.2,5066,7.2,110.7,25,88.8,18.0,0
99.1,61.5,8792,6.2,91.1,25,94.0,11.0,0
99.5,80.9,5463,6.2,102.4,78,90.8,6.8,0
95.8,65.2,7296,7.8,105.3,189,89.7,17.9,0
99.0,86.5,9482,7.3,107.4,28,82.1,16.8,0
93.6,65.0,9321,6.6,60.2,25,91.1,16.1,0
93.3,78.8,2556,5.2,95.4,25,91.0,-0.789999999999964,1
98.5,74.0,967,8.2,88.9,75,80.0,14.4,0
92.1,79.5,422,6.8,96.2,25,82.0,16.36,1
98.9,74.9,6661,7.1,96.8,25,89.1,13.2,0
98.7,61.0,6877,6.9,109.9,63,38.1,26.4,0
98.6,69.4,4095,7.4,101.9,25,78.8,11.2,0
96.5,78.9,5172,8.1,80.4,44,89.3,17.2,0
94.7,68.2,6574,7.0,70.9,25,84.2,14.1,0
98.7,82.5,5100,7.4,85.3,32,79.3,11.6,0
98.7,69.9,8811,7.7,120.0,41,82.2,16.9,0
97.2,76.0,6843,6.7,80.8,25,100.0,6.4,0
97.5,77.8,8588,8.9,84.6,25,76.1,2.5,0
93.2,100.1,3997,5.2,109.6,54,81.0,3.8,1
95.4,78.1,7599,7.0,115.1,44,65.0,21.9,0
98.3,71.3,8764,6.4,107.4,64,76.7,9.7,0
94.6,62.7,8257,6.5,59.1,25,77.4,18.8,0
99.3,84.1,5843,6.6,89.7,25,87.0,9.77000000000004,0
95.7,68.4,7214,6.3,76.8,25,87.8,12.4,0
92.7,103.8,3009,6.3,60.3,76,92.3,13.7,1
96.3,68.8,9210,5.8,85.3,123,94.8,3.3,0
94.1,67.3,9264,8.0,86.8,25,82.7,16.5,0
94.0,68.2,8916,6.2,68.4,25,97.4,11.5,0
98.1,75.9,5472,6.4,96.6,25,84.0,15.05,0
95.5,68.7,7176,6.4,99.3,25,87.2,6.0,0
100.0,75.8,5952,8.2,92.8,34,100.0,11.3,0
96.2,83.0,5333,6.2,89.0,75,98.0,-1.14999999999998,0
91.6,106.7,2632,5.3,75.2,31,96.2,1.7,1
96.2,77.6,8446,6.4,82.1,47,70.4,16.3,0
94.7,52.9,4132,8.5,60.0,27,88.8,9.3,0
92.8,100.5,3655,3.7,89.2,36,92.2,4.6,1
93.3,78.4,1143,6.9,90.2,25,89.0,11.21,1
94.7,76.5,96,0.3,67.8,25,90.0,9.93000000000001,0
94.4,72.9,3882,6.4,87.9,150,76.3,8.1,0
95.5,79.2,7766,8.4,85.6,32,71.5,20.9,0
92.7,64.4,8705,7.0,57.6,87,74.4,22.2,0
95.7,69.2,5304,8.9,108.0,40,70.6,21.8,0
93.9,68.9,8450,5.6,72.0,33,90.0,4.8,0
96.3,69.6,7029,7.8,77.7,71,82.0,7.0,0
96.6,74.6,8910,7.0,87.8,37,85.5,14.4,0
94.2,72.5,5899,6.9,69.6,71,75.9,12.6,0
94.2,83.0,4672,7.2,67.6,25,96.1,11.1,0
98.7,78.4,8570,6.3,88.5,25,95.0,10.78,0
99.0,59.0,7936,5.7,120.0,25,74.0,7.8,0
92.5,66.7,8481,7.1,68.5,25,79.2,1.7,0
98.9,63.0,6409,6.5,97.0,35,81.1,15.2,0
94.4,85.0,5513,6.4,76.4,175,93.0,0.120000000000005,0
97.9,69.9,5715,7.5,97.7,25,75.7,16.5,0
96.3,59.6,7605,7.1,76.0,98,89.3,4.0,0
99.0,76.1,731,6.5,83.0,75,73.0,19.04,0
94.4,84.9,9378,5.6,65.3,78,45.8,28.8,0
97.2,91.0,1885,5.9,110.0,25,70.0,19.3,0
96.4,66.1,2062,6.7,93.0,25,79.7,20.1,0
97.3,67.7,5074,6.8,75.6,51,86.7,2.0,0
94.0,84.8,5950,5.7,74.1,25,80.0,18.13,0
98.8,79.0,9564,5.4,116.4,25,71.6,12.6,0
96.9,72.9,6622,6.5,113.6,25,80.8,16.2,0
95.1,76.6,7314,7.9,79.5,43,82.2,16.2,0
99.1,56.2,5663,7.4,120.0,38,72.6,7.2,0
95.7,77.8,5219,6.6,107.8,25,70.9,7.4,0
96.3,61.0,8037,7.1,91.0,58,93.8,15.3,0
94.5,62.6,8320,7.3,65.3,65,100.0,2.4,0
97.1,67.4,4194,7.3,81.9,25,85.2,6.2,0
93.1,102.9,3389,6.4,74.1,25,75.5,2.7,1
96.0,72.3,4476,8.3,71.6,25,94.4,10.4,1
98.8,75.9,7961,6.1,81.9,25,87.1,13.5,0
96.7,68.9,3173,5.5,114.0,42,90.5,16.7,0
99.0,66.1,8063,7.1,95.2,66,100.0,11.5,0
98.6,75.1,7712,8.3,90.5,25,97.5,14.7,0
91.8,83.9,5841,5.8,93.1,25,92.0,14.39,1
98.6,64.1,7054,6.4,96.8,25,79.2,9.6,0
97.3,67.8,4760,8.6,96.3,34,83.2,16.1,0
95.3,81.1,5745,6.2,92.2,25,85.0,17.74,0
89.6,83.0,6204,6.5,41.0,25,89.0,12.77,1
95.0,68.5,6769,9.8,90.8,27,85.3,12.1,0
96.9,73.8,7151,8.2,94.4,43,83.1,14.4,0
89.2,97.6,1477,4.6,56.6,25,87.5,1.1,1
99.6,90.0,7136,7.2,98.3,40,98.9,15.4,0
95.6,83.1,11825,7.0,79.1,56,88.8,10.5,0
94.0,72.6,3589,5.6,70.0,45,86.4,16.7,0
96.2,86.1,5403,5.3,99.8,75,94.0,7.66000000000003,0
98.3,78.2,7148,7.4,88.8,25,82.2,19.2,0
96.9,72.6,10178,8.5,83.3,25,65.1,15.3,0
96.9,88.0,1171,7.1,94.7,175,62.0,20.52,0
95.7,73.7,6702,7.6,81.0,25,91.9,13.6,0
98.7,64.5,3047,6.7,82.7,41,83.4,9.6,0
97.7,66.8,8997,7.5,107.3,25,81.6,11.9,0
97.4,62.8,3698,7.9,97.0,30,88.4,20.6,0
95.9,77.1,6284,8.1,95.4,25,92.1,10.8,0
91.6,103.4,3116,4.0,78.0,25,69.7,22.1,1
96.4,86.8,5702,6.5,93.1,200,94.0,15.8200000000001,0
93.5,90.0,5781,7.7,77.9,61,86.4,9.2,0
90.3,82.9,6060,6.4,51.9,75,71.0,18.5,1
95.8,69.4,4778,6.9,79.8,25,95.7,8.6,0
96.5,73.1,8867,7.3,81.1,28,97.8,17.5,0
92.1,80.1,5485,6.0,74.4,25,96.0,9.76000000000005,1
98.9,68.2,10930,6.3,87.7,30,68.3,16.4,0
90.1,99.1,2612,4.7,55.3,57,84.4,10.8,1
98.9,56.7,7229,8.4,94.3,25,87.6,14.3,0
89.1,86.6,22929,5.8,55.9,25,72.0,19.45,1
89.7,112.6,1748,2.8,44.9,25,76.6,13.3,1
96.8,58.7,2804,7.0,103.1,42,84.1,15.8,0
97.1,67.7,6259,8.3,81.4,31,90.3,17.2,0
98.2,65.3,8343,8.6,90.9,80,78.8,8.5,0
95.3,53.9,6914,6.1,74.1,25,98.7,-3.0,0
97.2,76.5,5852,7.8,116.1,36,89.4,19.4,0
96.5,71.5,2000,7.6,108.6,25,76.4,10.1,0
90.4,110.6,657,5.0,34.1,33,56.9,19.8,1
96.5,68.0,7235,6.0,86.5,63,78.2,10.6,0
97.5,71.7,8305,6.6,113.4,25,82.2,17.7,0
99.1,65.7,9689,6.4,106.0,25,73.8,11.4,0
95.9,89.9,4879,7.5,92.2,25,95.0,7.46000000000004,0
99.1,88.7,6021,7.5,96.7,33,93.6,3.1,0
93.5,64.9,7600,7.2,67.9,28,88.4,9.4,0
94.6,84.4,6791,9.2,61.6,25,61.4,21.9,0
93.7,85.3,6058,6.9,82.5,25,93.2,4.9,0
89.4,94.4,2151,5.0,52.5,43,90.2,1.6,1
98.0,66.3,4205,8.1,98.5,74,90.8,8.1,0
92.0,94.9,3419,4.6,85.9,25,100.0,11.5,1
92.5,108.5,2555,6.4,102.4,37,97.2,7.6,1
97.3,72.4,7660,7.3,120.0,25,69.8,22.8,0
94.2,73.7,5545,6.5,69.3,25,88.2,19.1,0
96.4,77.0,7325,8.9,88.0,47,72.6,19.3,0
96.3,76.1,8684,8.3,91.5,30,85.0,15.7,0
96.1,83.4,5887,6.4,118.9,25,70.0,21.41,0
97.7,61.3,6187,7.9,80.7,25,89.4,18.5,0
94.3,80.9,7055,8.2,67.5,44,82.8,16.6,0
95.6,72.0,6711,8.3,78.4,25,86.7,15.7,0
98.3,88.7,6644,7.9,95.7,36,70.9,17.5,0
92.1,66.1,7393,7.2,68.9,25,89.7,2.4,0
91.9,102.1,2569,6.9,92.6,25,90.2,15.0,1
99.9,64.1,7157,6.4,99.1,29,82.2,17.3,0
99.3,82.7,5810,7.6,97.2,32,80.0,18.7,0
96.3,69.9,4662,7.0,89.9,25,89.0,9.9,0
98.5,79.4,2964,8.1,84.2,25,79.7,20.4,0
93.1,80.8,9606,6.7,67.8,37,83.1,13.9,1
94.9,59.6,6530,7.7,77.8,25,86.1,16.2,0
99.2,64.1,8545,8.3,110.5,63,40.4,24.2,0
95.9,79.8,6542,8.6,86.3,36,75.1,23.6,0
90.6,86.6,5709,5.8,56.9,25,80.0,9.40000000000003,1
96.8,65.2,5809,7.8,111.6,25,68.9,21.0,0
89.3,97.2,2856,4.6,52.3,25,94.3,2.1,1
92.1,97.6,2350,4.8,97.6,25,89.1,12.9,1
89.6,94.7,2463,3.4,41.7,25,75.4,-0.9,1
98.3,62.3,7015,8.4,107.0,67,71.8,13.5,0
89.9,102.2,742,5.1,53.5,40,88.6,2.5,1
95.1,72.8,5531,6.7,80.7,78,79.3,11.8,0
96.0,75.0,7826,8.1,67.0,25,91.7,6.0,0
98.0,63.9,7698,8.3,88.9,39,87.3,15.7,0
98.7,57.9,8752,6.9,120.0,31,63.7,23.1,0
96.6,92.1,8276,5.8,84.0,25,90.0,8.63,0
96.3,71.4,8475,6.7,92.0,25,71.8,20.9,0
99.0,70.4,9302,8.0,104.5,28,84.5,13.1,0
96.2,75.2,6912,8.1,87.5,25,91.9,9.5,0
99.5,60.7,4216,6.8,93.4,25,97.1,13.3,0
93.0,73.9,4345,4.8,89.9,25,94.0,5.16000000000003,1
98.8,76.9,10883,6.9,94.2,30,98.0,12.2,0
96.6,70.1,11068,7.5,115.1,25,80.7,9.0,0
95.4,73.9,4612,7.5,89.7,25,67.0,22.7,0
94.4,83.3,6050,6.1,77.1,75,68.0,18.37,0
95.4,87.6,9230,6.1,57.4,49,89.3,8.7,0
95.6,62.5,7840,8.2,82.5,31,91.9,13.1,0
93.0,79.6,254,1.4,79.8,25,97.0,8.85000000000002,1
99.2,80.1,5438,5.0,106.2,25,76.7,7.8,0
96.2,80.9,4741,6.7,82.3,25,92.1,13.2,0
95.1,69.4,6131,7.6,94.7,177,72.2,26.1,0
95.7,66.8,7258,8.0,94.9,47,73.4,21.5,0
94.7,81.6,8670,5.9,72.0,49,65.9,24.1,0
92.8,73.1,8131,6.5,56.8,25,81.1,20.4,0
95.4,73.2,8074,6.7,79.5,25,78.5,18.5,0
95.6,68.6,10095,7.3,73.4,25,97.6,7.5,0
93.0,96.9,3417,6.1,91.5,38,88.5,9.8,1
95.8,67.1,7047,7.1,70.3,90,66.6,3.3,0
98.3,56.1,6516,6.6,108.7,41,66.8,10.9,0
93.0,80.0,6293,5.7,116.2,25,79.0,19.66,1
94.7,60.7,5374,6.7,71.0,30,77.2,1.4,0
93.0,62.4,5124,7.1,69.9,25,85.0,18.4,0
91.9,90.1,4308,5.7,96.9,37,65.8,19.0,1
95.4,86.4,4867,5.0,76.1,32,88.2,6.8,0
98.7,63.9,4841,7.3,81.2,25,80.0,16.2,0
98.7,84.1,6834,5.0,120.0,25,70.0,15.4,0
96.7,90.0,7876,8.3,94.4,25,84.1,10.7,0
97.1,80.3,8175,5.8,111.6,32,82.3,11.5,0
97.1,75.5,7194,8.5,98.9,63,72.1,20.6,0
93.8,85.9,16269,5.6,65.0,25,63.0,22.6,1
89.8,94.6,1803,3.3,50.8,68,93.4,14.5,1
98.9,80.8,10093,7.1,91.3,67,100.0,10.1,0
99.0,85.8,8502,8.2,95.4,57,68.6,9.9,0
90.5,105.0,2487,7.0,54.2,40,87.4,10.0,1
100.0,72.4,6005,6.6,111.7,41,61.0,24.0,0
96.8,79.1,5725,5.8,93.1,25,87.0,17.12,0
97.4,80.4,6364,7.9,74.1,60,81.2,12.2,0
98.1,82.5,12974,6.9,84.9,25,84.0,13.7,0
98.4,82.4,5909,6.5,111.9,25,55.0,15.92,0
93.7,83.7,4224,6.9,61.2,75,81.0,7.58000000000004,0
95.1,75.8,6437,6.7,80.1,33,85.9,0.9,0
97.9,78.1,9032,5.7,114.8,25,91.0,9.5,0
99.3,84.5,4307,9.1,112.3,33,88.1,12.4,0
92.6,81.7,5958,6.1,118.6,25,60.0,22.84,1
89.5,115.4,2518,5.7,51.3,37,79.2,12.6,1
95.3,65.5,5869,8.0,61.4,32,91.1,9.5,0
95.8,79.2,5527,5.0,69.5,29,80.7,4.4,0
91.4,107.2,2742,5.5,60.4,25,81.0,6.5,1
90.2,118.8,1171,3.2,33.8,27,84.0,15.3,1
97.8,66.7,6533,7.6,101.5,25,87.5,0.5,0
97.3,78.9,6765,8.5,120.0,56,83.6,21.5,0
93.2,73.9,6098,7.0,66.3,52,90.3,2.0,0
94.3,85.3,5904,6.0,74.5,25,89.0,7.90000000000003,0
97.1,64.0,9772,7.6,113.7,25,79.4,13.9,0
91.8,70.9,16,4.2,90.9,25,93.0,9.27000000000004,1
96.1,51.3,7564,7.6,78.3,186,81.6,7.1,0
96.6,81.9,7896,7.4,87.6,38,90.4,8.4,0
93.8,74.6,9802,7.3,72.5,29,97.8,-2.7,0
99.6,74.0,7419,6.4,103.2,77,43.0,23.6,0
92.5,63.8,5277,7.5,66.8,68,67.5,1.8,0
90.0,108.0,2762,5.9,47.6,25,87.9,15.9,1
98.4,62.2,2000,6.2,87.5,25,89.0,14.7,0
95.4,64.6,9833,6.9,74.1,25,84.3,13.2,0
92.2,67.8,41,4.6,92.4,25,89.0,9.69,1
99.6,79.7,6958,5.6,114.2,25,97.3,16.9,0
96.9,72.7,7668,7.0,84.9,67,86.7,7.0,0
94.1,50.9,8115,7.8,71.9,25,93.8,8.0,0
94.3,93.9,7782,0.4,57.9,75,93.0,18.01,1
93.0,78.3,5068,5.4,56.4,26,82.0,7.6,1
98.1,63.4,8233,5.6,120.0,40,69.7,23.3,0
96.6,73.4,6333,6.9,89.8,25,91.5,8.2,0
97.00425540971194,68.4,83,5.7,51.1,25,93.0,8.92000000000002,1
98.5,86.2,6171,5.7,85.5,25,83.0,6.78000000000003,0
98.4,73.5,6052,7.7,90.0,32,100.0,8.8,0
95.9,67.6,6995,6.3,74.0,25,99.4,9.8,0
91.7,78.4,405,7.2,84.0,25,96.0,12.49,1
95.5,86.7,8522,9.0,84.0,85,87.1,14.4,0
98.5,69.5,10630,7.1,90.3,63,85.1,14.4,0
96.6,61.5,3162,7.2,80.9,40,100.0,0.1,0
99.1,66.6,9752,5.9,111.9,25,94.5,11.1,0
96.5,74.8,3420,7.4,120.0,25,85.5,2.5,0
97.5,58.0,6702,8.8,109.5,29,91.1,12.7,0
96.4,90.0,12000,7.3,81.7,25,63.1,14.7,0
100.0,77.6,7516,6.9,86.8,25,92.8,7.0,0
99.2,88.8,5556,6.2,92.6,25,84.0,15.79,0
97.2,72.0,3470,8.9,100.9,33,74.5,24.9,0
97.8,77.6,6534,7.9,93.6,25,78.4,12.4,0
93.0,86.2,12092,6.4,65.0,25,85.0,14.52,0
95.5,68.1,7295,6.6,89.3,32,71.3,23.1,0
92.6,82.6,5198,6.2,70.3,25,90.0,16.0700000000001,1
95.4,75.2,8462,7.0,88.3,25,88.6,16.0,0
98.4,84.6,7824,6.8,107.7,39,51.3,11.6,0
98.6,81.2,5887,6.7,93.1,25,93.0,8.28000000000003,0
93.6,80.7,7724,6.9,64.7,25,89.4,11.2,0
92.2,72.4,7992,7.5,68.9,32,74.2,10.8,0
89.3,109.3,1279,5.7,56.0,25,82.5,22.2,1
99.1,53.3,4356,6.6,93.1,34,83.0,15.5,0
98.5,80.5,5063,6.5,78.7,25,90.4,14.3,0
99.0,70.7,5656,7.3,80.8,84,74.2,19.5,0
97.6,54.1,4517,8.2,96.5,36,68.2,14.8,0
96.1,66.0,4427,6.4,104.0,25,100.0,6.8,0
97.4,77.1,6026,8.7,86.7,33,85.2,13.9,0
99.3,83.5,5699,6.2,83.1,75,70.0,-1.96999999999997,0
97.0,77.5,6234,6.3,80.5,25,70.0,6.60000000000002,0
97.1,89.9,4220,6.1,94.3,25,81.9,17.0,0
98.8,78.2,5907,6.7,116.0,34,76.7,8.2,0
98.6,70.7,4638,8.4,85.8,35,80.3,18.3,0
96.1,61.5,5741,7.2,88.6,25,96.4,15.0,0
96.3,73.9,6274,5.6,60.2,25,94.7,0.9,0
96.5,59.8,5509,7.4,83.5,27,97.3,17.2,0
90.6,115.6,960,4.8,38.8,78,88.7,14.8,1
99.3,69.6,4589,8.6,81.2,50,69.5,18.7,0
98.0,79.4,7685,6.6,99.0,71,87.8,6.0,0
98.0,67.1,7533,6.2,103.2,39,93.3,7.1,0
95.62365876543808,89.4,5816,5.6,50.5,25,99.0,15.3200000000001,1
97.2,77.2,7536,6.0,115.2,25,85.6,17.2,0
91.9,85.9,5681,6.0,115.1,25,82.0,17.8200000000001,1
99.6,69.5,5306,7.0,102.0,25,84.8,11.0,0
92.9,102.8,3814,4.1,89.4,27,99.7,1.7,1
92.4,91.2,3237,6.3,83.1,61,76.2,2.1,1
96.5,68.5,5828,5.1,101.8,25,64.0,21.0,0
91.3,106.7,2568,4.9,53.6,75,62.2,1.6,1
96.6,73.6,8123,5.4,92.0,40,91.0,14.7,0
95.14089790032517,98.3,2416,5.3,49.0,47,78.7,14.4,1
98.1,74.4,4403,7.9,91.7,25,85.9,12.5,0
95.9,85.1,5766,5.6,116.4,75,62.0,23.49,0
98.9,54.0,6340,9.3,119.7,81,72.2,11.4,0
97.4,68.9,4349,9.3,95.4,37,69.2,19.1,0
95.6,73.9,3478,7.6,100.3,25,81.2,5.2,0
90.7,93.1,4364,5.0,57.6,25,81.0,11.72,1
89.0,108.0,2071,5.7,58.5,25,92.3,8.7,1
97.84535992088647,98.6,2343,7.0,56.2,25,89.7,10.0,1
98.3,66.6,4089,6.8,97.3,84,96.3,17.1,0
96.5,90.0,7744,7.5,81.5,69,99.7,5.0,0
99.0,71.2,5892,7.7,115.7,25,77.5,12.5,0
99.4,67.7,5425,7.1,78.6,109,84.8,13.1,0
89.5,87.9,6110,6.5,53.2,25,89.0,16.58,1
93.2,80.5,551,6.6,88.0,25,96.0,7.34000000000003,1
98.6,57.9,6766,7.4,119.4,25,76.2,17.4,0
92.2,82.7,9407,8.9,60.7,34,92.8,13.0,0
99.3,82.3,4841,6.4,88.0,68,89.3,0.3,0
93.1,50.0,6905,7.0,61.1,28,93.7,13.7,0
96.7,87.6,11946,6.6,87.5,25,90.0,14.17,0
96.6,72.4,7317,7.6,110.8,25,79.7,18.2,0
93.9,64.2,7079,7.4,66.7,28,92.4,16.6,0
94.9,79.3,7925,7.3,62.9,25,70.6,3.3,0
94.6,51.2,7968,7.2,67.7,28,79.9,18.8,0
97.8,81.0,6525,6.4,89.7,25,64.0,13.71,0
92.7,106.8,2606,5.9,84.4,25,72.8,18.6,1
92.2,91.4,3771,5.5,48.9,72,47.9,27.4,1
95.0,62.8,6519,6.5,86.2,25,88.2,14.8,0
95.4,66.5,7618,7.4,65.9,25,83.9,10.5,0
97.7,79.7,5849,6.7,109.6,25,89.0,11.81,0
91.1,86.2,13464,6.5,47.8,25,79.0,19.79,1
96.8,79.2,8722,7.6,88.7,25,89.4,13.0,0
98.4,84.5,7352,7.2,97.6,30,79.8,17.3,0
94.1,81.6,5680,6.2,73.9,25,90.0,3.79000000000002,0
92.3,83.7,4810,6.0,103.0,25,91.0,10.56,1
98.0,76.4,3769,5.5,114.1,40,76.3,19.8,0
96.5,78.7,9905,6.6,73.7,42,89.4,9.7,0
93.3,66.6,68,5.5,92.4,75,76.0,10.24,1
98.8,69.0,5683,7.0,100.4,31,69.6,18.9,0
97.7,81.6,5400,6.4,118.7,25,92.0,-1.89999999999998,0
95.9,67.9,9716,7.6,83.6,25,77.8,12.8,0
95.9,70.0,4598,6.5,87.4,30,72.4,20.4,0
96.6,64.4,4025,6.6,120.0,25,76.8,1.4,0
95.8,62.4,4242,6.1,79.8,45,79.0,5.3,0
89.2,93.7,6799,6.0,45.3,25,66.0,19.34,1
97.7,68.5,7136,6.9,93.2,25,76.6,19.5,0
89.8,107.1,2311,3.8,43.8,26,78.2,17.8,1
95.2,57.3,8145,7.5,70.6,25,92.3,12.8,0
98.5,77.8,3636,6.3,108.8,25,88.6,6.7,0
98.1,90.0,10229,7.6,74.1,36,51.5,-0.5,0
91.5,79.1,6019,6.6,83.0,25,91.0,17.77,1
99.5,61.0,7243,7.7,95.3,33,44.1,25.3,0
96.8,74.3,11003,7.0,100.3,47,63.9,20.9,0
92.9,75.9,7700,7.1,69.4,30,98.3,18.7,0
90.8,102.9,2032,5.7,55.9,196,80.6,23.8,1
96.8,57.0,9412,6.8,106.9,65,76.6,7.9,0
97.3,74.1,5358,5.6,120.0,25,76.4,18.9,0
98.6,78.6,6009,8.2,74.6,25,86.9,11.6,0
92.4,80.8,5128,6.5,102.8,25,89.0,2.71000000000004,1
97.3,87.9,8871,7.1,95.5,25,69.0,24.17,0
96.8,78.0,5962,6.7,107.2,44,88.8,15.5,0
94.2,66.7,7553,6.8,82.9,26,94.9,-0.3,0
95.7,89.6,4944,6.5,108.8,25,88.0,12.92,0
99.2,62.8,8096,6.8,86.8,26,92.0,18.2,0
96.0,69.4,2280,6.4,79.6,119,98.5,7.9,0
97.1,70.4,5812,6.9,88.2,25,85.2,15.7,0
97.6,70.7,4818,6.1,97.4,27,94.0,10.1,0
97.0,74.0,10202,8.3,92.0,25,84.7,7.6,0
94.9,62.9,5441,6.9,68.9,41,92.9,16.1,0
91.3,94.3,2590,5.2,102.0,45,76.3,15.4,1
96.0,70.4,9092,6.4,88.2,27,92.5,8.3,0
99.3,77.3,3327,7.5,107.0,25,79.9,20.9,0
94.6,73.4,4562,7.7,88.7,70,86.7,10.2,0
98.7,59.6,6676,6.9,90.2,25,91.4,9.4,0
92.4,97.9,2806,4.9,48.2,71,52.3,29.1,1
94.1,83.3,6792,6.6,68.9,25,85.2,18.8,0
96.7,82.8,5053,6.8,80.8,27,79.1,15.5,0
97.8,71.8,6638,7.1,80.4,63,80.3,19.2,0
91.7,97.4,3461,5.1,79.7,25,63.0,21.4,1
98.6,69.2,5201,8.3,97.1,26,77.6,11.8,0
98.1,64.3,7477,7.3,92.4,25,72.0,18.1,0
94.0,50.0,6952,7.7,67.6,73,81.6,6.1,0
90.2,99.1,2715,4.6,60.8,88,90.1,11.3,1
93.1,90.0,9069,8.5,64.4,65,94.6,4.4,0
97.9,66.3,8177,6.3,91.2,50,92.0,15.1,0
96.7,70.2,8962,7.1,87.7,119,92.0,14.8,0
97.0,55.7,5212,6.6,114.0,87,84.3,15.3,0
96.3,75.6,9478,7.4,102.6,27,77.6,20.5,0
98.8,65.8,5492,7.7,92.3,31,94.1,15.1,0
92.7,88.7,2983,7.0,84.0,25,91.4,14.1,1
97.0,72.9,4946,5.9,85.3,25,92.3,-0.5,0
96.3,77.2,6010,7.3,88.3,25,96.8,5.1,0
98.8,58.7,9439,6.8,97.2,52,100.0,10.6,0
93.3,98.1,2463,4.9,65.6,30,76.8,15.7,0
98.7,80.9,7596,7.7,92.1,32,73.3,11.7,0
99.1,77.5,7421,7.7,111.7,25,71.8,15.1,0
92.9,94.2,3228,6.6,104.6,25,85.6,6.2,1
96.1,75.7,3196,5.5,99.8,88,82.4,4.4,0
96.2,73.3,4451,7.4,94.0,178,94.8,1.2,0
99.1,73.2,7701,8.2,99.3,25,88.7,16.8,0
97.6,61.9,6795,6.3,115.4,30,75.6,21.5,0
92.9,75.3,3762,7.3,77.8,32,82.0,15.2,0
98.8,73.9,5293,8.7,120.0,25,74.6,13.9,0
95.8,74.3,3950,7.9,109.9,36,73.4,9.7,0
92.2,70.0,7243,7.9,65.9,56,86.0,13.0,0
94.4,83.1,9296,7.2,68.9,88,96.8,2.6,0
98.6,64.6,5499,6.6,93.3,68,94.8,12.9,0
97.1,72.5,9684,6.2,93.1,35,71.4,15.4,0
94.6,78.8,3294,7.8,88.1,146,85.5,11.2,0
98.2,50.0,3632,8.1,96.0,27,67.2,19.1,0
93.7,68.7,5851,6.4,76.0,25,65.0,20.9,0
98.1,71.2,6031,7.9,97.2,61,80.0,20.0,0
95.1,83.6,4678,7.5,52.6,25,86.6,6.9,1
94.8,61.7,7521,6.0,95.9,34,90.4,14.6,0
94.3,64.1,5097,6.8,63.3,34,83.9,18.9,0
99.9,67.5,6080,5.6,100.0,28,85.9,15.3,0
98.9,67.7,9040,5.8,96.1,66,82.8,1.4,0
93.0,71.7,3202,7.8,58.6,25,87.5,13.5,1
97.4,79.1,6043,6.2,99.5,75,97.0,6.98000000000002,0
98.4,78.0,6272,6.6,88.6,25,95.8,8.5,0
98.7,63.5,9346,9.0,84.2,57,80.7,12.8,0
97.4,74.2,4056,7.4,81.5,25,87.8,17.5,0
97.3,76.8,11211,7.8,113.0,27,77.7,12.1,0
90.3,90.8,3095,4.8,70.1,38,92.2,1.4,1
96.9,69.8,5543,7.4,95.7,25,94.8,10.1,0
93.7,82.7,6174,8.0,66.8,98,78.4,13.0,0
96.3,73.3,9376,7.6,72.9,80,76.2,10.2,0
92.1,96.1,3171,3.3,74.3,25,100.0,14.5,1
96.3,80.6,11527,6.7,87.2,25,85.5,16.7,0
98.6,65.9,4394,6.6,91.5,25,87.8,7.2,0
96.0,82.0,9761,8.5,99.9,179,100.0,16.7,0
96.2,81.8,8621,7.0,77.7,25,81.5,11.6,0
91.9,71.8,6016,5.9,115.1,125,46.0,29.85,1
95.3,69.2,7596,6.9,70.7,76,95.7,13.4,0
96.2,65.5,9338,5.1,85.4,25,85.3,10.5,0
98.9,50.0,8841,8.3,93.9,27,86.8,20.7,0
92.8,96.0,3584,5.5,68.9,28,99.1,11.0,1
95.9,76.4,11476,6.1,68.0,25,78.6,18.3,1
97.6,85.7,2603,7.3,97.3,25,97.3,18.0,0
98.6,90.0,8312,7.5,87.6,25,91.1,11.5,0
93.7,67.0,8078,6.1,66.4,32,61.0,17.1,0
98.7,82.0,4430,8.0,92.8,25,88.3,16.9,0
97.3,70.7,9313,7.0,87.5,25,42.2,14.7,0
91.6,95.0,3268,5.2,61.0,76,89.3,13.4,1
96.1,68.5,6531,6.5,76.0,25,78.2,17.5,0
98.0,89.1,3327,7.6,78.5,25,84.3,9.1,0
95.6,73.1,3858,6.5,83.6,30,83.3,7.6,0
97.8,55.7,10522,5.7,111.7,25,85.1,10.3,0
97.3,64.1,8399,7.1,118.1,47,86.9,18.4,0
92.5,95.6,3351,3.9,93.0,46,83.8,7.6,1
99.4,75.6,5596,5.9,81.4,25,90.0,7.79000000000002,0
99.0,58.9,5069,7.6,93.3,29,93.0,9.6,0
99.9,83.7,11301,7.9,94.1,68,77.0,16.0,0
98.1,64.0,8557,7.6,90.2,25,84.2,11.8,0
93.8,65.1,7913,7.4,57.4,40,57.8,21.6,1
98.5,87.8,5322,6.0,103.4,75,93.0,-0.0600000000000023,0
97.4,74.5,2000,6.7,120.0,73,50.3,30.4,0
93.8,76.6,8987,7.3,83.3,58,100.0,6.9,0
90.8,98.1,3382,6.8,69.0,28,91.9,2.7,1
95.5,85.8,6540,6.2,88.0,25,76.0,20.2,0
98.2,72.0,4573,6.8,89.2,48,82.6,18.1,0
97.8,82.3,9084,8.5,82.3,32,80.1,12.7,0
95.9,87.5,5772,5.8,77.5,25,97.0,16.37,0
98.9,73.7,9290,7.7,102.1,74,96.8,15.9,0
98.6,66.9,7784,6.5,73.6,25,85.6,3.3,0
97.8,66.8,5207,7.2,105.4,30,86.6,7.4,0
97.9,74.2,6598,7.6,84.7,25,75.8,17.5,0
98.3,74.3,9033,6.4,82.1,49,87.3,11.1,0
94.5,84.9,7098,7.6,43.7,25,80.4,21.7,1
99.2,79.5,8073,6.8,120.0,25,80.2,14.9,0
98.3,74.5,6378,8.2,76.3,70,92.0,12.3,0
97.2,72.0,7888,7.4,109.0,65,85.0,22.7,0
91.9,86.5,2137,6.5,64.3,25,93.9,14.5,1
98.8,70.1,7642,8.3,88.3,25,79.0,9.6,0
95.1,91.1,9407,4.6,78.2,75,89.0,12.43,0
94.8,62.2,6111,6.8,84.9,53,93.2,4.0,0
93.4,77.1,7367,5.9,60.2,25,89.6,15.2,0
91.0,103.0,1942,5.0,50.3,48,93.2,5.6,1
95.1,69.4,8050,7.8,74.2,26,94.9,9.6,0
95.0,83.4,6039,6.3,97.9,25,84.0,14.38,0
92.6,63.1,9395,7.2,61.4,67,85.2,9.2,0
99.0,70.8,4102,5.9,105.8,85,93.8,14.7,0
97.0,57.5,5189,5.0,96.2,25,93.0,14.3,0
98.3,72.4,5447,6.8,86.8,74,96.3,14.9,0
98.7,50.0,6092,7.7,86.0,25,96.0,11.0,0
91.0,88.9,5692,5.9,60.8,25,89.0,11.31,1
92.7,78.9,313,0.9,89.5,25,96.0,6.83000000000004,1
97.7,65.3,2890,7.7,78.5,25,90.3,15.0,0
98.2,63.6,6313,6.8,87.7,25,73.3,16.9,0
93.3,66.1,343,9.0,88.0,25,94.0,11.79,1
96.9,83.0,5643,6.7,103.1,75,77.0,19.48,0
97.0,76.2,8737,7.5,82.9,25,91.9,-1.0,0
92.0,98.8,3610,5.2,91.8,67,74.8,23.6,1
98.0,75.0,6435,6.3,42.3,25,89.0,17.24,1
96.8,60.8,7541,6.2,115.3,48,81.9,9.9,0
93.1,73.9,8835,8.3,70.5,25,92.4,6.2,0
98.1,81.2,6177,7.0,76.9,25,56.0,4.1,0
97.6,86.0,5768,6.6,112.6,25,67.0,25.28,0
98.1,84.5,8019,6.1,80.7,41,92.5,7.5,0
94.2,87.2,7427,8.1,73.3,25,90.1,3.6,0
95.9,83.3,8673,7.0,87.3,36,89.8,2.8,0
95.7,73.8,8102,7.5,96.5,25,55.6,20.2,0
91.2,104.3,3007,5.2,49.7,25,89.4,13.8,1
92.8,88.4,2816,5.2,99.2,25,94.7,6.0,1
96.30837958740595,106.9,1049,5.9,54.6,97,80.4,19.1,1
99.1,76.8,5437,7.1,86.1,27,73.7,5.6,0
96.9,87.1,5867,6.4,79.2,175,94.0,1.96000000000004,0
97.7,78.8,6285,6.9,93.4,135,60.8,26.7,0
93.3,90.2,1971,4.0,112.0,25,89.9,-1.1,1
92.5,90.0,8317,7.4,62.9,56,78.4,17.5,0
99.1,70.5,10120,6.2,91.5,33,95.6,12.3,0
96.6,74.6,3472,6.1,79.3,27,89.6,11.2,0
92.6,74.1,1353,7.8,79.1,75,80.0,10.54,1
92.0,80.1,4393,6.1,61.5,25,76.8,0.1,1
99.2,78.4,3529,7.5,93.8,54,91.7,7.7,0
94.7,64.2,9087,7.8,59.1,32,70.5,21.6,1
92.3,83.1,5741,6.8,83.3,75,88.0,20.28,1
97.4,74.0,10627,8.2,111.5,25,92.7,12.2,0
98.9,83.4,7116,7.3,101.8,25,85.0,20.2,0
94.5,79.0,7032,7.8,54.5,25,76.1,10.9,1
96.3,79.7,5713,6.5,111.9,28,57.3,14.2,0
96.2,67.2,4144,7.0,90.6,25,83.2,7.6,0
95.6,75.5,5285,7.6,112.9,29,89.8,12.9,0
93.9,81.6,4682,5.0,68.3,35,73.0,9.9,0
92.7,86.2,8522,7.2,70.1,25,87.5,16.3,0
98.7,76.7,6487,7.2,95.2,43,85.6,11.8,0
96.6,77.3,7384,7.1,89.4,31,91.4,11.9,0
97.6,68.8,5135,7.9,95.9,42,92.7,16.0,0
89.7,82.2,4848,7.1,51.5,25,92.0,7.22000000000003,1
98.1,69.6,4171,6.6,93.9,65,78.2,13.8,0
96.0,65.8,7927,7.6,92.7,26,97.3,5.0,0
95.7,81.1,6576,7.5,74.2,36,90.0,11.8,0
96.6249026439826,104.0,2030,3.2,56.9,174,87.7,22.5,1
99.7,79.7,7279,7.1,103.7,50,89.0,16.2,0
96.9,67.6,6416,6.6,75.7,25,83.2,9.8,0
98.2,88.8,6000,5.7,114.6,25,71.0,15.12,0
95.7,50.6,8005,7.4,82.2,25,82.4,3.9,0
96.2,82.5,8337,7.3,93.3,69,92.7,10.0,0
94.6,70.9,10355,7.5,64.9,25,80.6,17.3,0
98.8,84.1,4361,7.1,91.4,25,88.2,14.3,0
91.6,89.6,2399,4.0,77.4,25,98.4,9.3,1
92.6,67.4,7430,6.4,63.6,74,80.8,2.6,0
99.1,74.5,9431,7.5,85.0,40,85.6,13.1,0
98.4,75.9,8421,9.7,81.1,76,95.2,11.1,0
99.6,85.7,5418,7.6,100.9,25,91.6,13.1,0
94.3,68.0,6413,6.3,72.0,25,87.0,7.2,0
93.1,71.3,7202,8.0,63.8,46,96.1,17.6,0
91.3,80.9,5263,6.2,104.9,25,87.0,12.06,1
92.9,87.6,3725,5.6,67.5,25,98.7,16.3,1
94.6,77.2,6540,7.1,61.9,41,85.5,9.3,0
98.1,62.9,2280,5.1,112.0,29,81.3,18.8,0
98.0,64.5,12894,6.2,82.3,25,90.0,10.0,0
98.0,75.0,2854,4.9,47.3,34,73.9,6.8,1
92.1,92.1,3098,6.6,96.6,26,43.0,27.3,1
97.6,89.3,11653,7.8,85.5,25,81.0,16.7,0
92.7,88.2,3568,4.9,87.9,25,71.3,7.5,1
97.0,87.5,8239,7.0,105.2,30,93.0,0.3,0
97.14791668654219,107.2,2394,4.4,47.3,32,80.4,14.4,1
96.6,85.4,5509,6.6,78.0,25,67.6,15.2,0
97.5,73.0,7489,6.7,117.6,25,60.8,25.4,0
97.9,78.5,4088,7.7,89.6,25,87.0,11.4,0
90.3,83.4,13892,5.6,59.1,25,76.0,19.21,1
93.1,95.8,2150,5.4,63.9,25,67.2,18.0,1
93.0,92.8,3504,5.8,63.2,26,86.7,9.1,1
93.2,92.2,4321,5.0,73.3,38,81.2,18.3,1
95.3,87.0,5749,6.2,71.9,75,94.0,11.54,0
98.9,70.8,5677,8.9,86.8,25,70.2,16.8,0
96.3,76.0,7214,6.4,84.1,25,85.9,11.7,0
96.1,81.8,6945,6.9,81.4,25,79.6,16.0,0
98.1,57.2,3657,6.0,80.2,44,82.0,13.9,0
97.7,86.7,11747,7.3,85.5,25,75.0,17.98,0
95.46845779209858,84.6,18396,6.2,42.1,25,70.0,3.31,1
94.3,67.1,4937,6.0,74.9,25,78.2,18.1,0
100.0,52.9,8615,8.8,111.0,35,61.4,25.3,0
94.0,78.8,5733,6.2,76.7,25,84.0,16.68,0
95.4,64.1,9513,5.9,120.0,39,84.9,4.4,0
97.6,67.5,11093,8.0,110.8,25,64.2,26.3,0
94.6,72.1,6434,6.2,50.6,26,79.3,9.0,1
95.1,76.2,9340,7.8,91.1,181,72.6,20.2,0
96.7,79.2,5541,6.5,106.6,25,88.0,17.34,0
98.8,50.0,9239,7.5,82.8,48,84.8,17.0,0
94.3,64.7,11027,7.9,79.1,70,67.6,22.0,0
96.4,83.1,5875,6.6,86.1,75,85.0,8.69,0
90.5,102.2,2188,2.8,54.0,25,89.4,7.7,1
97.7,67.3,5529,6.8,86.7,102,64.6,24.3,0
96.2,66.8,2760,7.4,89.8,25,88.8,10.4,0
98.0,74.5,4522,8.6,80.9,35,87.5,12.9,0
99.9,72.9,5733,5.9,92.9,84,74.8,15.7,0
99.0,69.6,8283,6.0,79.6,37,93.2,16.5,0
96.3,57.2,7527,7.5,84.1,25,98.3,10.7,0
90.7,106.6,2402,5.0,47.8,31,60.1,22.0,1
99.2,89.5,9804,8.7,93.3,25,88.2,9.4,0
89.1,90.5,13909,6.2,53.9,75,87.0,12.46,1
92.8,104.2,2363,6.1,81.6,25,96.4,7.4,1
96.8,82.4,4570,6.9,96.3,90,46.5,27.0,0
94.4,65.9,4217,9.5,79.7,75,77.0,13.6,0
97.6,63.9,8514,6.7,82.5,31,81.5,2.7,0
98.9,75.2,3709,7.3,117.1,25,74.3,16.6,0
94.0,72.3,6488,7.0,80.7,39,75.1,14.9,0
97.6,82.7,7516,7.0,88.0,25,82.7,0.1,0
97.4,62.7,6108,6.0,120.0,33,73.0,20.6,0
95.3,58.9,5620,6.5,76.1,25,87.7,7.0,0
97.0,79.2,2000,5.2,94.2,189,57.2,17.9,0
98.1,63.6,10900,6.1,103.3,31,60.5,20.8,0
98.8,76.4,6891,6.9,97.9,35,87.6,7.6,0
96.9,71.3,4842,8.1,83.8,48,71.8,16.9,0
93.9,74.0,11283,7.1,71.3,38,86.7,12.3,0
90.4,91.8,5340,6.5,54.6,25,87.0,14.17,1
96.2,74.6,7536,6.0,88.1,25,80.2,6.2,0
98.0,75.0,2408,4.7,50.3,25,84.3,9.3,1
91.7,76.9,2350,7.4,85.8,25,82.0,9.90000000000003,1
96.8,64.6,7000,7.1,87.8,56,94.2,7.8,0
96.3,86.0,5606,8.2,84.3,45,92.6,12.6,0
98.5,80.3,6237,6.4,91.4,75,95.0,16.87,0
95.7,78.5,2000,7.1,74.8,25,97.5,8.0,0
95.7,76.3,6736,6.9,60.5,26,78.3,16.1,0
94.0,80.2,7084,7.6,55.5,25,95.1,19.3,1
93.2,82.8,12124,7.9,68.2,42,86.5,19.2,0
95.9,74.3,2165,6.0,69.8,25,84.0,4.2,0
99.4,68.4,6411,6.1,81.4,25,78.4,15.1,0
93.6,55.6,4177,7.5,77.9,27,80.5,10.8,0
95.4,59.6,7716,5.6,111.4,25,70.3,18.4,0
97.4,83.7,6367,6.3,91.4,25,80.0,18.16,0
99.2,55.8,6946,7.4,95.2,25,73.6,6.7,0
95.4,60.6,6214,7.4,95.3,25,65.0,20.4,0
98.2,73.3,7193,7.2,88.8,85,93.0,19.5,0
96.4,50.0,6549,7.3,95.9,40,90.9,12.5,0
98.9,65.3,4999,7.2,93.9,55,66.1,11.2,0
92.1,100.8,1949,5.6,85.9,25,93.0,7.0,1
93.4,96.2,3079,5.3,106.8,25,93.9,12.4,1
95.9,75.1,7719,7.0,67.8,119,99.5,5.2,0
97.6,73.1,9518,6.9,93.9,59,69.9,5.9,0
96.3,67.7,5256,8.3,94.0,31,88.6,13.6,0
93.6,70.8,7307,7.2,72.5,25,81.7,17.7,0
100.0,71.3,6357,6.2,91.1,78,80.4,15.9,0
94.4,84.2,4516,7.7,65.8,48,91.2,11.1,0
96.9,64.6,4437,8.4,92.0,29,89.2,5.6,0
99.6,65.6,8728,8.0,89.5,44,100.0,4.8,0
91.7,78.6,1958,6.6,90.2,25,92.0,6.43000000000001,1
91.8,97.8,2640,5.8,101.4,70,74.2,0.4,1
96.8,70.0,4823,7.8,94.0,27,84.1,11.6,0
99.4,81.1,5844,6.0,104.4,25,79.0,18.6,0
99.8,70.6,2000,7.4,88.2,70,74.8,16.3,0
99.6,68.7,8376,6.5,93.6,35,96.2,13.8,0
94.6,70.8,7286,6.8,76.9,31,83.8,5.4,0
97.5,70.9,5841,8.9,92.3,25,89.7,13.2,0
97.8,63.6,6937,6.8,101.4,39,88.7,17.6,0
98.0,65.5,6110,5.9,104.1,25,69.0,18.4,0
98.0,81.2,5860,6.2,83.0,25,75.0,7.35000000000002,0
89.9,108.6,2393,4.7,56.5,25,86.4,7.8,1
89.7,108.9,2149,5.5,51.1,38,96.8,12.1,1
96.2,88.6,8405,9.2,88.3,25,57.0,13.22,0
91.3,107.6,2871,4.6,43.1,50,86.3,0.5,1
99.4,71.2,5829,6.7,76.6,40,92.5,7.3,0
95.0,76.6,6120,6.5,92.6,25,79.7,16.1,0
97.5,65.1,8435,6.3,115.2,76,82.9,20.2,0
98.8,68.2,10441,8.1,95.8,29,83.4,12.4,0
96.5,84.8,6600,7.1,119.1,25,90.1,11.1,0
97.0,90.0,2387,6.3,101.1,129,64.8,24.3,0
96.0,70.0,2980,8.5,85.7,105,91.2,-3.0,0
98.0,75.0,13899,4.8,56.9,25,76.0,20.7,1
90.5,86.6,5808,6.7,57.7,25,85.0,17.63,1
99.2,79.4,7755,6.8,104.8,25,75.8,9.6,0
95.9,86.7,2000,8.4,81.9,54,91.7,2.5,0
91.2,89.7,6242,6.0,43.9,25,96.0,13.27,1
91.2,117.1,1448,4.8,58.6,86,67.8,7.6,1
91.1,82.6,5880,6.0,64.3,25,91.0,13.76,1
97.8,81.1,9335,7.2,89.9,32,96.2,12.5,0
95.0,79.5,5874,8.5,83.1,41,72.5,20.3,0
92.1,93.2,3165,4.4,82.5,25,98.1,11.2,1
96.8,72.4,8327,8.6,97.6,62,74.7,15.2,0
98.7,72.3,6023,7.4,86.1,25,84.5,0.6,0
91.7,71.4,780,7.8,64.2,25,92.0,10.81,1
96.6,80.6,7624,6.9,89.7,47,91.5,11.0,0
89.4,101.8,2728,7.0,52.0,25,66.9,20.8,1
93.1,80.5,1047,7.2,88.0,25,96.0,15.26,1
92.3,99.0,2570,6.1,87.0,25,91.4,13.6,1
98.9,82.9,8513,7.9,92.2,124,52.6,29.2,0
93.3,78.9,1290,7.1,74.0,25,75.0,3.28000000000003,1
93.2,92.2,3326,6.3,88.9,48,87.4,13.3,1
96.5,54.7,6588,7.8,67.4,25,91.9,10.2,0
96.3,67.4,5215,7.7,89.8,35,70.1,22.1,0
97.4,86.4,5314,6.5,112.6,25,94.0,18.83,0
98.1,53.7,4121,8.0,89.3,91,97.8,10.4,0
97.4,85.7,5644,6.4,106.0,41,69.7,25.7,0
98.3,79.4,6734,6.4,117.5,74,36.5,26.6,0
98.2,60.1,8111,7.6,120.0,25,80.9,5.6,0
98.9,79.9,5704,6.6,119.3,25,72.0,16.52,0
97.3,75.0,6480,5.2,90.1,44,87.1,20.5,0
95.8,68.3,11828,7.1,100.4,32,96.9,7.3,0
92.9,93.1,3914,6.1,85.8,25,97.3,3.1,1
95.4,62.5,8354,8.5,83.8,80,84.9,12.6,0
99.4,75.4,4789,7.3,112.5,46,77.7,13.9,0
96.20228918262598,93.1,20417,7.8,44.2,25,79.0,8.0,1
93.4,78.4,11059,6.9,62.0,51,84.9,2.9,0
92.7,88.9,2616,4.9,67.5,66,90.6,11.1,1
93.7,59.8,2876,8.8,61.4,67,77.1,11.2,0
91.2,85.2,4930,5.7,49.8,25,80.0,15.63,1
96.5,80.5,0,1.7,120.0,25,95.0,14.46,0
99.3,79.3,9499,5.7,80.7,54,88.2,5.6,0
97.4,55.7,10234,7.0,86.5,25,79.8,19.5,0
91.7,100.3,3216,7.0,82.3,25,91.8,8.1,1
96.0,80.5,7100,7.7,101.9,25,75.0,18.7,0
97.6,64.1,9735,8.2,96.9,37,85.7,9.9,0
95.9,70.7,10049,6.7,85.6,79,78.0,18.7,0
99.8,65.7,6567,8.0,93.2,27,88.4,13.3,0
95.8,69.4,7231,7.4,91.4,78,90.6,14.9,0
95.6,70.5,8052,7.1,118.9,25,80.4,2.1,0
99.0,76.0,7234,7.0,95.7,25,97.3,12.1,0
93.6,71.6,7929,7.6,58.7,60,86.6,-0.2,1
99.8,86.2,5388,6.7,109.1,25,47.0,24.1,0
98.9,55.7,7746,7.3,84.6,29,90.2,9.8,0
99.2,90.0,6308,7.5,80.1,77,75.7,17.5,0
92.3,85.9,1661,7.0,65.0,25,72.0,13.06,0
95.5,84.2,11377,6.6,78.3,25,77.3,15.1,0
97.8,77.5,5482,6.7,91.1,25,81.0,12.21,0
100.0,66.5,7230,8.2,112.4,70,50.2,29.6,0
99.4,71.8,8256,7.1,107.9,27,74.7,14.4,0
95.5,65.6,6151,5.8,112.0,25,73.8,12.9,0
98.2,69.4,6006,8.0,82.1,188,91.1,0.7,0
96.2,66.1,3939,7.9,91.1,25,80.7,13.8,0
95.4,73.9,7504,6.9,85.0,25,73.0,16.9,0
96.6,74.9,7042,7.2,82.1,25,73.5,8.6,0
94.1,86.7,4679,7.2,67.0,77,89.9,18.3,0
96.0,72.0,5927,7.1,95.1,36,86.1,6.8,0
97.2,57.7,9571,8.4,95.8,25,47.5,13.3,0
97.1,82.9,5535,6.0,107.9,25,83.0,11.76,0
99.3,88.2,7760,8.4,90.0,75,62.0,24.62,0
95.3,61.4,9741,8.2,87.0,69,77.4,22.0,0
96.6,77.5,6502,7.0,71.7,26,83.4,15.3,0
92.3,67.4,6446,5.6,59.6,29,83.1,3.4,1
91.8,71.1,1432,9.1,92.8,25,78.0,6.29000000000002,1
98.2,73.6,6393,7.0,116.0,30,85.6,14.2,0
93.2,110.9,3284,7.0,102.9,25,84.0,10.4,1
98.4,90.0,6341,7.6,105.1,32,77.3,14.0,0
98.2,81.9,8037,7.1,79.7,25,89.0,6.9,0
92.6,78.3,7315,7.1,68.1,72,72.6,7.8,0
98.9,52.8,5866,7.6,104.6,25,89.6,13.5,0
97.7,62.2,4511,6.3,120.0,40,78.5,14.5,0
95.6,75.5,6792,6.5,88.9,59,86.9,19.5,0
96.2,74.4,10864,7.8,88.2,25,87.2,8.1,0
99.2,59.0,8668,7.5,113.3,26,77.4,14.9,0
93.4,73.8,5055,6.9,75.3,33,75.0,3.3,0
97.7,89.7,9631,8.7,79.0,25,94.3,14.8,0
98.0,78.6,10476,6.6,85.8,25,94.7,16.5,0
99.2,79.7,5841,8.2,102.0,43,85.8,9.3,0
99.5,76.0,8200,6.1,114.9,69,40.5,23.6,0
96.6,92.3,10844,5.3,89.4,25,83.0,9.72000000000003,0
99.8,63.7,8351,6.7,89.9,72,59.0,22.9,0
92.6,85.2,8401,5.7,68.8,60,81.4,6.7,0
96.4,61.2,5243,7.5,103.3,25,47.8,25.4,0
93.8,73.4,7440,7.4,65.7,31,85.7,23.1,0
99.0,64.4,6762,6.5,86.4,29,89.9,15.5,0
96.9,80.1,11411,5.4,96.3,25,85.7,16.9,0
91.2,74.6,5320,6.4,44.6,25,82.0,15.38,1
98.3,64.9,7235,8.5,104.7,25,77.6,16.9,0
97.1,82.8,5485,6.5,80.6,25,93.0,0.760000000000048,0
99.3,54.9,7553,6.3,119.1,25,90.6,14.0,0
97.6,52.3,8954,5.4,89.6,25,86.7,10.5,0
95.07959661162145,80.7,5334,7.6,53.0,25,95.0,17.17,1
92.4,104.0,3174,6.1,79.6,25,93.3,2.9,1
92.8,91.4,3759,4.1,87.7,53,91.2,17.6,1
97.9,79.4,5478,6.4,85.2,25,87.0,14.89,0
96.1,88.8,7922,7.2,77.4,25,90.0,13.8,0
96.6,72.2,5313,8.6,81.3,72,67.4,25.1,0
98.7,84.9,8547,6.2,89.6,25,75.0,10.69,0
98.4,77.5,3484,6.0,85.7,39,96.8,15.8,0
98.6,90.0,5380,7.5,76.0,29,87.6,8.1,0
94.2,85.5,6267,6.6,72.2,75,95.0,5.95000000000005,0
97.8,62.0,11605,7.5,84.4,29,73.9,19.5,0
95.8,79.2,5921,6.4,77.2,75,91.0,6.54000000000002,0
92.6,69.0,6168,8.4,66.5,25,95.5,0.3,0
96.0,71.9,8106,5.4,95.3,65,94.1,16.4,0
95.1,84.1,2000,8.6,75.7,26,94.8,4.2,0
96.90043465947844,108.7,1267,5.1,59.9,44,95.4,7.0,1
95.5,68.3,4881,7.8,80.4,91,80.5,8.0,0
96.7,76.0,6964,8.1,71.2,185,90.6,1.5,0
96.7,87.4,8203,8.5,86.3,25,83.9,13.3,0
97.4,66.9,7349,5.7,96.0,42,78.7,0.0,0
99.5,62.3,3615,7.7,85.4,40,92.9,0.1,0
96.7,88.7,5657,7.4,91.1,30,87.6,10.7,0
96.3,78.5,6670,5.7,108.2,25,83.0,11.1,0
97.8,57.6,8605,5.6,77.7,33,94.5,15.1,0
96.9,72.6,10343,8.1,104.5,31,87.7,15.3,0
93.3,95.9,1817,5.4,68.8,31,74.7,2.5,1
96.3,55.7,7614,7.7,70.7,154,92.8,4.8,0
99.3,85.1,6963,6.2,85.8,75,61.4,26.2,0
99.4,52.7,7401,7.7,91.5,59,78.7,16.3,0
96.4,66.6,8537,6.7,82.0,111,96.7,3.0,0
91.7,93.7,4032,5.1,74.7,28,90.3,3.6,1
96.3,76.7,4965,6.7,84.2,25,70.5,13.4,0
96.8,88.3,4338,8.8,99.0,43,97.8,7.4,0
99.3,73.6,9605,7.7,119.9,33,76.0,13.0,0
91.7,82.7,5365,6.6,82.2,25,67.0,23.09,1
93.9,73.5,6663,7.1,71.1,37,89.9,16.8,1
97.5,80.1,8068,6.5,87.4,29,75.1,12.9,0
98.1,83.6,7078,6.9,100.8,25,77.8,16.3,0
89.1,99.1,1355,3.6,52.7,26,72.2,20.5,1
99.5,81.3,5420,6.4,91.4,25,93.0,5.48000000000002,0
93.6,83.3,5794,6.8,69.8,25,82.0,3.30000000000001,0
95.3,66.6,4612,7.9,74.0,136,96.3,-2.2,0
97.5,82.3,6803,7.1,106.9,25,89.3,11.3,0
94.3,69.7,7142,6.4,74.1,33,87.2,4.5,0
97.0,63.9,6502,6.8,118.6,25,76.2,18.3,0
95.3,73.8,9529,7.5,85.0,118,93.2,3.5,0
92.7,64.9,11770,8.3,61.7,72,79.1,7.0,0
95.8,71.8,9791,7.1,120.0,61,75.7,18.8,0
96.4,56.6,8566,6.9,80.3,86,64.6,22.7,0
93.6,52.9,5431,7.9,51.9,25,94.0,9.3,1
96.7,86.5,5922,6.1,76.9,25,97.0,0.5,0
96.3,82.7,6918,6.7,89.3,25,81.6,21.0,0
94.2,77.3,4639,8.6,70.5,25,81.2,17.6,0
95.8,83.5,5778,8.2,82.4,25,89.1,6.7,0
93.7,78.3,7208,8.5,74.0,28,93.5,10.4,0
98.7,70.9,9258,7.4,98.3,28,92.1,8.8,0
97.0,63.5,6357,7.9,97.3,27,100.0,2.9,0
89.7,80.6,5827,6.0,43.0,25,80.0,15.7,1
98.0,75.0,15387,6.5,51.4,25,58.0,23.18,1
96.9,81.3,4797,5.0,102.6,72,60.6,15.2,0
93.3,68.4,1033,8.8,101.8,25,83.0,3.01000000000005,1
99.1,67.1,8324,7.4,120.0,25,73.5,8.2,0
97.1,73.6,6803,8.2,95.4,25,91.3,2.1,0
98.1,69.3,7215,6.8,85.0,41,81.8,11.2,0
94.5,72.8,6777,8.2,82.2,187,94.6,-2.5,0
93.6,69.3,7158,7.5,63.6,32,86.4,3.8,0
92.1,79.7,7468,7.4,69.8,25,77.7,8.4,0
96.4,73.2,7736,6.4,95.0,125,98.3,3.7,0
96.7,84.9,8095,7.8,102.2,46,72.2,7.3,0
95.8,77.3,7506,7.6,112.0,31,81.4,20.1,0
97.2,79.5,7687,8.6,119.1,125,43.9,27.0,0
96.9,80.0,6010,8.7,102.7,32,84.2,18.0,0
98.8,71.3,6554,9.2,90.8,65,79.5,16.5,0
94.8,66.9,9448,7.0,62.9,32,88.4,19.8,0
95.9,68.0,8090,7.1,85.2,34,80.1,17.0,0
96.4,71.4,4772,7.6,100.3,31,76.0,13.6,0
97.6,61.8,6003,6.9,98.5,25,78.0,19.0,0
97.2,70.1,7482,9.2,91.7,25,88.6,17.8,0
94.8,77.9,8651,8.2,84.5,25,80.3,19.0,0
98.6,66.6,6251,6.9,95.4,25,90.2,7.8,0
95.9,74.7,165,0.2,82.4,25,95.0,10.2,0
92.9,91.9,2382,5.2,86.3,31,77.9,19.1,1
96.2,74.0,9049,6.3,97.5,25,74.1,20.8,0
98.4,69.4,5857,9.0,120.0,43,68.3,17.7,0
99.0,61.0,9261,7.6,111.9,86,100.0,17.6,0
96.8,70.9,3558,6.9,97.9,74,89.6,13.2,0
96.9,89.4,8570,8.8,76.4,25,96.0,6.82000000000005,0
99.1,90.0,6256,6.3,82.2,25,89.4,11.4,0
98.5,55.4,8151,8.7,120.0,25,95.2,19.1,0
97.1,66.9,3781,7.7,97.4,60,74.2,18.4,0
96.3525181142124,93.8,2904,4.8,50.4,35,97.0,4.0,1
93.4,90.6,3943,6.7,94.3,25,91.2,9.7,1
97.1,60.1,8557,9.1,102.7,35,94.8,7.4,0
92.8,66.3,6438,8.0,70.5,86,48.5,29.2,0
94.8,73.2,6511,7.1,73.2,37,92.9,17.1,0
98.0,76.3,12569,6.7,86.4,33,70.3,16.3,0
98.5,84.7,7458,6.3,112.8,42,72.1,15.1,0
95.5,63.1,4984,7.8,70.3,31,85.7,11.7,0
97.5,79.8,9979,5.6,118.3,31,81.0,17.2,0
98.0,73.3,6208,7.8,82.2,28,73.5,11.9,0
96.4,70.0,7292,8.3,92.5,69,50.6,29.6,0
95.2,74.0,4295,8.0,70.4,28,95.9,7.5,0
99.3,77.3,791,7.6,99.6,25,95.0,16.75,0
93.8,81.5,8424,7.0,79.3,25,96.0,15.38,0
99.3,75.0,9027,6.1,77.5,41,96.2,4.3,0
94.1,64.9,7224,7.2,50.8,40,93.0,11.2,1
96.8,74.1,5621,6.3,110.0,75,81.0,7.03000000000003,0
90.9,106.0,1601,3.8,40.7,25,89.2,1.1,1
98.5,71.6,9769,5.2,117.9,25,89.8,17.2,0
95.9,58.1,6706,7.7,84.5,181,77.3,11.3,0
98.0,75.0,8037,6.9,58.3,25,85.1,15.3,1
97.8,65.2,7799,7.8,101.6,25,87.4,20.7,0
95.5,83.5,6037,6.5,110.0,25,95.0,15.15,0
98.0,85.6,8332,7.7,89.3,25,89.3,12.1,0
89.8,91.4,9766,4.8,52.2,75,97.0,14.0,1
99.1,78.9,5934,6.5,87.7,25,93.0,14.8200000000001,0
97.6,69.1,4726,7.0,70.6,61,87.2,5.6,0
94.0,68.0,6676,6.8,81.0,51,93.3,8.7,0
96.4,76.7,10145,5.9,98.6,25,78.9,15.0,0
97.69416286832214,86.4,4483,7.0,59.5,25,80.0,4.56,1
99.0,77.8,10106,7.9,88.2,76,68.9,20.4,0
93.0,100.0,5000,5.3,87.9,25,91.0,11.3,1
97.76252564785212,99.3,2364,6.2,46.5,34,76.9,18.5,1
98.7,60.1,6758,5.9,95.4,36,81.6,6.7,0
98.0,75.0,1036,3.4,55.0,25,71.0,6.09000000000003,1
93.3,89.1,1134,8.0,96.2,25,97.0,10.86,1
97.9,69.2,7036,6.9,85.7,25,82.2,6.4,0
96.6,67.8,6086,8.0,106.5,40,85.3,17.1,0
92.5,69.5,109,4.6,73.6,75,87.0,12.21,1
95.8,70.9,8221,7.9,83.3,25,82.0,4.0,0
94.4,75.7,9101,7.2,73.2,178,93.1,0.5,0
94.9,76.8,9381,5.8,70.3,25,98.4,12.5,0
90.4,107.2,1770,4.5,59.5,27,84.4,7.6,1
98.3,75.1,4774,5.3,116.1,26,66.9,12.8,0
96.1,67.9,9079,8.3,80.6,25,78.0,10.9,0
98.9,60.2,6192,8.3,89.8,28,65.1,16.7,0
99.6,82.0,7519,7.6,98.0,25,98.4,15.5,0
95.6,56.5,7239,8.4,113.0,25,81.5,1.3,0
98.5,78.9,7592,7.4,110.6,25,74.6,15.7,0
92.5,79.3,6040,6.2,118.2,25,85.0,15.85,1
91.9,94.1,3348,5.9,64.6,34,89.0,15.7,1
98.6,79.2,6071,6.6,88.1,25,79.0,14.29,0
94.0,69.0,3504,6.5,66.3,25,91.0,-3.0,0
98.5,85.6,5791,6.8,84.6,25,82.0,17.46,0
98.5,84.9,5920,6.1,98.2,25,92.0,13.24,0
95.8,72.2,7540,7.5,75.6,107,97.4,6.5,0
96.7,75.8,5469,7.7,84.1,25,90.3,16.5,0
94.4,75.7,6196,6.2,61.6,31,86.9,14.7,0
99.7,77.4,5583,8.2,114.7,25,48.0,20.4,0
99.8,75.3,9045,7.0,101.4,32,94.3,17.7,0
90.6,100.3,2734,5.1,47.9,30,73.2,10.6,1
91.5,90.2,3434,7.0,85.6,74,73.9,2.6,1
96.1,70.4,5765,7.1,111.9,36,80.6,19.3,0
97.0,72.3,10395,6.5,81.8,74,75.9,20.1,0
97.6,80.7,5724,6.1,84.0,25,72.0,3.31,0
98.2,72.8,7922,7.5,113.8,58,78.7,17.5,0
99.0,51.8,9152,7.6,87.0,25,73.4,16.6,0
100.0,74.3,3599,7.6,110.3,77,49.4,30.6,0
97.6,78.8,10177,7.9,91.6,25,81.4,1.9,0
98.0,75.0,1943,4.1,58.6,180,87.0,21.1,1
98.2,58.7,8972,6.6,72.4,31,80.6,7.6,0
89.0,99.7,1618,3.9,53.6,75,96.4,9.3,1
98.1,72.7,9879,6.7,112.6,25,43.6,15.0,0
98.0,75.0,4212,6.8,57.6,25,93.0,9.39000000000004,1
90.7,91.8,3987,4.7,61.4,31,96.0,7.4,1
97.9,89.0,4853,5.9,89.7,87,61.3,28.1,0
95.6,76.4,9242,8.2,86.5,55,84.5,13.4,0
96.6,71.3,8387,7.2,85.4,88,95.7,6.4,0
99.2,74.3,8554,8.4,92.5,30,82.4,16.9,0
93.4,86.4,7585,6.8,71.7,25,79.0,4.2,0
89.4,90.8,5227,6.2,51.7,25,93.0,8.18000000000001,1
90.3,95.4,1973,5.5,57.1,25,75.5,9.7,1
97.7,84.1,9246,8.5,112.6,68,53.1,20.8,0
94.4,81.7,11675,5.9,74.4,118,84.1,11.0,0
92.7,62.5,8359,7.1,56.7,181,86.2,5.9,1
96.0,90.0,12614,7.4,90.7,25,79.5,18.0,0
98.0,75.0,1928,5.1,50.6,25,98.4,10.8,1
96.2,78.2,5078,7.6,65.8,38,100.0,9.7,0
92.9,71.3,602,6.5,89.3,25,83.0,16.77,1
93.8,78.6,7629,7.3,61.7,28,95.6,10.3,0
99.1,58.9,5633,5.4,82.9,25,90.9,17.4,0
97.6,78.9,6163,7.7,115.1,25,89.1,0.8,0
96.5,59.8,8303,7.4,78.1,85,54.8,14.1,0
97.39974825611957,85.8,5728,5.9,54.3,25,87.0,4.83000000000004,1
98.6,78.2,8405,7.7,102.3,31,99.0,13.2,0
96.1,71.9,7404,6.6,94.5,25,89.7,15.6,0
97.6,62.1,8598,7.0,104.8,25,73.0,9.4,0
95.8,80.4,5989,7.9,94.7,25,79.7,5.9,0
96.24387237118107,119.4,311,3.3,25.0,34,92.5,7.5,1
96.48909874160371,104.5,2069,3.9,58.4,25,88.5,7.3,1
96.5,75.4,6997,8.4,88.8,78,70.4,22.9,0
96.1,75.6,8171,7.7,76.4,32,76.5,6.9,0
97.3,84.5,5575,5.8,83.7,25,90.0,9.41000000000003,0
94.0,74.0,4547,8.2,79.4,25,91.5,4.5,0
92.2,102.5,3189,6.4,58.4,37,69.9,13.2,1
97.3,67.1,7817,7.4,90.8,31,61.9,25.3,0
95.8169219795581,101.0,2426,4.8,50.1,47,96.0,16.8,1
92.5,81.2,905,7.5,75.6,25,88.0,17.48,1
99.8,64.1,6022,7.7,100.4,43,86.1,15.7,0
97.8,68.9,7006,7.8,107.4,29,77.1,7.9,0
91.6,90.6,3609,6.4,85.4,25,86.2,7.5,1
94.7,73.6,8756,6.8,82.4,25,86.4,4.9,0
92.2,72.3,6110,7.9,61.5,65,60.1,22.0,0
96.9,86.6,10643,6.8,107.0,25,82.0,17.14,0
97.9,81.2,5699,6.7,80.0,75,90.0,6.98000000000002,0
97.7,69.2,10981,6.6,114.5,30,85.9,10.8,0
95.71454834314018,105.6,1965,3.7,52.8,67,73.8,12.4,1
94.9,60.3,11036,8.6,52.6,32,80.2,10.8,1
98.7,90.0,5772,6.9,112.2,30,75.9,14.7,0
93.6,91.6,3546,4.5,102.1,37,86.9,15.1,1
92.7,82.6,6128,6.3,79.4,75,92.0,14.68,1
96.0,68.1,4731,7.4,88.3,181,64.3,25.7,0
96.4,66.1,9481,6.3,73.3,26,61.8,14.1,0
98.6,51.7,12534,7.6,90.5,25,95.9,10.8,0
94.5,80.2,5517,7.9,62.5,92,91.2,2.1,0
95.5,78.1,5959,6.3,107.3,25,79.0,15.5700000000001,0
95.5,54.4,6993,7.2,99.8,25,82.9,11.2,0
91.7,97.1,2579,5.6,72.3,25,92.0,7.4,1
97.9,84.5,2551,6.1,75.5,25,73.0,17.5,0
95.88339727862575,83.6,8859,6.7,41.3,25,95.0,13.87,1
96.9,87.6,5713,5.9,89.7,75,94.0,9.78000000000003,0
95.7,65.4,7319,6.4,82.6,25,79.6,14.1,0
96.8,80.3,5245,6.7,82.5,125,93.0,7.40000000000003,0
97.3,82.5,5810,5.9,112.6,25,69.0,25.01,0
94.1,76.7,3006,7.7,61.5,25,85.3,15.3,0
98.7,70.2,5828,8.0,94.3,36,72.6,14.0,0
99.4,72.8,5268,7.1,101.8,32,97.4,8.8,0
99.3,64.1,11268,6.5,80.9,82,79.9,13.6,0
96.8,63.6,8138,6.9,80.1,25,91.8,13.6,0
96.0,86.1,5866,6.4,78.9,25,90.0,9.49000000000001,0
97.9,74.0,11864,7.2,80.1,25,73.2,16.2,0
95.6,74.8,6611,5.3,77.8,35,73.7,19.1,0
97.1,68.6,6125,8.4,84.0,83,87.4,14.6,0
96.2,76.4,9897,7.1,74.2,34,91.3,8.7,0
96.8,79.1,8225,7.2,114.6,25,77.4,18.1,0
96.6,64.5,5118,6.6,80.0,28,73.9,5.1,0
96.1,64.1,8045,6.4,89.2,44,52.8,20.5,0
96.8,72.6,5249,6.9,78.6,25,85.4,18.2,0
91.9,93.8,3737,5.1,60.3,25,84.5,15.5,1
92.7,77.1,4951,6.1,104.6,25,93.0,11.05,1
96.2,59.3,10800,7.3,89.9,25,85.0,11.3,0
92.6,89.8,4203,5.2,65.5,27,82.3,11.7,1
98.8,74.2,5535,7.7,91.3,33,98.2,7.4,0
94.9,66.5,2438,6.4,66.7,25,80.1,19.9,0
98.7,80.8,8261,6.7,110.9,25,79.1,13.0,0
92.4,73.3,9302,5.8,73.7,25,78.2,-0.0,0
93.8,63.3,4399,7.5,73.4,67,57.8,21.0,0
95.5,77.0,8911,6.8,86.4,25,79.9,15.6,0
96.2,74.8,10623,6.1,90.2,27,94.0,12.3,0
91.0,79.2,5829,5.8,51.9,25,79.0,19.1,1
95.4,84.8,10060,6.5,77.3,33,100.0,4.0,0
89.3,100.6,3241,5.5,66.2,25,85.2,4.3,1
98.0,75.0,1769,5.0,59.7,25,80.1,17.5,1
96.9,63.3,7084,7.6,101.0,33,78.8,18.4,0
98.7,64.0,8385,6.3,78.9,25,94.8,14.2,0
99.3,65.8,6297,7.5,92.7,28,92.6,11.1,0
95.4,75.2,9511,8.4,70.0,31,94.6,15.4,0
95.6,80.8,5492,5.6,70.0,25,89.0,8.64000000000004,1
90.3,88.5,7562,6.8,51.1,75,91.0,13.31,1
96.2,71.9,2000,7.6,91.1,25,70.0,19.8,0
91.9,102.1,2620,5.2,69.8,25,77.6,15.9,1
99.9,77.4,5291,7.6,110.0,26,74.5,7.1,0
95.9,70.2,7026,8.4,110.7,32,74.0,19.9,0
95.6,59.2,6398,5.7,78.6,78,85.5,17.0,0
95.6,66.1,5211,7.8,105.1,29,62.4,17.7,0
96.8,82.7,7593,6.5,93.9,120,100.0,12.6,0
98.0,75.0,1439,3.6,46.7,27,85.6,3.5,1
92.5,89.7,3107,6.1,75.9,25,85.8,13.0,1
96.1,72.3,6943,7.5,84.8,48,85.6,11.9,0
93.5,77.9,2764,5.8,79.2,30,90.8,8.8,0
97.5,81.9,7742,8.4,84.0,25,83.7,20.3,0
94.6,90.0,7787,6.1,62.9,25,78.7,18.8,0
93.1,56.7,5545,7.1,72.5,25,87.5,17.9,0
92.9,75.3,5214,7.6,59.4,36,92.5,16.6,1
97.7,59.5,8223,7.1,79.7,47,71.5,13.7,0
97.5,86.1,5585,6.2,117.6,75,55.0,27.9,0
98.0,62.4,5092,8.1,92.1,43,71.0,19.6,0
92.0,70.0,6269,8.2,72.5,31,75.9,1.9,1
95.8,70.5,5371,6.9,120.0,82,61.1,22.5,0
98.7,69.2,9492,7.4,85.4,35,83.4,13.7,0
95.5,83.4,11811,6.1,77.7,25,81.6,4.1,0
93.6,81.5,17862,7.1,65.0,75,55.0,22.11,0
98.6,76.0,9860,7.1,96.1,63,79.7,14.6,0
98.1,68.4,9499,7.8,83.8,25,64.4,0.5,0
95.5,70.1,7478,6.4,73.7,89,83.6,6.8,0
91.6,76.4,1440,7.3,86.0,25,87.0,17.92,1
96.5,80.2,6433,8.0,84.9,45,79.4,15.5,0
96.5,87.3,11088,6.9,85.6,69,87.1,6.6,0
97.1,77.2,9384,8.4,101.4,29,90.0,1.7,0
95.8,59.6,6633,7.7,84.7,25,97.5,11.1,0
95.8,71.5,7270,7.9,86.4,136,100.0,10.3,0
93.8,69.3,7830,6.3,70.8,73,89.7,6.1,0
99.2,70.5,6841,6.4,103.9,25,94.2,11.8,0
94.8,79.0,8646,7.1,70.5,25,85.9,11.8,0
96.7,82.1,10391,6.5,86.4,25,85.9,15.2,0
91.6,80.1,1629,7.3,93.1,25,64.0,0.110000000000014,1
92.1,77.6,7391,7.5,64.9,32,76.0,7.4,0
97.2,79.3,3284,8.2,108.6,44,32.5,26.7,0
96.6,83.1,9367,6.7,94.5,39,98.3,12.1,0
90.3,97.4,2599,4.6,55.6,41,79.0,3.4,1
98.9,82.4,5957,6.4,119.3,25,79.0,15.81,0
96.6,59.5,3404,7.8,82.3,25,90.0,9.5,0
96.8,75.0,8010,6.6,80.1,84,93.0,5.1,0
96.3,75.8,9298,7.0,82.1,150,82.5,4.0,0
92.2,54.2,4670,7.6,70.2,27,89.2,18.1,0
98.5,85.6,9418,8.1,79.4,25,82.8,17.1,0
97.1,74.9,6196,7.6,77.1,89,87.4,7.9,0
100.0,90.0,9940,5.7,95.8,39,48.1,25.2,0
97.8,62.1,7547,6.2,93.1,32,84.3,11.5,0
96.4,76.3,5818,9.0,81.5,25,87.4,8.2,0
98.6,55.7,9637,6.6,120.0,39,73.0,17.7,0
97.7,85.5,5688,6.3,110.0,25,39.0,25.6,0
95.7,69.8,8598,8.7,74.8,25,80.8,3.3,0
97.5,88.4,8712,6.5,80.2,28,79.1,11.4,0
99.0,89.2,7277,8.1,82.6,25,95.1,6.1,0
94.7,73.3,7455,7.5,71.4,31,95.0,11.5,0
97.0,90.0,7821,7.2,88.4,25,97.1,18.4,0
96.7,60.2,3404,6.5,88.9,25,85.7,13.3,0
97.3,80.8,7257,8.7,94.8,25,39.7,14.8,0
98.1,86.0,2507,7.8,114.5,43,75.3,-0.4,0
97.5,72.5,2293,7.0,83.7,39,97.8,12.9,0
91.0,90.1,21319,6.0,50.0,25,71.0,18.91,1
99.3,82.4,7837,5.5,92.8,25,88.3,11.4,0
99.3,90.0,6763,6.3,109.8,25,72.1,14.8,0
96.2,60.0,5252,6.9,74.2,62,83.9,8.9,0
95.7,51.9,5721,7.6,118.8,25,92.0,12.6,0
99.9,83.7,5664,5.9,94.9,75,77.0,15.85,0
95.8,72.5,11422,7.0,110.4,29,68.3,15.9,0
97.0,78.6,3807,9.4,87.4,59,72.0,17.2,0
93.0,82.2,6811,8.0,74.2,25,79.7,13.0,0
99.4,78.7,8716,5.3,108.7,26,52.8,22.0,0
92.8,92.5,19584,7.2,60.0,25,85.0,11.71,1
92.4,92.5,2073,4.8,66.0,31,86.7,11.6,1
98.6,69.4,6345,6.6,99.9,71,88.0,-2.2,0
91.7,93.0,2179,5.4,86.5,27,95.7,16.4,1
90.4,101.8,769,2.5,54.0,31,55.0,21.4,1
92.0,89.3,4040,5.6,61.8,25,80.4,15.0,1
98.6,66.0,9763,8.5,113.3,25,74.8,18.0,0
99.3,75.5,5853,8.0,95.6,37,76.8,15.0,0
90.2,90.8,5347,6.5,49.5,25,88.0,10.56,1
96.6,66.6,8244,7.3,90.2,25,98.2,2.7,0
96.1,69.2,8115,6.6,76.5,74,89.7,8.5,0
90.2,117.0,1804,4.2,58.6,77,89.9,2.0,1
96.5,64.1,9868,7.1,73.7,27,81.5,14.2,0
91.3,104.5,1735,5.1,43.3,63,99.3,18.5,1
97.6,74.7,5053,6.7,112.0,61,30.1,28.3,0
95.8,66.9,9299,8.2,77.3,91,95.0,6.7,0
97.3,73.2,7560,7.3,120.0,25,72.1,20.4,0
98.0,75.0,2414,5.4,56.1,25,93.5,0.5,1
95.4,65.8,3039,5.9,83.1,137,91.3,-2.8,0
97.45233068521532,89.1,7064,6.7,54.6,75,87.0,10.3,1
95.7,85.5,5339,6.5,78.6,25,95.0,10.08,0
98.2,55.4,5417,7.8,88.8,25,52.9,3.0,0
95.7,61.1,5977,7.2,71.5,25,74.0,17.5,0
96.5,83.2,5235,6.7,81.7,25,85.0,15.89,0
91.1,105.3,3472,5.4,58.1,25,76.8,20.6,1
92.0,65.9,8909,6.4,70.3,31,93.5,14.5,1
99.6,90.0,7317,7.6,97.6,25,87.2,10.6,0
92.0,102.6,3853,5.6,91.3,37,83.3,1.6,1
93.9,85.3,19761,7.4,65.0,25,90.0,17.53,0
93.2,96.2,3789,4.9,102.0,25,87.9,15.0,1
96.2,79.4,9736,7.1,91.0,25,88.1,13.1,0
98.8,76.2,400,7.9,91.6,25,91.0,13.62,0
97.4,82.3,2000,5.3,66.4,25,84.4,13.8,0
97.8,66.7,6843,6.7,82.6,80,73.7,18.5,0
96.5,67.6,5383,7.3,83.9,25,92.7,-3.0,0
94.8,65.0,4710,6.3,80.0,35,82.3,5.9,0
91.2,98.6,3964,6.4,77.7,25,95.3,6.0,1
93.4,88.4,2028,6.2,79.0,51,100.0,3.4,1
90.8,92.6,2155,5.1,49.8,25,73.4,6.8,1
98.4,80.8,6173,6.3,85.4,25,77.0,17.56,0
98.4,68.5,7314,9.2,87.7,30,97.6,12.3,0
97.0,82.5,5767,6.4,110.0,25,97.0,12.04,0
93.1,97.5,4111,4.5,71.9,25,89.9,4.1,1
93.4,74.8,4148,6.7,72.5,25,96.0,14.4,0
96.9,75.6,6168,8.8,82.4,25,69.5,6.8,0
96.6,85.8,5851,6.4,97.1,125,93.0,13.97,0
97.9,73.5,7520,5.5,93.8,39,85.9,12.1,0
97.9,74.6,11718,7.2,83.8,37,90.9,7.8,0
98.7,67.9,8601,7.5,89.8,29,90.2,12.8,0
92.7,99.7,3455,5.2,77.9,25,87.4,2.0,1
99.9,85.8,5810,5.8,100.8,25,54.0,22.75,0
97.5,77.8,5844,6.8,99.8,61,100.0,8.2,0
96.8,62.2,8944,7.2,87.7,40,89.4,5.8,0
96.2,59.8,3276,7.1,80.2,31,81.2,7.8,0
96.8,79.8,5971,7.5,90.6,25,86.2,13.0,0
91.6,82.8,6181,6.3,62.8,25,91.0,6.05000000000001,1
96.9,90.0,10308,7.6,107.8,39,75.1,20.4,0
95.5,65.5,9406,7.4,87.1,84,84.2,17.2,0
97.5,61.6,8069,7.2,100.2,25,94.4,16.5,0
97.9,71.6,5978,8.9,79.3,89,92.4,6.7,0
96.6,80.4,7255,6.7,82.4,25,78.5,18.3,0
96.9,88.3,7711,7.2,79.1,25,97.0,10.2,0
94.4,65.8,5729,7.8,74.4,33,91.6,9.5,0
99.1,73.1,5351,7.6,94.2,25,86.1,14.6,0
98.0,79.8,11048,5.8,83.5,45,89.0,7.1,0
92.9,83.7,2703,7.5,65.0,25,84.0,12.03,0
95.2,82.9,5796,6.4,82.6,25,78.0,20.01,0
95.6,75.2,3271,7.5,87.3,25,89.9,12.6,0
98.0,67.2,3686,5.9,94.6,127,56.9,27.7,0
94.4,50.0,7278,5.8,74.9,25,88.5,18.0,0
98.1,66.4,2908,6.2,115.5,25,62.1,14.1,0
96.5,58.2,6773,8.7,90.4,25,76.1,17.8,0
91.3,90.7,3600,5.7,60.1,33,91.9,11.3,1
92.7,69.3,6925,7.0,63.3,25,68.5,1.0,0
96.5,81.4,9023,7.9,104.1,27,85.4,8.0,0
93.5,104.2,3677,5.1,84.1,25,86.4,8.2,1
94.9,60.5,8764,5.5,64.3,36,66.2,22.2,0
94.0,76.1,5724,7.8,69.7,37,84.7,15.6,0
99.1,70.4,4085,6.0,81.1,29,59.9,20.2,0
96.8,74.0,8452,8.1,73.6,78,77.0,20.4,0
99.0,67.4,5374,7.4,92.9,25,86.0,12.3,0
90.4,102.8,2515,7.0,62.3,35,70.3,14.5,1
96.2,64.9,10344,7.0,92.4,30,77.3,14.9,0
93.5,93.8,2834,5.6,84.2,36,85.5,6.2,1
93.8,82.5,7758,6.6,78.6,25,81.6,14.5,1
93.9,82.8,9817,7.1,78.8,29,78.1,13.9,0
98.0,89.7,6532,7.8,89.3,39,93.5,7.0,0
97.0,68.3,8614,6.5,89.4,27,75.7,6.2,0
95.6,50.0,9942,5.0,99.3,41,61.4,24.0,0
99.6,64.3,8847,8.3,98.3,31,92.1,18.2,0
95.7,87.9,6611,1.1,92.2,25,60.0,20.66,0
89.6,89.5,5377,6.4,49.9,25,73.0,1.72000000000003,1
92.8,65.8,886,3.5,95.4,25,91.0,10.69,1
94.0,77.8,7416,7.5,81.5,25,91.3,4.5,0
99.1,64.3,8941,6.6,85.3,25,93.7,6.7,0
97.0,79.4,5081,6.4,105.7,25,63.7,19.2,0
95.61495288624747,107.2,1213,2.7,55.0,25,83.2,10.7,1
98.0,65.5,10240,7.2,107.4,25,66.2,16.1,0
97.3,67.2,7052,6.2,86.4,31,71.2,20.6,0
93.1,70.4,6230,8.1,66.6,25,80.4,14.4,0
97.4,56.5,4494,5.7,100.4,69,60.5,29.4,0
91.1,95.7,2418,4.2,96.1,25,78.9,9.4,1
97.4,83.0,10566,8.9,91.2,27,82.1,17.5,0
98.1,67.1,9382,8.5,101.3,28,74.2,5.6,0
95.8,81.6,6155,7.1,85.9,25,75.3,23.6,0
95.7,60.2,7577,6.9,113.0,36,90.3,3.6,0
95.7,75.0,3734,7.6,64.9,25,78.2,3.8,0
90.0,105.0,3019,5.7,62.4,76,61.9,22.8,1
96.6,70.5,6054,7.0,87.4,69,92.0,6.7,0
96.5,90.0,11841,8.4,61.3,25,86.2,12.1,0
96.5,68.6,6804,6.1,94.5,26,80.3,14.5,0
96.7,83.0,5313,6.2,112.7,25,88.0,16.34,0
94.0,90.0,8052,7.6,79.8,25,94.0,7.9,0
96.3,88.9,8136,5.0,95.1,25,82.4,15.4,0
95.5,68.5,8849,7.0,93.7,55,85.2,18.3,0
96.3,77.5,6175,6.1,80.1,25,71.0,17.42,0
95.7,55.9,8747,6.2,84.3,39,94.9,9.5,0
100.0,82.9,5583,6.8,103.3,25,63.7,10.5,0
90.7,87.0,3512,7.2,53.4,25,95.0,9.94,1
96.7,69.4,4162,7.0,104.7,68,40.8,25.8,0
97.5,71.4,5998,5.9,103.1,25,100.0,0.1,0
94.3,80.4,7383,6.8,74.1,81,68.6,19.8,1
98.6,74.2,9299,5.9,86.6,25,79.8,11.5,0
90.6,88.4,1152,6.9,50.1,25,90.7,2.6,1
97.9,75.8,8172,7.8,77.5,25,75.3,17.3,0
98.8,83.6,1684,5.2,111.2,25,60.0,16.45,0
97.9,76.7,7207,7.5,105.3,25,76.4,13.7,0
97.2,59.0,8275,7.9,94.2,66,92.6,2.2,0
97.7,80.8,5838,6.4,96.0,25,88.0,2.31,0
97.7,65.2,6497,6.4,92.4,33,70.6,5.0,0
93.0,73.4,6632,6.9,67.1,40,77.5,11.0,0
89.8,104.6,3283,3.1,49.3,28,86.8,12.9,1
96.1,84.6,4963,7.5,99.7,31,59.5,22.1,0
91.7,82.2,912,6.0,91.6,25,95.0,14.86,1
99.4,65.2,8501,7.4,96.8,32,95.7,4.7,0
92.8,71.8,2878,5.5,59.6,29,97.2,5.3,1
92.2,95.6,2432,6.2,79.1,36,100.0,8.3,1
96.2,77.0,9388,6.6,104.2,25,93.2,17.1,0
96.4,78.2,7584,5.2,111.4,26,90.7,7.6,0
96.3,72.9,8465,8.5,70.5,25,64.4,14.3,0
95.5,72.8,5706,7.2,77.0,80,85.6,17.2,0
98.0,64.7,7899,6.9,85.4,25,66.4,10.3,0
98.8,67.7,6975,6.8,90.9,130,84.5,16.0,0
93.5,79.9,6117,6.6,79.0,25,88.0,11.23,0
96.0,67.4,11703,6.1,91.2,80,97.4,13.0,0
96.0,76.3,8291,7.3,66.5,27,90.5,12.9,0
98.6,83.1,5395,6.1,83.3,75,95.0,11.8200000000001,0
98.9,79.4,5071,8.0,86.0,25,65.0,18.49,0
92.0,78.1,2213,7.9,94.4,25,69.0,0.400000000000034,1
97.3,62.8,6671,7.7,102.9,38,82.4,15.0,0
97.8,71.1,7213,6.8,79.3,25,66.1,19.6,0
89.6,110.2,2405,4.9,51.4,25,86.8,14.1,1
97.7,72.6,7625,6.1,85.6,89,78.1,17.6,0
98.5,72.0,8059,6.3,76.3,31,91.8,13.9,0
98.0,75.0,1035,4.7,35.1,25,67.4,18.0,1
92.2,76.0,7614,6.9,48.7,51,90.6,14.3,1
94.9,76.4,10692,5.5,66.4,25,90.3,16.2,0
94.3,65.3,8742,7.8,72.0,31,85.2,15.8,0
95.8,62.9,7029,7.3,72.6,71,86.9,10.6,1
96.1,80.0,7246,6.2,75.7,25,80.2,17.6,0
95.7,77.7,5969,9.0,102.5,25,91.3,11.7,0
93.3,68.6,7592,7.4,84.0,31,80.7,17.7,0
97.8,87.7,11063,6.6,101.2,67,61.1,27.3,0
96.5,81.3,4257,6.8,84.5,25,82.0,16.85,0
92.1,97.2,4412,4.3,75.5,25,92.2,1.3,1
95.6,64.8,8845,6.9,86.8,42,70.5,23.4,0
91.2,76.0,6116,5.9,72.0,25,100.0,7.74000000000001,1
99.5,73.6,5978,7.3,90.0,25,88.8,8.7,0
92.3,82.6,3758,6.8,65.0,25,99.0,17.52,0
92.7,78.0,6445,7.0,71.9,28,75.9,14.6,0
98.9,80.7,3536,5.7,114.1,86,91.7,23.8,0
98.7,59.5,6803,7.5,112.9,25,73.1,14.4,0
95.5,69.5,7361,7.6,115.2,35,67.5,16.2,0
94.7,62.4,4992,5.9,67.9,25,57.2,23.3,0
98.5,68.7,11121,6.7,102.9,88,90.1,1.5,0
99.8,64.5,7996,8.0,94.9,32,95.6,17.4,0
98.3,75.0,6349,6.6,80.6,25,88.7,9.0,0
95.31232574595373,92.5,1900,4.5,46.2,46,95.0,15.8,1
97.9,66.6,10603,5.9,97.9,25,76.3,15.2,0
93.4,100.6,3179,6.1,83.3,41,90.1,2.2,1
93.4,78.2,881,7.8,93.8,25,92.0,8.05000000000001,1
93.0,77.9,7999,7.7,74.0,32,73.9,1.7,1
98.1,67.8,8643,8.0,97.9,25,79.3,17.7,0
99.4,60.0,6509,8.0,87.1,30,61.0,12.8,0
95.0,90.0,5995,7.7,63.8,40,96.5,0.8,0
97.5,84.8,10078,7.9,90.4,31,84.4,21.2,0
96.00049751507343,107.8,2591,3.7,50.1,79,82.2,10.6,1
91.5,104.0,3405,4.9,105.6,25,88.7,14.7,1
91.1,80.6,15298,7.5,60.1,25,92.0,18.27,1
95.5,84.8,5771,6.4,91.2,75,84.0,17.35,0
90.4,100.3,21666,5.7,56.9,25,57.0,22.97,1
99.2,84.1,5600,6.4,112.6,25,50.0,24.29,0
99.2,67.8,4982,7.4,106.4,25,84.8,14.7,0
92.0,78.9,5896,6.1,111.2,25,81.0,14.23,1
92.6,96.3,2244,7.0,64.9,38,84.8,8.8,1
93.1,77.1,8257,7.6,70.6,116,86.4,12.2,0
93.0,91.2,4451,6.1,75.1,25,99.9,8.5,1
99.7,83.3,2000,7.7,91.4,25,93.8,12.6,0
96.6,74.1,5809,5.9,89.4,25,78.0,12.53,0
98.1,79.7,6527,7.2,89.1,39,93.1,7.7,0
96.2,76.2,4704,7.5,96.5,26,80.2,20.8,0
93.1,99.7,3936,5.1,76.2,25,87.7,6.1,1
96.4,83.7,8647,7.7,76.3,138,98.1,7.1,0
91.0,94.6,5091,7.4,58.6,75,100.0,7.63,1
97.0,91.2,5968,6.3,93.1,25,93.0,6.92000000000002,0
93.5,76.5,4226,1.4,65.0,25,76.0,18.89,0
98.4,65.8,886,3.5,93.9,25,89.0,12.7,0
99.2,80.7,5887,6.7,119.9,25,72.6,19.3,0
97.9,90.0,8144,6.6,112.4,57,83.6,11.2,0
93.4,99.7,1279,6.0,56.5,25,81.5,8.0,1
94.3,79.7,5365,7.3,66.1,64,92.6,2.2,0
96.5,85.9,5140,1.0,84.3,125,58.0,23.18,0
97.0,62.7,2000,7.3,71.0,31,87.9,9.5,0
95.2,68.0,9263,8.1,82.0,155,65.8,23.5,0
98.6,72.4,2000,5.7,82.9,32,82.9,17.6,0
98.5,65.2,7138,6.2,88.5,25,74.7,15.8,0
89.9,84.3,5913,6.9,59.5,75,65.0,20.76,1
94.7,72.6,8841,7.0,74.0,25,85.0,13.6,0
97.7,79.4,5063,8.7,116.3,25,80.3,19.3,0
92.8,83.1,18511,6.6,65.0,75,53.0,27.51,0
96.3,76.9,6550,6.3,77.2,44,87.7,14.5,0
95.2,76.3,4895,6.0,76.3,25,68.1,5.7,0
97.8,70.0,6061,7.0,107.3,25,90.3,11.2,0
92.5,85.1,1693,7.5,85.3,25,94.0,13.95,1
91.5,85.7,943,0.4,102.4,25,89.0,14.7,1
92.3,100.3,3940,5.2,60.0,44,100.0,12.3,1
95.0,69.8,5832,8.4,84.3,176,65.0,21.3,0
89.2,90.9,9842,6.8,46.8,175,82.0,17.73,1
96.3,73.1,3481,7.5,90.0,25,89.7,14.2,0
92.3,100.8,1718,6.6,88.5,27,73.9,24.7,1
96.9,72.1,6590,5.7,77.9,90,83.5,7.5,0
98.6,67.9,5735,7.5,111.4,28,82.7,17.3,0
98.1,68.3,5155,7.9,87.7,79,73.4,7.0,0
98.8,56.8,8432,7.0,81.1,25,86.3,15.8,0
99.9,73.5,5778,6.1,94.9,25,93.0,8.57000000000005,0
98.9,64.6,6728,6.7,113.1,75,91.7,25.0,0
92.9,87.6,3412,5.3,93.6,39,85.4,15.7,1
98.5,86.6,9290,6.7,93.6,25,88.9,8.0,0
92.2,73.0,3187,5.8,93.9,25,92.0,3.01000000000005,1
92.8,68.0,7325,8.0,50.8,40,68.7,4.4,1
92.1,73.7,1186,7.4,95.4,25,93.0,15.23,1
93.9,69.1,7020,7.2,59.5,35,62.1,21.4,1
100.0,70.6,8967,7.8,85.1,25,84.6,5.1,0
93.1,56.6,10289,7.0,68.1,37,79.6,13.4,0
94.6,67.7,6061,7.9,62.1,27,75.7,16.8,0
97.0,73.5,7230,6.9,104.1,80,79.6,20.8,0
97.0,79.0,6184,5.0,108.5,122,72.5,30.2,0
92.3,78.3,6057,6.7,69.0,25,77.0,11.0,0
91.8,100.3,3496,5.7,102.0,25,100.0,14.5,1
96.3,66.5,4488,8.0,84.0,35,82.2,11.5,0
97.3,68.9,4631,7.4,119.0,27,83.1,6.1,0
95.6,70.3,10099,8.5,80.1,26,93.1,3.8,0
97.3,75.2,4105,7.7,74.1,41,79.5,2.3,0
92.9,69.5,6634,8.0,66.1,25,89.2,16.9,0
98.5,88.0,7697,7.8,97.8,25,97.8,15.3,0
96.5,76.1,7817,6.8,69.4,34,82.7,13.3,0
96.0,67.9,7905,7.3,116.0,25,65.8,13.3,0
99.0,70.3,10883,7.4,78.3,25,79.4,7.7,0
94.6,76.7,2846,6.9,76.6,27,80.7,3.3,0
96.2756405134077,98.5,592,4.6,34.4,26,82.9,19.0,1
97.2,83.0,5645,6.2,120.0,125,44.0,27.73,0
95.2,76.9,3909,6.8,83.2,25,78.5,20.6,0
96.8,73.4,3719,6.8,118.5,25,71.5,14.1,0
92.7,76.4,687,6.6,89.3,25,93.0,11.39,1
98.9,66.9,4757,7.5,89.0,25,68.2,18.3,0
97.0,76.9,5648,7.6,120.0,25,81.2,17.7,0
96.0,70.6,9779,5.3,96.8,34,94.7,12.0,0
94.8,66.3,9845,6.2,55.8,31,72.1,5.7,1
100.0,67.7,8188,6.1,97.1,86,76.4,16.6,0
92.7,88.9,5712,6.0,60.7,25,83.0,9.90000000000003,1
98.1,88.8,4858,5.9,111.7,37,75.9,19.4,0
94.4,76.3,7104,6.9,74.2,25,73.6,10.7,0
95.5,66.9,6738,7.3,68.7,37,74.8,13.3,0
94.9,80.7,5174,6.5,67.2,50,94.3,11.2,0
95.2,71.8,7505,7.2,74.2,29,96.4,1.6,0
98.0,75.0,2320,5.1,58.2,176,85.3,8.7,1
96.4,83.7,8289,7.2,84.8,42,83.2,18.1,0
91.7,78.0,1332,7.4,94.1,75,93.0,10.61,1
96.8,75.1,10498,7.7,85.5,25,85.4,14.4,0
98.7,72.9,10263,7.2,94.5,25,82.9,15.0,0
97.7,71.5,10708,7.9,109.0,32,79.1,11.6,0
94.7,86.9,6082,6.1,65.0,25,85.0,14.8200000000001,0
95.7,65.5,3685,7.4,90.0,40,63.2,20.3,0
95.4,83.3,5556,6.2,74.4,25,93.0,8.84000000000003,0
92.0,85.2,5660,6.3,81.1,25,95.0,7.05000000000001,1
98.7,68.3,8295,7.9,89.7,25,87.0,13.8,0
95.4,73.1,10826,7.5,83.5,25,90.2,7.1,0
97.4,64.7,6538,8.0,87.4,25,78.7,20.3,0
98.5,81.1,6758,6.5,96.6,67,88.0,16.9,0
90.1,77.6,5480,6.1,59.0,25,81.0,14.59,1
90.8,87.3,1228,2.2,53.4,25,89.0,9.13,1
97.7,71.6,7119,5.9,94.2,27,87.2,3.3,0
96.7,67.1,7849,7.6,100.3,29,74.5,15.6,0
98.9,73.8,5177,8.0,109.8,25,60.5,16.6,0
97.0,76.1,8573,6.2,100.9,165,64.3,19.7,0
98.7,80.3,6204,6.1,110.0,25,77.0,9.06,0
96.4,64.1,5466,7.7,78.3,76,59.7,23.6,0
99.4,80.2,5675,8.4,91.2,58,85.7,10.1,0
89.3,90.0,7963,6.3,56.0,25,94.0,14.89,1
93.5,79.8,6544,6.0,61.1,64,88.2,4.8,0
95.0,71.4,10046,6.9,88.7,25,99.1,0.8,0
92.8,105.7,3451,5.7,89.3,25,99.6,10.4,1
96.3,68.1,6016,7.6,96.4,72,96.8,12.5,0
96.2,71.2,7201,7.7,82.5,25,74.8,13.8,0
93.7,79.7,2000,7.5,65.7,64,84.2,1.0,0
94.7,65.7,7595,7.3,62.4,38,84.8,12.1,0
93.2,83.0,2000,7.0,66.2,25,91.4,5.6,0
95.9,80.6,4096,7.0,89.5,174,89.5,5.3,0
98.1,85.1,6924,7.6,90.8,25,85.2,13.9,0
90.9,84.0,19025,6.6,53.4,75,60.0,22.18,1
98.0,83.7,8759,8.6,83.6,25,74.0,18.83,0
90.7,85.4,6117,6.4,45.5,25,80.0,6.32000000000005,1
96.5,75.9,7163,8.4,88.3,25,71.1,6.5,0
97.7,70.8,6539,7.1,101.9,25,87.5,3.8,0
96.2,89.2,4430,7.2,92.8,87,91.0,9.0,0
97.0,57.4,5722,6.9,97.6,42,85.0,12.3,0
98.4,65.6,6819,6.4,104.1,38,81.2,15.7,0
98.4,67.1,6550,7.0,88.0,37,92.2,9.1,0
97.6,72.3,6623,8.1,70.7,74,75.0,18.1,0
96.0,63.2,8158,7.4,75.3,25,91.7,5.7,0
98.2,78.1,6500,6.4,111.1,25,89.4,17.4,0
92.8,87.4,5585,5.7,116.7,25,68.0,19.23,1
98.6,78.9,8340,7.7,99.7,26,88.6,7.1,0
90.8,91.5,7668,7.1,54.3,25,93.0,6.64000000000004,1
95.9,87.8,2000,5.0,74.1,27,84.2,17.6,0
96.2,63.9,8548,6.4,94.8,76,97.0,-1.6,0
92.5,74.0,6542,7.4,64.7,191,95.9,7.3,0
89.1,106.3,2209,3.9,51.5,40,76.7,18.0,1
94.4,59.9,8163,7.2,56.2,93,78.0,8.6,1
96.5,71.8,10346,7.2,86.5,26,98.9,13.6,0
96.3,71.0,10354,6.1,81.2,27,82.1,17.0,0
96.8,90.0,6965,7.7,116.0,37,80.2,18.5,0
94.7,68.2,3063,5.5,63.5,25,75.3,10.5,0
96.0,59.7,6221,6.1,103.0,196,94.7,17.3,0
93.9,72.1,8805,8.0,87.3,97,100.0,7.6,0
98.7,64.3,7342,7.6,96.9,25,64.4,19.6,0
91.5,91.1,3302,6.4,92.0,25,96.4,8.2,1
96.5,61.1,6452,7.6,78.6,26,96.0,1.6,0
94.7,65.0,5447,8.7,66.4,25,70.0,9.2,0
97.7,73.2,7278,6.4,97.4,82,74.3,9.5,0
95.7,69.1,10737,7.5,92.6,25,74.1,23.5,0
97.1,63.6,7249,7.1,81.0,44,87.3,1.5,0
95.5,67.1,7574,5.9,97.6,45,89.0,13.3,0
91.7,97.9,1726,5.4,89.6,25,97.8,17.2,1
97.8,69.8,7385,5.8,82.0,36,97.5,16.8,0
98.6,55.0,4267,7.7,97.9,39,72.8,17.0,0
99.9,72.2,9483,8.0,94.3,80,82.2,15.2,0
97.7,63.1,5359,5.8,97.4,33,96.1,14.8,0
90.6,88.8,5800,6.8,59.8,25,78.0,6.84000000000003,1
99.5,79.8,4042,6.6,96.1,30,48.9,23.5,0
97.8,68.4,10074,7.7,93.2,25,61.6,22.3,0
98.0,76.2,6493,7.3,120.0,25,76.4,1.9,0
90.5,102.1,3206,6.0,68.3,25,53.9,24.3,1
89.4,106.5,1542,5.9,45.1,42,66.5,13.5,1
99.0,76.8,5599,6.0,95.5,25,93.0,14.03,0
93.1,74.4,867,6.8,95.6,25,93.0,9.39000000000004,1
97.4,87.2,9945,7.2,100.1,80,96.7,5.3,0
90.5,101.2,1713,3.3,53.9,25,95.8,7.6,1
93.7,74.4,3130,8.0,66.6,100,79.6,4.2,0
98.0,61.1,5294,7.8,78.6,37,91.0,15.0,0
96.6,59.8,9390,6.0,108.4,25,85.6,6.1,0
99.3,82.3,5997,6.8,95.4,79,79.3,13.7,0
93.2,82.1,5514,5.9,64.3,175,78.0,19.96,0
89.4,83.7,2004,1.2,55.0,25,86.0,0.57000000000005,1
92.4,80.0,1048,8.6,93.1,25,87.0,8.32000000000005,1
95.8,80.5,9961,8.2,83.2,25,73.0,18.7,0
94.8,77.5,5798,8.0,80.6,26,93.8,14.6,0
93.5,79.5,7345,7.6,64.4,35,71.1,18.0,0
93.1,77.0,7820,5.5,90.1,25,92.0,10.9,1
96.3,78.6,5666,6.2,113.5,75,86.0,14.92,0
97.2,81.0,12945,6.6,83.5,25,83.0,1.13,0
96.4864739486186,74.1,5820,6.1,52.6,25,76.0,13.12,1
89.1,110.0,1082,4.7,57.4,75,87.8,13.5,1
93.1,61.6,5569,5.8,54.9,25,90.2,8.6,1
95.7,71.3,9570,8.0,77.3,25,73.0,20.2,1
93.9,79.7,6993,7.5,64.1,42,83.8,16.0,0
94.4,73.2,8980,8.5,74.6,25,77.6,11.4,0
93.4,99.9,3970,5.5,84.4,42,85.3,0.6,1
93.4,63.1,2000,7.2,73.0,47,79.5,3.6,0
92.3,72.8,288,7.4,108.4,25,83.0,12.14,1
96.1,84.5,7052,8.1,120.0,31,76.8,13.5,0
96.5,89.7,5510,7.6,97.5,32,77.8,7.8,0
97.6,62.4,8308,7.1,89.2,25,77.7,22.0,0
98.0,75.0,1058,3.9,52.6,36,75.2,14.1,1
97.3,74.8,10915,7.3,116.0,48,64.2,18.5,0
93.6,89.2,6888,7.9,65.2,47,91.0,11.6,0
94.2,66.2,7315,7.6,69.2,65,76.7,11.6,0
97.5,81.6,13502,6.7,97.7,25,91.8,13.4,0
97.8,84.9,8372,6.1,120.0,36,70.1,26.6,0
93.4,79.9,5929,6.1,99.1,25,91.0,14.74,1
96.7,74.1,4275,8.1,89.9,26,72.5,16.3,0
96.49510331821844,111.3,2091,3.6,52.4,42,89.2,9.5,1
96.5,84.0,13979,6.1,91.8,25,99.7,15.7,0
97.7,81.2,9681,7.4,102.6,28,84.2,8.5,0
96.9,63.3,10475,7.2,89.6,25,96.5,7.0,0
99.2,84.6,10500,7.1,92.2,74,85.7,10.7,0
97.9,68.5,5702,7.2,91.1,25,86.5,10.1,0
91.8,103.6,2911,5.9,82.3,31,91.1,14.3,1
97.5,77.9,8079,7.4,118.2,25,68.9,18.5,0
93.1,85.0,6083,5.9,95.2,25,84.0,17.39,1
96.3,66.0,5300,6.7,96.0,25,79.3,20.3,0
98.0,88.3,5614,6.3,94.5,25,88.0,14.93,0
95.5,86.5,5307,6.4,78.7,25,84.0,12.53,0
95.8,79.8,6114,6.1,110.1,25,80.1,22.3,0
97.1,83.2,8310,7.8,87.3,25,88.5,-1.0,0
92.3,87.9,23003,7.0,65.0,75,59.0,21.14,0
96.3,67.9,4587,7.6,118.7,25,71.3,17.3,0
97.7,66.6,3284,8.7,83.5,36,91.6,9.9,0
98.0,77.0,6730,6.6,91.0,25,73.0,18.1,0
90.5,103.7,2375,5.2,44.3,39,65.6,18.7,1
95.8,66.8,5241,8.2,110.0,65,66.6,22.4,0
98.6,88.4,6676,5.1,101.5,25,80.9,11.5,0
96.5,62.2,10128,8.1,91.6,35,70.2,13.5,0
92.5,91.5,4161,4.2,75.0,25,85.0,18.7,1
92.2,93.5,3185,5.0,73.3,25,100.0,9.5,1
97.4,79.5,9307,7.2,90.9,39,94.9,2.5,0
99.1,64.7,3962,7.2,89.3,25,89.8,8.7,0
95.1,81.2,9583,7.0,90.0,25,87.4,18.0,0
95.0,66.9,9675,8.2,101.9,84,80.8,15.3,0
92.4,73.8,1555,1.8,76.9,75,97.0,4.84000000000003,1
96.3,60.4,5970,7.2,120.0,31,84.5,20.1,0
94.1,81.1,5311,6.0,79.2,75,85.0,4.83000000000004,0
98.9,86.2,5481,3.8,89.1,25,69.0,16.75,0
96.6,69.0,7770,6.2,90.6,25,73.2,14.4,0
95.6,85.2,8496,8.0,101.2,36,79.2,17.1,0
96.7,51.7,5738,8.5,81.9,84,38.4,28.6,0
96.2,57.7,6395,5.0,104.7,46,91.6,16.8,0
96.9,68.8,7214,7.3,89.2,200,93.1,0.7,0
98.3,73.8,840,7.4,94.0,25,93.0,12.09,0
96.6,86.3,6311,8.4,87.8,93,100.0,5.7,0
98.0,75.0,0,5.7,56.7,25,81.0,7.03000000000003,1
95.0,83.6,5892,6.1,79.2,25,93.0,3.01000000000005,0
92.2,104.4,3859,4.9,87.7,25,81.5,21.5,1
98.9,68.2,7563,6.9,107.2,49,95.2,19.8,0
97.6,55.5,5604,6.1,106.0,26,80.6,20.4,0
99.1,86.5,1535,6.4,93.1,25,99.0,10.67,0
93.6,74.3,8654,6.8,57.2,66,89.7,1.7,1
98.2,88.5,5924,6.2,107.3,75,75.0,19.91,0
96.3,66.2,7523,7.7,84.9,104,89.9,6.9,0
95.8,76.1,8807,7.9,77.4,29,67.4,19.8,0
97.1,78.2,4404,7.5,100.7,26,67.5,20.8,0
96.7,82.1,2498,9.0,88.0,174,88.6,1.1,0
99.7,81.4,3923,6.7,91.6,25,94.0,7.2,0
97.4,77.1,6345,6.3,89.1,25,84.2,18.0,0
95.6,65.3,5986,8.0,112.9,25,74.5,19.8,0
95.61541892144602,68.5,189,5.2,55.0,75,85.0,0.660000000000025,1
99.5,75.9,7915,7.2,113.9,25,93.6,15.1,0
95.8,59.7,4574,5.7,80.2,41,71.2,19.4,0
93.0,103.2,3056,4.8,60.4,125,90.4,16.9,1
95.4,82.3,5943,7.1,93.4,25,83.9,20.6,0
91.6,91.7,1815,7.0,88.7,75,74.0,1.56,1
98.4,58.4,4112,5.9,87.0,25,76.6,13.4,0
97.2,80.7,10375,5.4,112.8,25,68.1,26.2,0
97.7,76.6,6108,6.3,117.7,25,58.2,27.4,0
94.0,74.3,10107,8.4,70.3,25,79.0,17.6,0
94.7,53.8,9209,6.6,68.1,84,80.9,10.4,0
93.1,80.9,2141,7.8,102.9,25,74.0,7.16000000000003,1
97.1,74.6,10609,7.9,85.3,76,83.9,14.2,0
96.7,70.1,4131,7.7,90.6,25,90.2,7.7,0
96.2,66.2,8864,5.7,100.2,78,96.4,0.6,0
96.3,68.8,9439,6.7,79.6,41,83.6,4.8,0
97.9,58.2,4662,6.8,87.5,25,98.1,17.9,0
97.4,74.1,10599,6.6,101.0,47,81.8,18.0,0
95.6,50.0,9298,6.3,84.6,53,84.4,3.2,0
95.6,66.4,8379,6.7,95.8,33,67.2,22.3,0
96.2,67.4,9148,7.7,86.7,25,99.1,4.7,0
97.1,63.6,3464,9.3,114.8,27,71.5,18.2,0
92.3,59.4,6280,5.3,59.3,25,100.0,17.9,1
92.1,91.2,4368,5.2,92.0,80,91.8,13.3,1
92.0,90.4,2903,5.1,112.3,43,75.7,13.6,1
89.6,113.4,2096,3.8,44.5,41,97.8,7.1,1
98.1,81.3,5992,6.5,94.8,78,62.1,18.9,0
95.9,55.2,3242,8.2,83.4,25,76.8,18.0,0
95.1,73.0,9736,7.4,78.1,62,92.6,13.5,0
99.6,80.8,6919,7.2,91.7,64,87.4,17.7,0
98.3,83.4,5611,6.3,92.4,25,96.0,9.92000000000002,0
99.2,76.7,6409,7.0,92.5,25,91.2,6.8,0
94.2,70.8,7536,6.9,66.6,73,93.9,6.5,0
96.9,71.5,5600,5.9,111.2,25,74.0,19.92,0
93.8,82.2,4057,6.4,82.9,34,90.0,12.5,0
93.0,85.0,19516,7.2,64.0,25,67.0,19.76,1
97.7,87.5,5684,8.2,98.1,25,100.0,12.6,0
90.9,95.6,1597,6.1,43.8,25,79.6,8.8,1
98.4,59.8,3796,7.3,82.8,27,91.4,16.5,0
98.3,80.5,6087,6.7,80.2,75,95.0,9.39000000000004,0
99.7,72.9,4387,7.7,109.4,73,52.5,19.9,0
92.0,80.6,6694,8.5,77.8,52,70.7,11.7,1
100.0,82.7,6032,6.2,110.0,25,62.0,25.15,0
99.1,55.9,7995,7.7,110.3,25,100.0,14.3,0
96.9,84.7,6883,7.8,110.1,71,41.4,28.2,0
97.4,66.2,11021,6.0,67.5,25,89.2,14.1,0
97.2,63.8,5939,7.3,112.7,33,77.7,13.2,0
90.4,92.3,2348,3.1,64.4,25,83.2,18.3,1
97.8,86.7,9469,7.2,96.8,25,90.6,10.9,0
95.4,80.5,5978,6.0,79.2,25,90.0,8.27000000000004,0
98.6,74.0,7017,6.7,91.7,25,94.8,8.5,0
95.0,75.7,5443,7.3,69.7,85,82.7,12.2,0
93.6,68.2,8308,7.9,60.3,69,53.8,26.1,0
91.7,78.6,773,6.8,84.7,25,86.0,15.75,1
95.3,67.2,10135,9.7,81.1,25,81.5,14.7,0
94.7,68.2,6299,6.5,65.8,25,83.7,13.1,0
96.3,81.8,8476,8.0,90.5,58,85.5,19.6,0
99.9,71.0,4607,8.1,109.7,25,61.2,26.2,0
96.3,78.2,7264,8.1,75.9,26,93.6,0.2,0
89.8,116.1,929,4.1,54.8,33,78.8,6.0,1
92.6,86.4,477,6.3,94.0,25,92.0,6.30000000000001,1
98.0,82.7,5428,6.1,92.7,25,88.0,12.48,0
99.1,75.2,7156,6.1,99.3,25,75.9,13.2,0
92.0,89.8,6961,6.1,67.8,25,86.7,1.8,1
92.0,101.6,4510,6.0,86.9,26,89.2,7.5,1
97.5,60.6,7593,6.3,103.1,86,71.1,17.8,0
93.4,66.6,382,8.6,96.3,25,86.0,5.27000000000004,1
94.9,64.8,8181,6.9,77.7,25,79.9,16.0,0
98.0,79.9,8330,8.5,96.1,38,83.7,12.5,0
95.9,55.4,2697,6.2,79.5,174,70.4,9.9,0
97.9,74.6,10349,6.8,72.5,25,83.3,17.2,0
97.3,68.6,4902,6.6,101.1,25,94.1,11.6,0
92.9,81.9,9790,8.9,49.6,30,76.4,3.2,1
96.8,71.5,9495,6.1,110.9,87,38.3,26.3,0
98.0,69.1,5586,7.0,94.3,25,81.0,19.6,0
96.8,87.2,4656,8.5,81.0,33,82.7,6.0,0
91.9,80.7,552,8.2,98.0,25,81.0,6.43000000000001,1
95.2,86.1,5433,6.2,72.8,25,94.0,5.54000000000002,0
92.8,73.3,6500,6.9,64.3,83,56.7,27.2,0
93.1,97.4,4152,6.5,91.3,42,97.0,9.1,1
96.3,71.3,2358,6.0,105.5,25,70.6,12.1,0
97.0,86.8,10746,8.3,75.2,25,68.5,8.3,0
90.2,89.4,6069,6.4,43.8,25,69.0,18.65,1
96.8,62.1,9485,6.7,117.6,60,75.8,12.0,0
99.3,64.2,9842,7.0,98.7,33,83.8,15.2,0
97.5,67.7,7990,8.0,88.5,25,100.0,8.7,0
91.7,96.6,3402,5.7,115.3,25,85.9,5.0,1
96.8,61.7,5826,8.0,108.3,77,51.4,21.3,0
96.79052854675066,73.4,7025,7.3,57.1,39,61.0,17.0,1
92.3,65.8,886,3.5,90.9,25,96.0,9.14000000000004,1
99.3,70.7,7054,6.8,109.5,25,61.6,17.7,0
96.1,65.6,6493,7.2,97.6,37,93.7,14.1,0
96.8,84.9,12721,9.6,69.8,25,89.3,19.8,0
94.6,87.5,10534,8.9,72.4,75,97.0,6.5,0
93.8,59.3,5401,6.7,71.7,33,84.7,8.7,0
97.7,78.1,9870,6.8,87.0,25,92.0,3.6,0
96.4,62.7,5834,8.1,81.0,86,60.6,22.6,0
99.3,63.7,9721,7.6,110.9,32,75.8,12.9,0
98.3,81.8,5551,6.7,93.1,25,92.0,14.18,0
92.8,63.9,7634,7.0,57.4,43,79.7,5.7,1
96.6,69.1,10059,7.2,71.3,37,83.2,3.1,0
96.3,80.4,5695,6.3,99.7,25,77.0,10.63,0
98.0,77.6,11453,6.4,79.9,32,71.6,9.8,0
96.7,57.0,3504,6.5,86.6,25,88.2,15.5,0
97.0,62.1,7860,7.7,83.7,29,78.7,19.4,0
93.6,58.0,6548,7.9,66.2,31,88.3,8.7,0
98.1,68.3,6822,6.6,85.8,25,83.5,15.7,0
93.8,63.1,9922,8.0,89.3,29,55.7,20.8,0
99.2,52.9,7513,7.5,74.8,25,74.0,6.0,0
91.6,95.5,3430,5.4,61.5,25,89.3,10.6,1
96.6,68.3,5353,5.9,120.0,28,95.4,13.3,0
92.6,83.2,6261,8.2,61.9,25,89.0,5.13,1
93.0,94.4,3524,3.1,81.6,49,86.7,5.5,1
98.0,72.6,8248,6.4,78.1,29,86.2,15.7,0
92.1,102.6,3045,4.4,81.7,25,91.6,10.4,1
97.7,87.4,5949,6.1,84.7,42,72.6,19.3,0
96.6,80.5,5575,7.8,90.2,28,94.8,7.2,0
89.7,106.2,2365,4.8,54.7,25,83.3,5.4,1
95.7,50.0,5537,7.5,120.0,25,93.7,7.5,0
99.4,86.2,8931,5.5,97.4,52,68.2,-3.0,0
95.0,84.2,4334,8.1,60.3,25,62.2,19.9,0
95.5,73.5,6630,6.6,107.9,25,77.2,15.1,0
97.2,75.2,2000,7.9,99.1,25,100.0,0.1,0
98.9,75.5,10045,7.9,86.6,55,86.8,0.9,0
95.7,55.7,8656,7.2,75.8,25,89.6,10.1,0
97.7,78.3,7553,7.3,106.5,25,36.0,26.1,0
91.1,87.9,6010,6.3,55.3,25,88.0,14.84,1
96.4,73.3,6167,7.4,80.0,25,82.7,14.2,0
96.9,63.3,7785,7.3,79.6,83,87.0,7.7,0
96.5,68.0,5890,8.6,89.5,25,92.4,11.4,0
92.2,93.9,2559,5.4,89.1,75,85.7,17.1,1
92.6,77.3,2766,5.8,75.3,25,62.5,20.7,1
96.3,64.7,12291,5.8,89.9,79,81.4,8.1,0
96.7,81.3,5069,6.3,86.9,36,79.6,16.4,0
92.3,74.0,3341,8.6,73.4,25,77.4,11.9,0
98.8,79.0,4866,6.2,98.0,36,79.1,14.7,0
96.5,75.8,4289,5.3,78.2,65,80.9,19.2,0
90.2,107.0,1360,3.1,57.4,180,79.5,14.8,1
97.8,84.0,6815,6.1,103.0,29,85.1,4.2,0
95.8,87.3,6128,6.2,107.9,25,81.0,10.5,0
98.6,66.9,8362,8.5,90.5,25,85.5,11.5,0
96.9,79.8,7251,7.3,96.8,25,89.9,7.4,0
98.4,77.6,3679,8.6,97.0,25,97.5,16.1,0
96.0,61.9,7752,5.4,73.2,82,88.0,11.1,0
97.6,67.5,9501,7.1,79.4,44,95.6,7.2,0
97.6,79.2,5750,5.9,115.1,25,76.0,16.7,0
91.6,104.3,4281,6.4,71.7,25,87.6,17.9,1
96.5,67.9,6533,7.8,96.1,25,94.6,15.2,0
97.0,60.2,3003,6.8,102.0,60,57.9,22.7,0
92.9,99.0,3238,5.8,85.3,55,89.2,5.3,1
92.8,91.9,3527,5.9,81.3,44,76.7,18.9,1
94.4,73.1,5383,7.2,68.3,147,83.3,10.8,1
99.1,71.7,14932,8.0,81.0,31,93.3,15.5,0
95.0,81.1,8466,7.6,57.9,25,68.9,3.3,1
98.1,58.6,5099,7.2,89.6,34,75.3,9.7,0
96.4,64.5,6833,8.0,105.4,25,47.1,23.3,0
93.0,89.5,18894,7.8,65.0,125,85.0,8.89000000000004,0
89.3,88.3,7462,6.3,51.5,25,96.0,11.52,1
97.5,62.8,5529,8.7,86.0,67,65.7,24.1,0
96.2,78.9,8153,8.4,100.9,25,72.6,8.3,0
97.9,64.2,5183,7.0,111.6,85,44.6,28.8,0
97.9,75.6,6607,7.3,91.6,25,84.6,11.0,0
98.5,68.9,5683,6.9,109.3,77,41.1,27.9,0
95.49885010626824,82.2,6039,6.3,43.0,25,83.0,18.33,1
96.1,64.5,7789,7.6,82.2,25,78.7,20.8,0
96.0,86.7,5668,6.2,79.7,25,82.0,9.44,0
97.8,69.7,4662,5.8,93.1,25,92.9,14.1,0
98.4,79.0,6494,7.4,95.9,25,89.4,11.5,0
95.1,57.8,5759,9.3,81.4,25,79.5,16.4,0
93.9,79.7,6240,6.2,72.2,25,93.0,-2.73999999999995,0
96.1,63.1,8186,7.0,84.9,28,91.9,12.7,0
95.7,79.1,9884,6.4,82.7,25,85.5,9.7,0
89.8,104.3,2818,4.3,58.9,29,86.9,9.4,1
95.8,74.0,4584,6.4,65.3,87,99.8,6.3,0
92.9,65.2,3940,7.3,66.4,62,52.7,25.6,0
92.9,69.8,6917,8.7,56.2,37,75.1,18.2,1
93.0,90.2,2191,4.9,102.4,37,71.7,13.3,1
98.0,63.8,5619,8.0,83.9,33,93.9,8.6,0
92.1,91.5,2678,6.4,65.0,28,83.5,14.5,1
99.4,74.7,4827,8.2,100.9,32,95.5,18.7,0
98.3,59.8,8247,5.6,99.9,32,79.2,14.0,0
98.0,75.0,1042,5.7,48.2,81,76.8,13.4,1
95.9,75.6,6105,5.6,76.8,25,84.0,17.77,0
93.2,87.6,3052,5.8,90.6,28,80.4,2.4,1
94.3,90.0,7363,8.7,63.3,84,73.9,14.0,0
97.2,87.6,4800,6.8,107.7,25,32.3,25.8,0
95.6,62.0,7533,6.6,78.6,25,90.5,15.3,1
93.2,58.6,8927,6.9,59.8,34,100.0,4.7,1
93.9,85.0,12070,6.8,62.5,25,97.8,10.2,0
98.1,79.0,7306,8.5,86.2,25,84.3,9.1,0
97.6,70.2,6017,7.7,93.3,27,77.1,15.3,0
94.4,82.0,8297,7.8,67.3,39,73.5,11.4,0
99.5,69.8,11613,6.8,81.8,54,76.3,17.7,0
96.6,81.7,5784,7.7,94.5,27,96.3,14.3,0
97.0,89.9,7980,6.0,105.6,25,68.1,12.1,0
92.1,92.9,4468,4.9,93.3,25,88.0,10.5,1
97.1,76.1,606,5.1,82.4,25,65.0,19.01,0
95.3,71.1,6592,7.4,84.6,80,62.2,24.3,0
91.4,80.8,5723,6.8,50.2,75,80.0,17.29,1
99.5,88.7,5951,6.5,81.1,25,97.0,2.05000000000001,0
96.8,69.0,7605,8.1,115.3,27,86.4,6.5,0
97.9,67.6,9014,8.6,90.6,60,88.2,7.9,0
96.5,60.5,6722,7.7,98.8,25,75.7,15.3,0
98.3,83.5,7612,7.8,93.9,181,95.7,2.6,0
96.8,74.6,6715,8.0,69.8,25,66.1,16.0,0
94.2,52.9,7023,6.2,68.7,26,87.8,17.8,0
96.7,70.2,6598,6.3,91.6,40,76.4,14.3,0
93.8,81.8,5465,6.6,73.3,25,95.0,7.52000000000004,0
95.7,85.4,6386,6.7,80.6,25,85.9,6.0,0
89.1,70.8,98,1.4,54.6,25,93.0,2.09000000000003,1
95.6,66.8,6272,7.6,80.9,90,78.4,8.9,0
97.3,74.5,7641,7.4,85.2,40,75.4,19.5,0
96.9,82.6,4140,7.1,93.6,25,89.7,10.1,0
92.6,90.0,6983,7.7,50.0,33,76.8,2.2,1
97.0,72.9,9660,7.9,88.2,25,79.8,15.4,0
90.3,106.2,2470,2.0,46.9,25,80.4,11.1,1
97.1,79.7,7983,5.5,87.9,31,76.8,20.1,0
94.3,77.4,6452,7.2,56.0,30,87.8,20.4,1
95.6,85.8,6069,6.0,78.7,25,83.0,16.89,0
95.6,83.2,10403,5.5,78.7,25,83.0,11.7,0
93.1,60.6,11422,6.9,66.9,75,83.2,4.7,0
94.2,59.1,4465,6.2,77.9,40,80.2,15.6,0
91.6,91.6,461,6.4,91.9,25,94.0,7.67000000000002,1
96.3,59.2,5363,6.5,87.0,70,78.0,6.2,0
96.3,64.3,6460,5.0,115.8,28,71.0,18.4,0
97.6,67.1,8509,7.8,102.3,25,80.7,11.5,0
99.2,87.2,8038,5.2,114.1,25,88.3,16.6,0
96.0,73.9,5038,5.1,90.1,42,83.4,15.5,0
92.9,90.2,6493,6.4,60.2,25,95.0,15.24,1
96.2,72.1,5405,7.0,104.5,25,92.6,14.6,0
98.1,76.0,6379,8.0,107.2,25,64.9,15.4,0
97.2,57.9,7004,6.7,94.7,33,89.9,7.5,0
97.8,84.7,6329,6.7,80.4,38,84.1,6.8,0
96.3,77.3,4079,6.9,112.0,200,39.4,37.0,0
97.2,64.2,7536,7.2,108.8,33,76.2,13.7,0
96.2,68.4,5735,5.8,113.8,71,63.3,27.1,0
97.7,69.6,10330,7.7,87.5,47,85.2,20.1,0
99.6,62.1,6106,6.9,102.9,29,99.0,12.8,0
96.4,64.4,3450,6.8,87.3,25,77.5,18.0,0
97.5,55.1,7592,5.4,117.7,25,70.9,15.1,0
96.1,90.9,5752,9.0,87.0,25,86.0,10.61,0
95.7,76.0,8981,5.7,85.6,25,67.4,20.6,0
95.8,72.8,4889,6.6,77.2,25,83.9,3.6,0
97.4,81.7,6637,7.8,92.6,32,82.1,16.6,0
96.3,83.4,13379,7.2,82.9,25,95.0,8.26000000000005,0
98.0,75.0,11846,9.2,59.3,36,76.2,17.8,1
90.7,87.7,4199,6.6,47.8,75,97.0,12.05,1
97.4,68.5,10803,5.0,95.2,33,89.7,20.3,0
98.1,57.3,8479,7.5,91.3,25,92.0,10.4,0
97.8,70.2,2487,7.7,120.0,46,65.7,14.1,0
92.7,75.5,2090,5.9,91.9,25,79.0,8.05000000000001,1
93.8,71.2,9049,7.5,68.1,29,70.6,16.7,0
93.4,76.3,4647,6.0,66.4,25,86.6,12.8,0
98.2,70.8,2846,5.7,77.4,32,87.9,12.5,0
97.6,69.6,8974,6.6,110.3,32,83.1,19.6,0
96.2,72.9,7711,6.7,96.6,28,91.1,16.3,0
96.3,70.9,2919,5.9,102.5,25,91.0,18.0,0
97.9,71.0,9470,7.3,100.5,69,73.7,23.0,0
90.8,81.3,8835,6.0,58.4,25,88.0,11.46,1
99.1,73.9,4611,7.9,89.3,73,100.0,12.6,0
98.1,88.5,9517,6.6,83.8,25,88.2,5.6,0
93.7,68.4,7360,5.9,63.6,25,86.8,8.8,0
99.6,68.8,6636,6.8,108.1,74,45.1,24.9,0
93.6,86.7,2845,6.1,83.6,25,95.3,17.4,1
93.1,102.8,4664,6.7,60.8,25,80.7,11.8,1
98.8,89.1,7731,8.0,90.6,25,68.0,18.89,0
97.0,68.7,10945,6.7,100.7,25,47.8,28.9,0
98.7,83.4,6052,6.4,80.4,25,87.0,13.34,0
94.0,75.4,9402,7.0,70.2,25,78.8,17.6,0
99.3,68.7,9455,7.4,92.3,27,91.4,14.1,0
99.5,81.6,6525,7.8,77.9,25,65.8,12.3,0
98.0,75.0,1844,4.7,46.6,30,96.7,1.0,1
92.0,89.7,3068,5.3,96.6,25,66.4,-1.0,1
95.6,79.3,11876,6.6,107.2,25,74.7,23.1,0
92.9,71.7,5793,6.5,60.1,25,97.0,12.48,1
100.0,66.4,10265,7.1,85.3,25,92.2,3.9,0
98.0,65.3,7074,7.0,77.5,65,98.3,8.8,0
96.1,87.3,8368,7.6,120.0,25,63.7,21.7,0
99.2,66.1,10024,6.8,101.1,25,87.1,4.7,0
100.0,73.9,4986,9.5,91.7,75,83.3,17.0,0
98.2,58.4,2000,8.2,111.9,25,94.5,5.1,0
99.4,74.9,3857,7.1,90.9,25,67.6,15.2,0
94.8,70.8,7799,9.4,65.0,25,86.5,14.3,0
94.8,76.7,8101,7.7,68.8,25,87.7,8.8,0
94.7,73.6,6090,6.9,71.9,28,64.3,20.7,0
92.2,73.5,250,3.9,89.8,75,88.0,0.200000000000045,1
93.8,88.5,6903,7.4,62.7,57,98.8,4.5,0
93.0,92.5,3028,6.0,62.7,145,89.7,13.6,1
97.8,82.3,8098,7.9,83.8,25,73.2,18.8,0
95.8,65.6,10924,6.6,68.2,31,90.1,13.3,0
89.6,85.8,6530,7.3,58.1,25,83.0,6.90000000000003,1
97.8,65.3,6658,7.3,93.1,25,73.1,21.6,0
96.0,84.1,3649,8.2,85.4,75,95.0,14.87,0
97.7,50.0,11470,7.3,75.6,30,57.2,15.6,0
96.3,68.4,5630,5.2,84.8,25,93.4,8.8,0
92.0,95.1,3768,4.7,86.5,37,78.9,3.3,1
96.9,62.8,2533,8.5,113.5,25,76.7,21.3,0
89.5,87.3,7308,6.1,50.8,25,82.0,14.58,1
95.7,65.1,5819,7.2,110.4,35,71.4,17.4,0
92.1,84.2,7774,7.4,64.9,68,86.6,22.1,0
91.8,112.6,2416,4.8,53.0,25,71.1,10.3,1
96.2,59.8,5319,6.7,114.7,39,77.5,12.9,0
95.5,66.6,5043,7.1,105.9,25,71.9,17.1,0
89.8,120.4,1135,4.3,38.6,25,74.8,13.8,1
95.0,77.0,5856,7.4,81.5,25,84.4,14.9,0
95.8,67.1,8830,8.5,89.8,34,82.4,21.6,0
97.4,67.5,6204,6.6,84.1,102,94.0,9.9,0
94.9,74.6,12453,9.3,77.9,25,94.7,3.4,0
93.7,68.2,6278,6.7,55.7,25,60.8,25.8,1
96.4,66.5,10640,5.6,115.6,25,68.9,18.0,0
99.2,76.4,9279,6.8,107.1,25,87.9,11.5,0
98.0,75.0,2028,4.9,57.6,25,84.7,13.3,1
99.0,62.4,4368,7.1,97.4,76,86.0,3.2,0
96.9,73.2,11158,6.9,77.2,168,98.0,1.8,0
92.0,74.2,6916,8.6,66.2,25,69.0,15.0,1
95.7,72.9,6055,8.3,118.7,35,75.5,20.3,0
98.4,64.2,6177,7.9,115.1,35,74.5,15.4,0
95.8,72.5,5788,7.9,105.9,25,75.9,22.4,0
92.2,75.5,785,7.4,80.4,25,97.0,11.41,1
98.4,71.6,7425,8.5,96.3,28,76.3,16.3,0
97.2,80.8,4308,8.0,106.3,25,86.6,15.6,0
95.5,77.5,8107,6.6,68.3,60,88.9,2.2,0
92.4,74.0,941,6.9,87.8,25,95.0,8.06,1
89.3,108.0,2139,5.0,47.0,93,97.2,10.0,1
91.1,89.2,5792,6.8,64.4,75,71.0,12.84,1
98.7,64.1,7918,7.2,97.6,32,92.5,14.7,0
93.7,71.7,6251,7.9,85.9,145,73.9,4.5,0
90.6,106.3,73,3.3,39.2,46,78.9,6.4,1
97.1,57.9,5829,6.5,101.4,26,85.7,18.7,0
97.1,77.5,7309,7.9,102.0,37,83.8,17.5,0
99.2,69.6,3681,8.5,102.4,187,78.5,9.7,0
99.0,65.8,5882,7.7,94.9,27,100.0,10.0,0
96.2,65.0,9362,5.5,97.6,25,80.8,13.7,0
98.0,68.4,3658,7.0,91.2,25,77.9,11.9,0
96.1,74.0,13668,6.6,92.8,25,92.3,5.9,0
97.5,81.8,4192,7.4,105.5,25,81.9,15.2,0
97.3,74.4,10064,7.7,89.4,37,75.8,17.0,0
98.8,74.6,8959,6.1,96.9,25,81.9,3.8,0
95.2,77.4,5634,6.2,92.5,25,88.0,12.53,0
99.0,78.9,5179,7.2,91.5,41,90.3,16.0,0
89.7,95.6,2624,5.4,69.5,36,90.4,7.2,1
92.2,97.5,2820,5.0,94.5,37,89.9,7.8,1
96.4,70.3,7835,6.9,109.7,25,64.8,19.6,0
98.0,76.3,8478,7.4,101.1,25,88.7,16.0,0
97.9,65.8,8634,7.6,109.1,49,77.7,16.4,0
97.5,74.1,5391,6.2,120.0,25,92.1,17.0,0
95.4,76.8,7714,8.0,98.4,30,76.8,12.9,0
92.3,78.4,6523,7.0,63.8,31,87.4,19.0,0
98.9,89.0,7810,6.6,94.5,37,84.3,6.3,0
97.9,86.2,6923,7.7,84.0,25,74.6,18.1,0
96.5,64.7,6288,7.0,92.7,104,96.7,15.3,0
94.3,72.0,4696,8.3,67.8,25,92.8,3.6,0
97.5,75.6,6528,6.9,114.3,25,79.1,19.7,0
91.8,88.9,3026,5.8,84.1,30,100.0,8.8,1
96.5,84.8,7319,7.8,88.3,25,88.8,9.0,0
96.8,74.5,10732,5.9,78.4,25,81.9,5.7,0
97.4,61.6,9228,7.9,95.3,33,82.5,18.8,0
97.2,72.9,7338,5.1,90.6,25,87.7,18.5,0
96.7,84.6,5580,6.1,116.2,25,82.0,9.5,0
96.4,80.1,7385,7.3,79.7,45,70.3,22.0,0
96.3,69.1,7168,6.6,107.6,38,71.1,15.4,0
93.2,64.3,8337,7.3,60.4,64,97.0,1.5,0
95.3,86.5,4839,6.9,79.9,53,100.0,12.4,0
95.0,74.6,3249,7.7,76.7,49,81.2,10.9,0
99.6,66.2,6278,7.8,88.6,25,90.6,7.7,0
95.7,75.6,8057,7.1,77.2,75,81.8,4.5,0
93.3,82.0,8191,8.5,70.7,49,81.7,12.1,0
95.2,63.3,3310,7.0,76.8,33,92.4,3.3,1
92.1,77.3,5900,6.3,64.0,25,90.0,17.4,1
92.9,60.5,8510,8.0,60.3,32,81.6,17.5,0
95.5,90.0,7240,6.6,86.8,25,65.1,24.9,0
99.1,75.6,7659,5.9,99.0,25,82.7,13.3,0
90.7,107.6,1628,4.3,42.9,25,59.9,23.8,1
95.0,71.9,8327,6.6,81.5,25,96.7,1.2,0
91.1,109.0,3600,6.0,56.6,41,81.3,18.0,1
96.1,76.5,4940,9.0,95.8,59,94.7,13.1,0
96.7,69.6,7978,6.9,86.3,132,95.0,4.7,0
95.8,70.4,4720,7.1,85.7,26,100.0,13.3,0
96.3,66.6,5426,6.1,83.9,25,61.3,14.3,0
92.4,86.7,3641,4.6,97.1,59,88.0,13.4,1
97.3,69.7,2734,6.6,85.3,46,96.9,8.4,0
96.5,82.9,3286,8.6,78.6,25,83.6,15.8,0
92.9,76.4,9167,8.7,60.6,25,84.0,18.2,0
98.4,64.3,7811,7.9,68.1,200,91.1,1.7,0
95.0,67.5,5805,8.9,71.5,29,79.7,15.9,0
92.4,99.7,3885,4.7,87.3,40,84.4,14.7,1
95.7,79.0,6222,7.0,68.7,25,84.3,11.7,0
95.6,77.5,6025,8.7,78.3,25,74.2,18.1,0
97.4,53.6,5417,6.6,108.6,25,100.0,3.6,0
91.3,80.8,6307,6.1,46.5,25,95.0,1.81,1
95.6,71.4,6622,7.2,73.9,36,71.2,6.9,1
94.9,69.0,9591,7.0,76.3,25,86.8,2.0,0
95.6,59.9,7679,7.0,86.0,30,62.2,20.5,0
99.8,81.1,8840,7.5,101.8,25,53.4,22.4,0
97.7,84.8,8444,5.4,83.0,25,76.1,21.0,0
99.3,72.4,5946,6.8,95.7,73,75.6,21.0,0
96.0,60.6,2357,6.5,87.8,76,69.7,20.7,0
99.1,83.5,5633,6.4,92.6,25,92.0,12.28,0
94.6,73.7,9610,6.4,53.4,25,83.6,6.3,1
99.3,85.7,5726,6.9,89.3,32,84.2,13.6,0
95.8,65.0,6866,6.8,89.8,25,81.8,16.1,0
98.2,81.7,3598,7.1,85.5,25,82.0,15.93,0
96.2,74.6,6223,7.4,114.5,25,74.8,11.5,0
97.6,73.6,5012,6.2,90.2,34,81.1,0.6,0
96.0,54.2,10605,7.9,72.6,52,74.0,17.8,0
92.6,84.3,3698,6.4,65.0,75,73.0,22.48,0
97.7,75.9,7620,8.5,104.0,25,68.2,19.2,0
97.0,70.5,8116,6.9,106.0,69,72.6,17.0,0
90.4,105.8,1354,5.4,57.7,25,89.6,15.6,1
97.7,76.8,5858,6.6,103.3,25,85.0,10.6,0
91.4,106.3,4374,5.4,77.0,120,64.9,7.5,1
96.2,88.6,6112,6.0,94.8,25,93.0,14.75,0
97.9,78.3,6596,6.8,98.8,47,54.2,26.3,0
96.3,64.8,7351,7.7,96.4,25,93.2,14.2,0
97.7,77.0,5852,7.2,119.0,41,75.8,17.9,0
99.1,70.4,3965,7.8,114.8,48,78.2,11.9,0
89.9,79.8,5769,5.4,46.3,25,80.0,7.45000000000005,1
98.4,74.2,6273,8.1,79.7,25,78.2,17.8,0
89.4,113.3,1623,5.0,53.2,25,100.0,15.3,1
96.0,80.7,7088,5.0,97.5,25,96.0,7.14000000000004,0
93.1,79.1,1884,7.2,88.7,75,82.0,9.13,1
96.2,70.2,8745,7.0,80.7,72,99.2,13.3,0
96.9,84.6,7543,6.7,68.9,52,81.9,23.0,0
93.4,117.2,1429,4.6,55.0,25,86.5,5.3,1
92.0,84.0,6175,5.9,63.5,75,99.0,14.48,1
93.8,50.0,9253,5.5,56.3,25,88.1,11.7,1
90.3,113.5,2157,3.7,54.5,72,81.0,-0.9,1
97.8,81.9,6985,8.4,92.9,94,75.3,9.2,0
96.0,51.9,6671,7.6,72.4,34,89.6,11.7,0
94.7,78.4,8735,8.2,60.6,67,48.2,25.4,0
93.4,96.1,3070,6.0,93.0,34,80.7,10.6,1
98.0,61.1,8397,8.3,83.3,36,91.4,10.1,0
97.5,69.4,8039,7.7,90.1,28,80.8,19.8,0
92.1,98.6,3409,4.0,109.9,25,80.6,14.2,1
95.6,64.1,7947,7.7,100.2,25,69.0,14.2,0
97.7,88.4,2425,8.6,85.3,25,76.0,18.64,0
96.3,83.1,5488,6.4,84.2,25,77.0,16.29,0
90.9,111.8,2579,3.9,44.5,25,90.6,18.1,1
98.4,71.6,7234,8.0,108.4,25,60.9,14.5,0
91.1,96.4,4492,3.4,60.5,25,88.5,9.2,1
98.2,81.3,5810,6.1,84.8,25,56.0,3.24000000000001,0
89.5,105.7,1373,4.0,51.9,25,87.2,17.7,1
95.6,78.1,7067,7.7,75.4,34,82.3,14.6,0
91.7,96.0,2215,5.4,72.6,25,81.9,18.4,1
98.2,81.9,8660,8.1,118.5,37,82.8,17.6,0
96.2,74.8,8413,7.9,74.7,71,81.0,3.6,0
92.6,70.8,6131,6.6,71.6,76,87.7,4.4,0
98.6,86.7,11759,7.5,85.5,25,79.0,17.72,0
95.7,74.2,7318,6.4,71.7,31,83.0,9.1,0
93.7,71.9,6350,6.0,64.6,57,79.1,18.0,0
93.3,64.1,5111,6.2,82.0,29,78.7,17.0,0
96.5,84.0,10952,7.6,84.9,25,97.0,14.73,0
96.3,71.7,5369,6.7,63.6,41,90.6,11.2,0
96.5,90.0,4622,7.2,74.4,25,87.4,20.2,0
97.5,69.5,10960,7.8,81.0,25,87.6,13.9,0
96.0,62.7,4585,6.2,92.7,38,83.3,10.6,0
91.7,99.2,2180,6.1,62.7,25,85.5,8.2,1
96.2,80.5,8216,5.7,83.1,36,88.5,12.1,0
97.3,70.3,6381,6.4,92.7,25,84.8,16.3,0
95.7,75.1,1205,7.7,74.5,75,96.0,5.16000000000003,0
97.3,74.2,7396,5.4,117.3,27,79.0,6.4,0
97.0,63.6,6760,7.3,104.8,30,70.0,18.1,0
91.6,95.2,2529,4.9,78.7,46,88.7,8.8,1
92.4,95.1,2944,5.3,106.7,25,87.4,16.1,1
96.2,73.2,2564,7.6,109.8,70,30.7,30.4,0
97.3,74.5,8435,5.8,88.8,32,93.3,14.6,0
94.7,70.5,6727,8.5,73.1,79,98.2,6.8,0
96.1,75.0,6924,6.2,79.3,126,93.9,8.0,0
97.8,56.7,6855,5.6,87.0,89,73.3,7.9,0
92.3,108.3,2438,6.5,99.5,25,96.5,6.4,1
97.0,72.2,11979,8.4,108.5,89,84.3,15.2,0
94.1,72.1,9046,7.5,84.7,25,84.5,18.5,0
91.7,98.0,2115,5.1,118.0,30,89.8,13.5,1
100.0,60.1,8012,7.4,112.2,63,65.6,26.9,0
95.8,76.2,3041,7.3,117.4,25,75.8,20.0,0
94.8,74.9,5995,7.6,66.7,39,86.1,8.9,0
95.7,52.2,5752,7.3,66.8,25,81.4,7.2,0
94.0,71.4,6868,7.1,73.9,39,84.2,18.4,0
95.0,62.8,7492,8.7,86.4,25,94.0,3.2,0
96.5,61.8,9086,6.7,83.9,28,78.8,16.7,0
99.1,76.0,9396,6.7,102.1,25,78.6,7.5,0
93.2,91.6,3669,6.1,82.8,46,91.9,3.1,1
97.2,84.9,1261,8.3,90.2,25,87.0,16.35,0
98.9,84.3,5991,6.6,93.1,25,91.0,8.96000000000004,0
97.7,81.4,4770,5.9,93.7,25,91.1,2.9,0
94.7,82.4,19941,8.8,65.0,25,87.0,12.19,0
92.9,98.6,2550,4.3,47.2,32,88.6,14.9,1
97.1,74.6,8408,7.0,75.4,33,77.3,6.2,0
98.4,55.1,4045,6.4,93.4,25,80.0,16.7,0
98.2,80.7,5704,5.9,81.9,25,92.0,8.03000000000003,0
92.6,96.1,3702,5.9,84.8,39,96.3,12.7,1
95.6,71.2,7155,8.3,83.8,25,84.6,4.7,0
99.6,69.3,10191,6.9,100.2,25,85.3,8.3,0
97.6,84.5,7849,6.4,86.7,75,81.5,6.1,0
94.1,79.0,4308,8.5,74.4,25,95.2,12.5,0
92.2,92.2,2511,4.5,104.8,25,92.5,10.9,1
97.5,68.7,6018,6.3,102.7,25,73.0,21.1,0
98.6,65.7,7475,6.6,109.3,25,79.5,10.5,0
95.6,78.1,3551,5.8,80.2,39,80.0,11.7,0
91.6,96.6,2890,4.3,102.0,25,89.9,14.4,1
95.7,88.1,9636,7.5,77.0,25,78.0,15.09,0
92.7,75.6,9788,8.1,67.3,59,51.2,25.3,0
95.3,85.1,6651,6.6,71.4,25,86.1,11.8,1
98.1,85.5,6093,6.5,84.8,75,80.0,17.55,0
93.8,78.7,11806,7.9,60.3,25,100.0,9.9,0
98.2,81.7,5485,6.1,109.9,25,58.0,13.92,0
99.3,87.8,15175,6.7,98.1,75,70.0,20.22,0
96.1,78.1,9985,6.2,80.9,25,89.6,12.3,0
95.8,70.6,5800,6.1,89.7,33,85.6,5.0,0
95.7,60.5,5673,6.4,73.5,39,79.4,4.3,0
99.5,65.7,6511,7.8,88.3,66,83.5,12.9,0
91.3,79.4,5382,7.0,61.8,25,98.0,3.52000000000004,1
96.4,65.7,8691,7.4,94.2,26,72.7,16.0,0
92.7,91.8,1196,5.5,89.6,25,86.4,3.8,1
98.0,65.0,6988,6.8,84.6,71,99.2,2.3,0
94.2,72.8,2000,8.2,66.7,25,86.5,10.8,1
96.4,76.1,9102,8.3,88.5,25,87.4,20.0,0
96.3,85.3,7923,7.5,73.9,31,84.2,7.2,0
92.1,99.6,4380,5.6,63.8,25,78.4,9.4,1
95.1,81.4,6034,6.0,90.0,25,80.0,14.06,0
89.4,91.7,2576,5.9,45.7,25,87.6,20.7,1
92.2,78.5,7621,8.1,62.6,44,72.9,12.7,0
98.2,88.1,10400,5.5,86.8,25,65.9,2.9,0
89.3,96.0,2400,3.4,45.1,25,78.9,14.4,1
99.6,75.7,8045,7.1,99.8,50,50.8,22.6,0
93.1,89.1,4866,3.5,99.5,40,100.0,9.9,1
95.7,89.5,8501,7.3,75.1,82,68.8,4.0,0
93.3,94.7,2544,5.8,68.4,25,83.3,3.6,1
94.3,86.2,8065,5.0,65.0,25,77.0,17.35,0
96.6,62.5,5648,7.6,100.0,25,78.9,17.8,0
96.0,68.3,8831,6.5,77.9,25,99.3,12.2,0
99.0,90.0,8617,6.0,93.6,25,88.0,16.7,0
93.4,80.8,650,4.9,81.6,25,85.0,2.40000000000003,1
93.2,99.7,3231,7.0,101.5,35,81.7,19.0,1
99.2,90.0,5097,7.9,95.4,25,78.8,16.0,0
98.5,68.5,4275,7.1,89.9,25,90.8,10.3,0
93.8,62.7,4217,7.4,78.7,35,92.4,11.1,0
94.8,79.1,8851,5.4,69.6,25,79.6,17.7,0
94.6,71.3,3937,6.5,76.1,25,79.6,7.4,0
91.8,93.3,2396,4.7,61.1,25,96.2,9.9,1
97.1,77.0,3466,6.1,89.3,32,92.4,10.4,0
97.7,90.5,5975,6.6,118.8,25,75.0,17.39,0
96.7,79.6,7901,6.6,86.6,25,86.3,14.1,0
97.1,63.5,5032,8.2,66.3,34,81.3,18.9,0
92.3,70.9,7202,7.6,66.9,25,73.7,10.4,0
96.2,59.8,7402,5.7,68.3,39,100.0,0.5,0
95.4,78.5,7472,7.6,67.3,32,74.2,17.8,0
95.7,55.1,4541,6.7,118.2,31,78.8,2.5,0
99.3,67.8,5604,5.7,94.4,72,60.8,24.9,0
97.7,59.6,4908,7.3,106.4,76,55.5,20.2,0
92.6,73.3,892,7.6,85.3,25,91.0,12.43,1
97.21250374432924,83.8,5158,7.9,53.4,25,83.0,12.93,1
97.1,77.1,5459,8.7,104.3,90,69.5,20.2,0
92.4,80.8,8989,7.4,60.8,25,78.0,4.6,0
94.7,88.6,4501,7.3,61.6,25,93.0,11.31,0
92.2,59.2,7627,5.9,68.7,25,72.9,14.4,0
94.0,55.6,5408,6.0,62.8,83,85.7,5.5,0
89.1,98.2,935,4.4,59.4,62,88.5,11.5,1
95.8,89.2,5825,6.2,78.2,25,79.0,12.88,0
99.1,73.5,9287,7.9,120.0,25,75.5,13.9,0
95.7,76.7,11417,8.4,120.0,40,73.7,19.5,0
99.2,63.7,8203,7.4,103.0,156,81.2,8.0,0
97.2,77.5,6779,7.4,86.9,69,69.0,17.9,0
93.4,84.9,1971,7.2,88.7,25,69.0,3.03000000000003,1
93.3,95.5,3729,4.5,104.0,48,99.0,10.1,1
93.0,97.5,3925,6.0,77.0,25,84.8,5.7,1
95.6,80.8,5750,6.3,79.4,30,80.5,16.9,0
96.1,82.2,5404,6.2,91.8,75,80.0,3.77000000000004,0
97.8,80.4,5644,6.5,87.1,25,92.0,17.0700000000001,0
97.5,76.3,11114,6.0,100.7,32,79.5,20.9,0
90.0,89.3,6467,7.7,59.1,25,81.0,11.23,1
98.0,77.3,5814,7.7,105.0,41,86.4,15.4,0
92.2,79.5,5513,5.9,84.4,25,79.0,22.05,1
96.2,74.8,7199,6.2,93.8,25,100.0,8.4,0
98.3,75.7,8521,7.4,82.9,25,96.8,13.8,0
91.6,100.0,2163,7.0,69.8,25,65.5,20.4,1
95.2,83.7,7386,7.5,55.6,41,92.8,7.3,1
97.2,71.2,8702,6.9,104.4,35,91.4,11.4,0
95.0,73.6,6395,7.2,80.2,27,88.7,18.4,0
93.9,60.3,6273,7.7,72.5,28,96.1,11.3,0
96.57707054690806,67.1,9371,7.9,59.8,30,73.9,17.6,1
94.0,79.9,3899,6.4,67.3,79,91.6,6.6,0
96.8,78.3,4435,8.1,90.8,25,88.9,8.1,0
97.4,77.7,7810,5.9,76.9,117,93.5,16.7,0
94.6,71.2,7110,7.5,60.8,27,71.1,16.6,0
95.8,76.3,8923,7.6,94.5,32,73.0,14.3,0
91.5,95.9,2888,7.0,108.6,25,89.1,15.9,1
93.2,76.7,7964,6.2,61.8,25,97.0,5.9,0
99.9,85.6,4196,8.8,89.6,31,93.1,14.1,0
89.7,104.3,1604,3.5,53.1,25,93.9,8.5,1
89.8,96.0,1232,5.4,66.9,25,83.6,13.2,1
95.8,79.6,6263,6.5,75.8,75,92.0,10.55,0
96.4,60.7,7589,6.4,103.3,52,49.4,27.5,0
92.8,97.6,2143,5.6,69.9,25,92.4,4.6,1
96.1,87.3,7778,7.4,91.2,29,94.0,10.3,0
96.20255425029092,88.2,1995,5.2,53.5,25,97.0,7.39000000000004,1
97.6,62.1,4338,6.3,89.4,25,89.4,13.9,0
99.6,62.2,7189,7.5,85.8,31,84.2,13.7,0
96.3,73.8,10997,8.6,96.9,41,76.3,15.8,0
92.0,94.2,1917,5.3,67.7,25,86.0,16.4,1
97.9,79.7,4116,7.6,80.1,25,77.9,21.0,0
99.6,72.6,2000,6.4,78.9,147,67.8,4.1,0
97.4,61.6,7309,8.4,90.7,46,80.5,18.0,0
96.8,60.8,7494,6.1,82.4,155,93.5,2.3,0
96.8,69.0,3276,7.2,109.1,79,89.3,13.6,0
98.4,56.2,5727,8.1,89.0,25,91.9,9.3,0
97.3,67.6,7930,6.2,120.0,107,42.7,27.6,0
97.4,60.5,7529,7.9,93.6,28,82.7,16.3,0
99.4,78.6,8842,9.4,90.5,53,95.2,16.4,0
98.4,74.8,5897,6.7,78.3,25,80.7,8.0,0
96.3,81.5,5592,7.3,92.2,25,79.9,11.5,0
97.8,56.1,9002,7.5,78.8,32,93.2,18.1,0
91.5,87.7,3338,3.8,62.1,25,99.8,8.4,1
99.1,68.5,4440,6.2,80.2,50,87.4,16.5,0
92.6,94.5,2401,5.0,91.2,149,54.9,24.5,1
95.7,78.6,4910,7.7,60.6,25,75.7,5.9,0
98.0,69.9,4163,6.0,120.0,52,62.5,13.2,0
97.4,73.2,6450,6.3,87.4,25,80.3,14.5,0
97.0,62.5,6259,6.3,120.0,25,66.3,21.4,0
96.0,61.1,7688,6.2,66.6,73,73.5,5.1,0
98.9,69.1,5946,7.3,99.2,25,67.8,14.1,0
98.8,78.6,8752,5.6,104.1,25,87.4,8.0,0
96.9,70.9,7191,9.0,94.8,25,65.9,13.6,0
96.4,74.5,6942,6.4,71.9,179,92.8,2.6,0
95.572063161991,106.7,1805,3.9,57.3,42,99.0,9.9,1
93.1,73.2,9555,8.9,53.2,25,89.9,10.4,1
99.5,80.5,6207,6.2,99.8,75,78.0,12.48,0
96.7,76.7,4915,6.3,77.6,33,96.9,4.6,0
96.0,93.9,5650,6.1,99.8,25,95.0,7.42000000000002,0
96.7,74.6,4715,6.8,117.2,25,74.1,4.0,0
96.5,68.0,7260,6.1,72.9,28,97.9,14.0,0
96.4,63.5,7732,7.9,96.5,25,69.5,22.1,0
98.4,58.9,4556,8.0,94.7,25,94.0,17.1,0
92.4,56.3,7470,5.8,67.3,57,62.6,18.8,0
94.7,77.4,7223,5.8,61.0,96,47.4,25.6,0
99.0,81.0,4543,7.4,76.4,37,88.9,7.2,0
92.7,78.8,4300,5.9,90.4,25,82.0,5.59000000000003,1
98.2,65.8,7563,6.4,86.9,36,79.8,12.2,0
90.5,100.6,1037,4.4,56.1,172,93.0,9.0,1
97.7,73.3,7053,7.2,111.8,30,53.8,27.7,0
96.1,65.0,7838,8.9,88.8,25,85.1,18.2,0
96.6,75.1,3480,6.5,107.5,29,83.1,13.5,0
94.4,75.0,7738,7.4,69.1,36,78.2,13.8,0
98.9,90.0,8117,7.5,100.5,132,87.4,15.1,0
96.9,71.4,10967,7.4,84.7,77,69.3,18.3,0
98.3,73.6,6026,7.9,108.4,62,69.6,15.5,0
99.3,54.0,5869,7.0,92.4,25,82.9,9.4,0
98.6,63.4,8976,7.4,107.2,36,50.9,23.6,0
96.1,67.4,8994,8.4,114.8,30,65.2,11.2,0
93.4,96.9,2797,5.0,85.6,25,80.4,2.6,1
93.0,84.6,8337,7.9,85.5,25,89.0,14.43,1
97.2,76.9,5921,6.8,94.5,26,100.0,9.6,0
90.4,108.6,2078,3.7,56.9,25,85.2,21.6,1
95.6,73.1,10410,8.2,101.3,25,74.7,21.7,0
99.6,78.8,7664,6.3,90.3,25,98.0,15.4,0
92.8,85.1,3980,4.9,81.9,80,94.3,13.8,1
96.9,62.5,7091,8.9,107.6,25,92.7,2.9,0
96.2,76.5,7544,9.4,90.8,25,88.2,10.9,0
93.8,68.7,5577,7.2,80.4,65,91.8,5.2,0
96.3,81.0,4187,6.6,84.5,71,67.2,24.6,0
98.3,66.3,7452,8.4,73.4,41,93.1,10.1,0
98.3,86.5,6120,6.4,95.5,75,91.0,16.89,0
96.7,58.9,6064,6.4,70.4,82,91.1,1.8,0
97.1,74.5,6004,7.2,85.4,61,68.3,19.7,0
97.3,66.8,6352,6.7,101.7,38,71.5,17.1,0
91.4,77.5,5298,6.2,54.9,25,86.0,15.59,1
97.8,76.6,5357,7.9,113.9,26,73.3,23.5,0
92.8,74.1,5605,6.6,95.1,25,91.0,1.80000000000001,1
96.2,63.5,4565,7.1,87.8,33,75.6,17.3,0
98.5,71.7,9026,7.7,83.4,34,86.6,6.5,0
94.3,69.1,8045,7.1,79.6,63,93.8,6.3,0
95.77827030029388,110.9,2669,5.3,54.6,25,98.3,9.4,1
93.1,50.0,5877,7.3,63.1,32,89.8,19.8,0
93.2,83.4,826,7.6,81.6,25,69.0,22.05,1
92.9,78.6,5941,6.6,66.9,25,94.0,10.78,1
94.1,62.8,6461,6.4,87.3,37,80.5,14.5,0
95.3,63.9,4945,7.0,75.9,27,92.3,6.2,0
94.1,87.4,4459,7.3,84.1,77,96.2,6.8,0
97.2,72.1,7567,8.5,101.1,46,83.7,12.7,0
95.7,90.8,3300,9.8,91.8,25,80.0,17.48,0
97.3,79.9,7893,5.0,87.1,84,97.6,8.3,0
95.6,59.5,10432,7.7,95.8,25,85.6,5.5,0
94.8,76.4,7557,6.9,79.6,31,85.1,18.9,0
93.1,91.7,13853,7.7,63.6,25,93.0,17.6,0
90.5,101.5,2563,4.0,43.7,25,89.8,10.4,1
94.8,68.0,8462,7.3,66.6,25,81.0,18.9,0
96.1,59.8,7512,9.0,83.4,48,88.9,10.8,0
96.9,83.2,11032,6.1,112.9,57,81.6,24.8,0
99.2,71.8,2683,6.8,110.3,30,93.5,7.0,0
96.5,65.9,9444,7.2,120.0,25,94.1,14.0,0
97.6,86.1,3444,7.6,104.3,25,82.7,11.1,0
96.1,74.5,8198,7.0,107.3,25,74.5,21.3,0
96.9,50.0,5379,7.4,88.2,25,82.9,15.3,0
93.9,67.0,6380,6.6,65.9,83,93.5,6.8,0
93.0,80.7,6451,7.8,61.8,25,80.3,16.1,0
96.1,83.8,5490,6.1,102.6,75,32.0,29.43,0
96.0,71.2,3296,7.1,87.0,91,98.4,18.2,0
89.0,104.7,2896,5.2,48.3,25,85.2,8.0,1
96.1,70.2,8421,7.4,94.2,25,93.9,13.1,0
98.0,75.4,776,6.9,92.4,25,90.0,9.73000000000002,0
97.0,80.9,5647,5.8,96.0,25,95.0,11.02,0
97.6,57.9,10414,8.0,82.7,38,86.4,9.2,0
99.9,77.9,2350,8.4,102.2,25,55.8,24.4,0
93.9,79.3,4720,7.9,69.4,25,60.7,22.1,0
98.3,65.3,10195,5.0,99.2,25,96.3,11.5,0
97.1,83.5,7433,6.3,100.1,172,65.7,19.1,0
98.1,77.6,7998,7.3,74.1,25,77.1,7.0,0
98.1,83.5,5867,7.2,80.4,25,87.0,7.33000000000004,0
89.6,104.1,3159,5.6,58.3,27,79.0,17.8,1
94.0,76.5,4957,6.7,69.9,87,68.3,11.5,0
97.1,70.3,3952,8.5,88.5,25,98.3,7.8,0
95.2565255925634,101.5,2139,3.9,59.9,25,85.9,13.6,1
95.2,80.8,5987,6.5,79.7,25,94.0,8.20000000000005,0
91.5,78.1,5715,6.0,107.9,25,78.0,12.9,1
94.4,71.0,5593,6.0,60.9,25,89.3,16.5,0
98.3,83.7,6748,7.9,83.5,25,95.9,7.4,0
97.6,57.8,2985,7.4,111.5,38,100.0,-2.8,0
98.0,75.0,1066,4.4,30.3,25,90.9,12.7,1
91.5,88.2,2862,4.8,91.3,29,89.5,7.9,1
91.6,97.3,2801,6.5,91.0,25,89.3,7.2,1
92.6,80.1,5719,7.0,75.8,25,85.0,3.55000000000001,1
91.7,93.5,3278,4.2,82.3,29,82.3,15.8,1
93.7,70.1,8882,8.2,62.5,37,87.2,13.1,0
99.1,90.0,7066,6.5,114.0,25,79.9,17.3,0
96.6,86.3,5734,5.7,93.1,25,89.0,10.13,0
96.2,80.5,5896,6.0,117.3,25,65.0,17.4,0
96.35986650424408,90.4,5389,6.7,42.1,25,93.0,16.69,1
96.7,78.4,11201,7.7,90.6,84,95.7,4.2,0
98.7,63.3,2000,7.1,90.3,31,88.2,14.5,0
97.7,69.1,6948,6.7,114.0,25,83.9,19.9,0
96.2,81.3,6640,6.2,94.7,25,80.5,17.8,0
94.4,75.5,3265,7.7,60.2,30,82.2,18.3,0
92.7,81.1,275,0.9,88.7,25,82.0,8.71000000000004,1
93.7,95.8,2339,6.6,97.2,69,35.5,25.6,1
99.4,65.4,9867,7.6,89.7,39,90.1,7.6,0
98.6,72.5,9015,6.7,83.6,40,91.0,8.6,0
98.9,76.3,6223,7.8,116.5,25,74.8,7.6,0
95.3,90.0,8967,7.5,102.9,47,78.7,15.4,0
97.1,71.6,7225,7.3,101.6,25,46.3,30.0,0
96.2,77.9,4443,7.8,107.2,42,78.2,21.7,0
93.1,81.9,1220,7.2,91.6,25,74.0,16.68,1
97.4,58.5,6395,8.0,85.7,25,89.3,18.7,0
92.8,68.6,9804,7.6,61.6,25,74.0,19.9,0
98.6,83.6,5547,6.3,96.6,25,91.0,9.27000000000004,0
97.48922541112161,82.2,5808,6.4,52.1,25,85.0,4.74000000000001,1
96.3,80.1,3308,7.8,111.7,196,39.4,33.7,0
91.8,106.2,2651,5.9,94.7,25,96.3,9.7,1
93.5,69.4,4174,6.4,60.4,33,91.3,7.6,0
95.7,79.2,5277,6.2,92.2,43,72.8,18.9,0
99.5,80.7,6138,6.0,100.7,75,96.0,5.63,0
97.7,91.3,5863,6.2,110.0,75,35.0,29.0700000000001,0
96.1,70.7,11357,7.6,84.2,25,98.1,11.6,0
95.15427744045274,93.4,2426,4.7,56.1,39,97.5,6.4,1
97.3,64.9,8831,6.2,93.0,44,76.6,21.5,0
98.3,84.6,5614,6.5,106.7,25,93.0,5.74000000000001,0
96.9,80.3,5977,7.5,99.5,48,84.7,5.9,0
97.3,83.2,6133,7.5,120.0,128,43.8,29.8,0
95.46572073779214,114.5,1820,4.3,59.1,77,92.2,10.5,1
93.0,72.0,5594,7.1,62.9,25,86.7,6.7,0
95.6,85.7,12068,7.9,78.7,25,73.0,16.64,0
96.7,72.2,6595,7.2,87.2,33,86.3,13.4,0
96.4,86.7,5753,7.9,105.0,200,36.8,33.5,0
95.9,76.6,6421,5.7,120.0,87,64.4,21.6,0
97.5,73.5,6593,6.8,102.8,84,53.0,19.2,0
99.0,77.5,7036,6.6,89.1,78,69.4,18.9,0
89.9,84.7,5253,6.5,58.3,25,77.0,8.35000000000002,1
96.0,77.8,5424,6.7,76.5,25,78.0,8.58000000000004,0
98.1,74.3,9053,5.2,78.8,25,98.7,15.1,0
95.6,77.6,5351,5.8,98.0,25,78.0,12.4,0
96.3,64.7,6699,8.3,79.8,66,91.6,7.4,0
95.6,82.5,9263,6.6,116.4,25,76.1,13.1,0
96.2,73.3,6942,6.9,96.9,25,86.1,16.0,0
99.3,64.6,5261,6.3,114.6,27,72.7,16.1,0
95.4,90.0,4743,7.5,93.5,25,80.4,17.4,0
98.6,54.7,3445,8.4,91.3,25,79.2,15.6,0
98.9,70.0,8213,8.5,90.9,25,63.4,16.3,0
96.9,79.4,6981,8.4,88.8,189,56.8,24.0,0
96.0,54.5,6978,6.9,84.0,25,72.7,6.9,0
98.0,79.8,10592,9.1,95.0,34,82.8,8.9,0
94.0,67.7,5532,7.8,71.0,28,62.6,20.6,0
97.6,67.1,9879,8.8,105.3,25,94.4,15.6,0
96.3,73.6,6077,6.2,77.9,25,60.1,9.7,0
98.0,75.0,2630,5.2,41.2,25,91.3,18.5,1
94.8,60.9,7196,6.8,49.3,25,81.9,12.3,1
91.3,109.0,2330,5.1,56.0,25,90.4,5.0,1
98.0,75.0,7033,6.2,59.8,37,84.6,1.3,1
97.9,80.8,12101,6.9,104.2,25,42.7,24.3,0
89.5,101.6,2397,6.0,41.2,25,60.3,20.8,1
99.3,68.1,8893,5.8,95.8,25,90.9,11.9,0
97.0,69.7,8787,7.7,90.3,25,95.8,8.1,0
97.6,62.9,9525,6.9,82.1,25,72.7,3.1,0
89.1,76.7,6020,6.2,51.8,25,77.0,18.71,1
98.9,66.7,7542,7.1,87.6,35,72.4,20.0,0
92.0,70.7,7513,7.8,70.3,26,54.8,22.0,1
98.4,65.9,8599,8.5,93.3,54,81.2,14.1,0
96.7,82.2,6674,5.0,78.0,32,100.0,2.2,0
97.1,56.3,6559,7.9,109.3,49,75.6,18.7,0
96.8,72.7,3308,8.3,113.2,68,79.0,7.1,0
96.2,80.7,8067,6.9,73.0,29,70.4,14.2,0
93.4,96.9,1881,4.2,78.2,32,66.8,0.3,1
95.5,53.8,4179,8.1,104.3,31,94.5,4.6,0
97.0,85.1,11592,8.1,87.9,80,72.6,16.7,0
90.3,88.9,7736,7.2,57.6,25,81.0,7.03000000000003,1
95.9,60.2,8103,6.6,70.7,25,79.8,4.8,0
89.7,86.3,14801,6.3,42.5,25,89.0,8.46000000000004,1
97.2,69.8,8133,7.4,98.9,25,93.6,9.6,0
98.9,59.9,6709,8.7,102.0,30,96.4,14.8,0
92.5,85.4,4088,4.8,77.9,25,95.4,11.3,1
98.1,55.6,2968,6.9,90.7,25,96.3,13.4,0
96.1,73.2,6302,7.4,114.0,25,86.3,13.6,0
93.0,70.9,10583,6.4,70.1,25,82.5,16.2,0
90.0,91.7,3203,5.9,67.2,38,91.5,12.7,1
99.5,66.4,9784,8.4,90.3,60,82.9,4.7,0
96.4,62.6,9484,6.2,114.6,25,79.9,19.1,0
92.4,88.5,4283,4.9,98.9,25,92.0,13.8,1
97.0,67.4,9630,7.1,97.0,41,92.4,1.2,0
98.1,82.8,5523,7.8,106.2,25,72.2,13.3,0
99.3,80.4,7660,7.5,109.7,25,75.7,18.4,0
91.5,84.7,5871,6.8,74.7,125,71.0,9.53000000000003,1
89.8,86.5,3830,1.7,55.0,25,86.0,2.61000000000001,1
93.7,69.2,7359,7.6,71.1,32,72.8,10.0,0
98.9,58.5,6184,9.3,97.5,31,91.2,4.0,0
98.8,67.1,6180,7.2,108.0,25,74.1,14.9,0
92.3,96.8,2826,4.8,103.1,29,87.5,1.2,1
100.0,86.4,3963,5.8,105.9,25,83.5,5.6,0
98.9,71.9,4452,6.6,103.4,25,92.7,15.1,0
97.1,77.8,5788,6.1,80.4,68,90.6,7.5,0
98.2,78.5,10567,7.5,116.7,70,72.8,21.5,0
97.1,78.9,5889,5.9,102.5,25,84.0,12.24,0
96.0,78.6,6020,6.4,94.6,25,66.0,20.29,0
98.7,74.6,3071,6.2,99.0,31,68.5,15.7,0
92.2,92.0,3216,5.5,84.5,43,93.7,15.6,1
96.3,72.6,6125,6.7,74.6,166,95.4,-1.8,0
94.7,65.0,7710,6.8,75.2,63,86.7,12.7,0
99.3,75.4,194,8.3,91.6,25,77.0,17.62,0
91.9,82.2,5607,5.8,60.8,25,88.0,12.39,1
89.0,106.9,1519,3.0,52.6,65,94.2,14.4,1
99.5,69.5,8960,6.9,80.1,25,100.0,2.0,0
99.1,72.2,7304,7.1,104.3,183,82.1,9.8,0
92.3,81.6,6218,7.8,68.1,25,82.8,0.2,0
96.0,85.8,6358,6.9,91.2,35,67.4,20.6,0
99.7,79.1,8059,6.5,98.7,25,88.0,14.0,0
97.3,79.0,2143,7.6,119.7,33,93.5,21.3,0
95.5,67.9,9818,8.5,113.8,25,65.8,14.4,0
97.0,69.2,11302,7.3,105.7,25,94.7,8.0,0
92.0,82.8,5561,6.0,85.6,75,78.0,22.0,1
96.3,86.1,5135,7.7,120.0,40,65.1,19.8,0
92.1,97.1,2865,5.3,86.6,25,90.3,17.0,1
98.4,72.7,10676,9.1,97.8,25,82.8,15.3,0
96.0,88.9,7965,7.8,91.5,38,60.3,19.4,0
98.6,70.4,7712,7.7,93.3,28,95.8,8.6,0
98.5,67.0,8793,6.4,93.5,59,87.7,14.5,0
95.9,58.7,9081,7.7,117.5,162,92.8,18.1,0
89.0,89.7,4365,7.4,56.3,25,93.0,9.99000000000001,1
97.2,72.9,7496,7.5,118.8,25,79.8,17.2,0
90.7,95.0,1480,3.5,53.7,115,97.2,10.3,1
97.70005592554432,64.4,8147,6.2,54.4,25,95.3,11.9,1
97.2,60.6,7241,7.9,110.8,25,72.7,19.8,0
92.9,74.8,2343,6.2,97.8,25,85.0,2.96000000000004,1
94.1,61.7,4769,6.9,77.3,25,77.8,20.5,0
92.2,75.9,1382,7.6,98.9,25,93.0,8.48000000000002,1
92.7,93.5,2470,5.2,76.5,47,86.4,17.7,1
95.09354940518385,87.2,6720,7.1,58.6,25,82.0,17.18,1
96.4,73.8,8671,7.7,85.4,83,81.6,7.5,0
95.6,55.9,5372,8.0,70.7,25,90.2,4.9,0
91.1,79.6,5934,6.4,56.5,25,91.0,16.88,1
97.7,73.6,11316,8.4,106.5,25,73.2,6.7,0
97.9,59.7,6970,7.4,77.6,89,95.2,1.7,0
91.7,93.9,1987,3.6,91.4,26,94.4,10.6,1
98.0,79.3,5756,8.7,89.1,30,68.8,16.7,0
96.3,68.5,6879,6.8,117.8,25,84.1,20.5,0
98.0,80.5,7618,7.8,85.2,25,87.4,11.2,0
96.1,65.8,4065,6.8,84.8,161,96.1,5.6,0
94.7,56.3,2929,8.2,78.4,25,80.2,7.8,0
91.2,72.6,570,4.3,56.3,75,68.0,9.79000000000002,1
97.8,74.4,9200,6.3,97.4,41,72.5,6.8,0
96.8,63.8,10344,7.7,88.6,158,94.2,2.3,0
98.7,62.7,7011,8.8,94.1,26,87.0,15.0,0
98.0,75.0,6258,6.1,41.3,75,85.0,15.51,1
92.5,84.8,7365,8.0,75.3,25,49.0,20.34,1
94.3,72.1,5524,9.8,74.7,69,83.7,2.4,1
95.2,87.3,6677,6.7,97.3,25,83.6,17.7,0
97.3,70.1,3091,6.0,84.2,25,85.7,12.9,0
96.1,81.1,9329,5.8,93.1,41,88.8,8.2,0
97.9,62.3,4129,8.1,99.3,65,77.5,23.5,0
93.6,77.7,8498,8.0,57.7,25,59.6,22.3,1
90.1,95.7,3194,4.5,58.3,25,81.0,6.8,1
97.7,75.0,5399,7.1,114.2,49,77.4,14.3,0
89.8,109.6,2028,4.5,44.5,25,94.3,8.5,1
99.2,71.9,6077,7.1,101.7,25,49.8,26.3,0
96.8,86.6,10971,8.2,114.7,31,61.1,21.7,0
92.3,80.3,6857,7.4,70.3,32,89.6,8.6,0
93.3,94.3,3660,4.5,101.2,25,79.8,10.9,1
95.3,75.4,9193,8.6,89.8,164,65.6,25.1,0
99.4,64.9,7926,6.8,75.3,90,61.9,-2.3,0
95.2,74.7,5397,6.8,76.5,25,95.1,4.6,0
92.4,82.7,18603,6.9,65.0,75,61.0,19.98,0
97.7,82.4,6539,7.0,82.0,37,92.6,13.9,0
95.7,79.8,8544,6.2,90.0,25,86.0,5.74000000000001,0
92.0,79.2,5894,6.1,74.3,25,83.0,15.31,1
97.2,83.2,8365,7.6,114.8,25,66.9,9.0,0
95.8,74.7,4024,7.5,79.1,25,86.5,1.8,0
98.5,60.8,9417,7.9,95.9,54,77.8,16.0,0
99.2,81.6,5324,6.2,99.8,25,79.0,5.27000000000004,0
99.3,77.9,7540,8.4,105.5,33,77.8,7.1,0
98.0,75.0,1833,4.5,54.2,25,83.1,15.8,1
95.5,66.0,7993,7.8,115.1,43,94.8,13.9,0
96.1,67.8,7843,7.4,73.1,39,99.1,14.9,0
97.0,85.8,3302,1.5,84.5,75,78.0,14.06,0
90.7,109.5,1569,4.0,44.1,64,96.0,4.9,1
91.8,86.2,2885,5.6,101.9,25,76.5,9.2,1
92.3,71.8,2199,6.1,93.1,25,93.0,5.63,1
96.4,72.5,4038,7.7,73.3,78,92.0,8.6,0
97.6,61.1,6192,6.9,118.2,25,73.4,10.3,0
98.4,79.9,5378,6.5,110.0,75,45.0,27.41,0
94.1,62.5,3018,6.0,68.8,28,86.9,10.7,1
96.6,69.5,4582,7.2,88.8,45,75.5,15.5,0
96.2,75.2,6931,7.8,90.8,93,96.0,13.9,0
98.5,57.4,6650,6.8,87.3,25,95.8,6.1,0
92.8,80.5,7644,7.6,59.2,25,96.8,7.0,1
95.3,72.5,7254,8.2,116.9,25,81.1,16.3,0
90.0,99.8,2308,3.1,49.4,38,86.4,13.6,1
96.66253400754738,80.2,5866,6.3,53.3,25,96.0,15.97,1
96.8,68.7,6575,8.0,99.6,26,85.6,19.2,0
98.7,72.2,3519,8.9,113.1,25,63.4,19.2,0
95.7,74.7,9505,6.6,106.8,25,91.3,4.5,0
93.1,71.1,8524,8.5,58.0,41,88.9,12.0,1
94.9,90.0,5737,6.9,104.0,42,88.3,12.7,0
96.6,80.0,10374,7.4,80.7,30,84.6,5.5,0
93.4,79.9,1698,6.5,74.4,25,76.0,4.76000000000005,1
97.8,84.0,6512,6.6,102.4,25,88.0,3.69,0
94.9,70.0,9096,7.1,65.9,41,64.9,24.6,1
97.3,75.3,5797,7.5,85.6,91,71.9,11.4,0
89.6,112.9,1305,5.6,50.8,25,72.1,14.8,1
99.4,68.4,7803,8.0,98.3,38,77.0,19.8,0
97.8,80.2,4143,9.6,104.5,70,38.1,29.3,0
94.0,81.6,9367,7.0,74.9,71,93.3,3.2,0
99.4,61.8,6735,7.8,102.5,26,93.0,20.1,0
92.5,94.9,1826,5.2,82.8,25,92.1,5.3,1
95.5,78.6,5804,6.6,91.1,25,69.0,22.86,0
93.2,72.5,3334,7.5,68.9,25,99.6,8.3,0
95.8,73.9,9656,7.6,110.1,26,75.3,17.2,0
91.6,98.0,1701,6.5,92.7,25,91.0,18.0,1
97.1,68.2,6740,6.9,104.2,83,85.9,14.3,0
95.8,61.6,3737,6.4,83.9,79,89.1,9.5,0
96.3,68.5,9011,7.5,76.4,36,93.5,9.6,0
96.8,82.2,2410,8.2,116.2,39,77.2,20.0,0
96.8,75.3,8288,6.9,76.7,25,76.6,6.4,0
96.1,74.6,6906,7.3,78.8,25,90.3,15.7,0
93.0,60.1,5915,6.7,66.8,63,49.7,28.5,1
99.0,70.6,9030,8.8,88.2,139,62.8,28.2,0
92.8,68.6,5230,7.7,70.0,31,72.2,3.1,0
99.0,57.8,7134,7.7,89.5,78,73.4,13.8,0
96.3,69.3,3987,6.9,94.4,47,55.0,16.8,0
98.9,81.6,5986,6.4,107.7,75,70.0,9.54000000000002,0
99.1,71.0,2753,7.5,81.6,88,70.2,17.1,0
93.2,102.7,1525,4.0,51.2,137,94.6,13.8,1
96.6,51.4,6546,6.4,103.3,25,85.1,7.9,0
91.3,111.7,1848,6.3,42.8,45,79.9,2.3,1
96.9,80.0,7770,7.2,73.6,25,69.9,7.5,0
92.8,82.0,363,7.1,86.0,25,90.0,3.04000000000002,1
94.5,63.9,5165,6.7,63.7,31,87.3,17.6,0
95.7,82.7,7411,7.8,85.7,25,76.9,5.4,0
98.0,75.0,2619,5.2,46.1,25,90.8,15.6,1
96.7,59.4,6377,6.9,79.9,44,75.3,16.6,0
93.5,64.2,7419,7.3,64.1,25,98.1,12.6,0
96.6,87.5,6328,1.8,83.6,75,56.0,22.04,0
95.5,70.5,5544,5.3,118.0,48,83.6,1.6,0
92.7,85.2,2348,6.9,63.7,25,92.0,0.520000000000039,0
99.3,80.0,10356,6.7,91.8,186,76.2,8.2,0
96.3,76.4,5015,8.3,91.1,25,91.3,12.8,0
90.6,89.9,4713,6.7,56.7,25,87.0,8.68000000000001,1
96.8,63.8,6484,7.6,104.3,43,93.6,17.7,0
90.3,99.2,2834,5.6,60.1,39,76.5,9.5,1
92.3,74.3,1020,6.1,79.3,25,94.0,14.69,1
96.4,75.3,3980,7.1,90.7,37,72.2,23.4,0
98.5,61.7,3327,8.0,116.7,33,75.5,17.0,0
97.0,75.1,7084,6.1,99.8,72,89.6,8.1,0
94.3,64.5,8125,7.3,65.8,34,82.0,15.2,0
97.2,82.3,6178,6.4,103.6,42,68.5,14.7,0
92.1,71.1,7123,5.7,72.2,29,95.8,13.8,0
97.7,70.9,9250,6.2,94.9,25,66.0,20.7,0
99.9,85.2,2667,7.6,100.1,25,86.6,3.6,0
93.7,72.3,4460,5.6,57.7,27,85.6,4.0,1
97.4,66.8,10419,7.5,95.5,38,68.5,19.3,0
98.1,66.2,8657,8.0,92.2,30,81.6,16.6,0
92.0,98.2,2984,6.2,68.7,33,95.9,9.8,1
99.1,60.4,8939,5.4,81.8,25,100.0,17.1,0
95.2,62.2,4026,7.6,87.8,96,78.2,19.5,0
95.3,64.4,9074,6.3,78.6,125,89.5,-3.0,0
95.03900577053221,94.8,2340,4.3,49.5,187,100.0,13.1,1
95.6,69.0,5811,7.7,84.4,25,80.4,4.5,0
96.4,87.0,5385,6.1,80.6,175,89.0,2.47000000000003,0
99.6,67.0,3168,7.7,93.4,82,96.3,6.8,0
99.0,86.8,7394,6.8,120.0,25,81.3,13.0,0
99.2,87.1,5656,7.4,118.0,26,75.5,18.5,0
93.4,60.2,7427,7.5,64.9,25,89.6,9.8,0
98.4,50.1,9196,7.3,86.2,25,86.2,13.6,0
97.7,77.4,8167,8.2,97.1,25,67.6,16.2,0
92.5,91.6,3572,7.0,102.6,43,89.2,14.6,1
93.5,104.5,2445,5.9,98.2,25,72.2,3.8,1
97.0,76.2,10392,8.1,85.1,72,85.5,21.2,0
89.1,97.8,2368,5.9,58.8,25,89.5,2.8,1
95.6,76.0,6260,6.6,105.0,25,74.0,12.75,0
96.6,81.0,8453,8.4,65.6,109,94.1,7.9,0
96.2,75.1,8167,7.3,116.3,37,76.9,10.4,0
93.3,97.6,3558,5.3,81.7,43,73.6,11.6,1
98.5,80.9,6814,7.0,82.9,28,89.5,15.2,0
96.3,69.5,2000,7.4,108.6,31,70.8,9.0,0
90.9,85.9,4110,5.8,59.8,25,79.0,4.52000000000004,1
96.1,83.1,6089,6.3,89.5,25,95.2,12.5,0
95.05433055146253,83.6,19530,5.8,43.9,75,61.0,19.0700000000001,1
98.1,63.0,5416,7.5,77.5,25,72.3,8.4,0
98.4,86.4,7556,6.5,112.6,25,62.5,17.3,0
99.4,73.2,8682,6.8,102.4,25,61.1,17.1,0
90.3,89.5,5245,6.6,58.9,25,81.0,20.88,1
99.2,79.4,4820,5.3,104.5,25,79.9,20.2,0
92.0,73.5,4810,8.0,67.8,25,54.6,25.7,1
91.4,100.8,1484,5.0,41.7,35,68.9,20.0,1
93.0,74.7,6413,5.4,63.7,25,97.6,13.4,0
93.5,67.8,11406,7.7,59.4,83,90.4,2.2,1
96.8,67.6,6007,7.1,78.6,26,92.5,21.1,0
98.5,60.6,6291,8.4,80.5,25,87.2,9.1,0
96.1,81.8,7456,5.8,88.4,83,90.5,17.6,0
98.8,66.3,7715,8.1,120.0,25,82.7,15.6,0
93.9,66.1,6221,7.8,72.2,25,72.3,8.6,0
95.2,66.3,2349,8.5,87.6,187,71.1,27.0,0
93.6,85.4,4363,8.0,62.8,25,87.0,3.94,0
99.1,71.2,8792,6.3,83.7,71,88.0,3.7,0
89.8,98.5,2767,6.3,60.1,25,77.9,16.0,1
99.0,67.3,6705,5.4,107.4,28,79.1,21.4,0
97.2,80.1,2709,6.9,106.3,25,80.1,12.0,0
93.8,82.1,6684,7.7,72.1,25,95.9,-3.0,0
96.0,67.2,8541,7.8,90.4,25,84.5,13.9,0
98.7,90.8,8845,7.6,85.7,25,84.0,2.63,0
96.9,82.4,6200,6.5,78.0,75,82.0,20.89,0
96.2,64.2,3572,7.3,112.9,44,80.9,19.3,0
97.3,60.7,5716,5.7,87.7,39,80.2,15.3,0
93.0,82.6,7134,6.8,64.8,37,85.0,4.9,0
96.4,68.7,10375,7.0,86.7,68,62.8,24.0,0
98.1,76.2,6938,7.7,115.7,32,70.5,14.9,0
99.2,73.2,9309,6.4,117.3,25,93.9,15.6,0
96.5,93.3,11201,9.2,82.1,25,65.0,14.14,0
91.7,77.0,1264,7.9,98.9,25,97.0,15.39,1
98.0,75.0,8849,7.5,44.5,67,68.4,4.2,1
98.0,68.3,7148,5.9,80.0,25,86.5,8.9,0
96.8,75.9,7904,6.5,109.9,61,90.8,17.1,0
100.0,75.4,7849,6.1,90.7,78,62.1,19.8,0
96.8,83.5,5793,6.4,87.3,25,85.0,15.0700000000001,0
98.6,57.2,6471,6.7,91.1,85,99.3,16.5,0
96.0,85.2,5875,6.4,118.2,25,77.0,14.2,0
90.7,102.5,862,4.5,43.3,41,80.6,3.5,1
97.6,66.7,6958,6.3,90.1,25,79.7,-0.1,0
93.6,73.4,7131,6.8,53.8,25,91.8,7.1,1
97.2,76.7,6905,6.0,92.2,85,92.2,16.0,0
90.9,108.5,1788,3.5,47.2,29,99.5,16.7,1
96.5,81.2,3393,8.1,111.6,25,93.5,15.8,0
97.0,85.8,7748,6.9,102.8,41,100.0,10.1,0
95.5,72.7,6347,7.1,72.9,25,80.7,11.8,0
97.8,69.1,4929,7.6,83.7,36,86.7,10.5,0
100.0,75.7,7204,8.0,96.3,30,56.4,23.8,0
97.6,87.6,5969,6.5,82.5,25,80.0,10.54,0
90.4,81.6,5790,6.9,55.3,175,94.0,11.05,1
99.0,83.1,5750,5.9,85.1,25,89.0,14.89,0
99.1,84.0,5469,7.9,101.9,70,77.4,16.9,0
97.2,69.8,6780,7.7,78.1,25,95.5,16.9,0
96.0,84.4,9913,7.1,79.2,125,64.6,5.6,0
95.9,77.1,7527,8.2,74.6,40,82.9,16.3,0
93.1,88.6,15729,6.4,65.0,25,75.0,20.96,0
96.95823832355562,84.6,1865,0.8,42.2,25,87.0,8.88,1
96.7,68.4,7860,6.0,84.2,25,88.6,13.6,0
92.8,100.8,2715,6.3,89.3,25,96.4,10.1,1
98.0,75.0,2677,4.1,45.3,25,80.6,16.2,1
98.0,75.0,5259,7.0,53.1,25,90.1,12.5,1
98.1,74.0,7262,8.0,93.2,28,84.6,10.2,0
96.9,79.4,7552,6.9,91.9,200,88.9,16.0,0
99.1,73.4,7781,6.1,83.9,163,79.8,18.6,0
99.4,64.7,10048,6.7,77.4,89,84.5,12.0,0
92.9,86.0,15101,5.8,65.0,25,82.0,14.11,0
94.5,78.3,7916,7.4,76.6,77,81.7,12.3,0
95.4,76.8,6170,6.4,82.4,25,90.0,14.28,0
93.3,103.9,3190,4.5,68.7,34,71.8,7.2,1
92.1,96.5,2582,4.1,96.0,25,94.6,5.7,1
95.2,67.7,7196,6.8,92.4,25,73.5,14.9,0
99.2,84.3,8786,6.0,91.0,25,78.0,9.14000000000004,0
94.8,71.3,8598,6.7,54.6,38,71.5,8.8,1
98.2,76.6,710,8.2,92.4,25,90.0,8.18000000000001,0
96.2,66.9,5793,7.7,79.6,49,77.2,16.6,0
96.0,62.4,6873,5.9,97.7,25,100.0,8.6,0
92.4,92.4,3400,6.1,100.7,25,96.3,12.4,1
92.7,91.0,3882,6.8,98.3,40,84.9,2.8,1
97.8,71.6,8586,5.7,100.4,26,97.8,11.2,0
98.4,77.5,5643,6.2,87.5,25,85.0,14.89,0
97.6,69.4,7791,9.2,115.1,36,82.2,19.2,0
97.8,78.8,7663,7.6,80.1,36,68.4,14.9,0
93.1,89.3,8018,7.4,63.8,75,93.0,4.23000000000002,0
92.2,89.8,3578,6.6,91.4,25,92.8,16.5,1
98.9,67.2,12228,8.0,105.5,28,73.0,14.8,0
92.7,79.5,5897,6.2,87.8,25,77.0,5.78000000000003,1
96.1,79.2,5184,7.8,95.7,34,87.3,15.7,0
98.7,56.7,6572,9.6,79.7,94,74.6,16.4,0
96.7,90.1,5830,6.4,74.7,25,88.0,9.63,0
89.6,117.0,1318,4.3,38.0,69,95.7,13.3,1
97.2,79.0,10232,6.9,82.4,35,83.6,16.6,0
96.8,69.0,2000,7.5,89.7,25,89.6,14.0,0
97.9,87.7,9793,9.0,87.0,25,88.0,15.0,0
90.9,105.6,1488,4.1,56.6,34,82.4,9.9,1
96.5176660366534,78.2,6318,7.4,54.3,25,74.0,11.5,1
93.1,50.0,5091,6.6,65.5,39,76.4,21.7,0
96.6,80.9,5957,5.7,85.0,25,72.0,6.16000000000003,0
97.4,84.2,7581,7.3,104.9,25,69.6,26.5,0
95.1,76.4,3038,7.7,68.9,25,97.3,5.8,0
98.0,80.0,4707,7.0,97.4,71,54.3,25.7,0
91.6,93.1,4085,7.0,80.7,25,99.7,13.7,1
91.0,96.1,2996,5.6,64.5,25,100.0,4.2,1
97.9,84.1,12410,8.1,101.7,64,81.1,19.8,0
92.9,74.4,949,8.2,87.3,25,88.0,8.18000000000001,1
93.3,78.8,7657,6.2,71.5,46,92.0,14.4,0
96.5,72.4,4200,6.6,72.2,25,93.6,10.8,0
96.2,71.1,7588,6.5,81.4,25,96.6,14.3,0
98.3,62.0,8577,6.9,94.5,66,78.7,19.5,0
96.1,72.7,10134,5.9,81.8,25,75.2,15.8,0
96.7,68.0,4368,7.2,93.3,25,94.2,19.3,0
95.7,73.2,8657,7.2,95.4,25,68.7,20.7,0
92.9,65.7,6301,7.9,68.1,82,56.5,26.6,0
98.4,67.0,3459,7.6,94.1,32,100.0,9.8,0
93.8,66.8,6178,7.3,62.2,28,89.1,14.9,0
91.6,70.6,101,1.8,95.4,25,95.0,15.95,1
98.0,75.0,1927,6.3,47.4,38,96.2,2.9,1
98.2,77.1,7196,6.2,95.0,25,87.4,12.8,0
95.5,74.4,3706,5.9,81.9,25,81.3,11.9,0
96.2,88.5,4402,6.8,74.7,62,74.3,8.7,0
92.9,77.4,1181,6.4,94.0,25,81.0,15.29,1
99.2,71.4,7111,8.4,106.3,38,69.0,16.3,0
98.5,59.3,8130,6.3,88.5,44,80.6,18.5,0
93.3,98.0,2301,4.1,58.8,25,85.5,9.8,1
96.9,81.8,5597,6.6,91.4,25,92.0,8.62,0
97.0,90.0,6832,8.5,86.7,83,95.7,16.1,0
97.3,76.7,10640,6.9,83.9,26,88.2,8.8,0
96.6,69.3,8205,7.2,66.1,60,74.0,16.5,0
97.1,78.1,7916,6.0,103.6,28,94.3,16.9,0
96.1,77.3,5368,7.6,89.1,81,96.9,12.9,0
91.9,90.3,2606,4.6,91.8,39,83.3,-0.3,1
96.5,74.4,6360,5.3,76.4,25,87.2,6.6,0
92.4,79.9,1430,5.0,90.0,25,81.0,3.0,1
95.3,81.1,7490,7.4,70.7,51,87.4,11.5,0
93.1,87.6,2764,4.9,86.0,43,82.4,14.3,1
99.8,81.8,6679,6.4,94.3,77,75.1,17.7,0
96.1,72.3,8751,6.6,91.3,43,80.9,13.6,0
92.5,76.5,5577,8.4,34.4,76,69.0,5.5,1
89.9,91.4,3906,5.9,62.2,28,100.0,4.7,1
93.4,85.4,1860,2.2,90.9,25,97.0,11.47,1
92.7,83.1,5710,6.0,101.2,25,61.0,16.36,1
97.6,66.8,6608,7.6,115.5,25,81.7,12.7,0
95.7,76.7,5660,6.1,90.0,39,82.9,4.0,0
96.8,83.0,7127,9.3,112.6,28,89.1,16.0,0
90.5,95.9,2229,3.2,51.0,96,76.7,19.5,1
96.0,79.7,9555,5.8,76.6,25,73.1,18.5,0
95.9,84.2,5890,6.3,80.6,75,98.0,2.54000000000002,0
96.8,72.3,9780,9.3,88.3,25,55.8,27.6,0
94.2,77.4,7831,7.0,90.8,83,86.7,4.7,0
98.1,75.4,194,8.3,83.9,25,90.0,11.63,0
90.1,94.6,2078,5.9,59.6,25,97.5,7.1,1
99.2,86.9,5412,6.1,117.2,25,76.0,15.24,0
97.7,82.9,5998,7.0,89.3,25,91.6,9.2,0
97.8,79.9,9403,7.7,86.9,70,65.0,21.0,0
93.9,83.1,5532,6.2,62.5,125,31.0,32.88,1
90.3,100.1,1877,4.9,50.7,25,77.5,22.8,1
98.0,74.5,7709,7.5,110.9,25,75.9,25.0,0
97.0,74.6,6050,7.5,71.9,72,85.2,11.9,0
93.4,95.9,2589,6.1,93.0,25,85.9,4.8,1
95.9,81.6,6777,7.3,82.3,44,89.9,10.2,0
98.5,61.9,10855,6.2,109.1,38,57.5,25.6,0
89.9,85.2,5555,6.2,44.0,25,86.0,17.51,1
96.6,72.9,5702,6.8,100.2,36,98.9,15.1,0
97.0,77.1,11814,7.3,104.8,31,79.0,11.5,0
97.0,87.5,5798,6.2,86.9,25,82.0,13.45,0
96.3,76.4,4917,6.8,87.6,25,81.4,15.8,0
96.4,67.0,6026,7.4,109.4,25,52.1,22.6,0
93.7,78.6,6265,7.0,65.7,39,77.5,3.1,0
97.9,71.6,5849,6.4,99.9,25,61.7,15.8,0
97.5,88.9,5753,7.0,83.8,126,94.2,14.5,0
96.8,71.5,4948,8.0,76.7,25,91.5,18.8,0
99.1,81.4,9068,6.4,84.5,35,97.7,8.9,0
96.9,59.7,2000,5.8,108.6,78,69.4,12.8,0
98.8,62.5,6828,6.4,99.3,25,85.6,11.6,0
92.0,77.5,6853,7.6,64.3,25,54.3,22.1,1
98.9,66.0,8529,8.9,83.3,46,96.7,7.3,0
96.9,72.5,9663,7.2,108.3,139,68.1,27.6,0
95.2,77.7,3781,8.0,63.6,76,98.7,9.6,0
92.0,76.4,5724,6.1,64.5,25,82.0,8.49000000000001,1
91.9,93.5,5672,5.7,70.0,25,93.0,9.48000000000002,1
90.0,91.6,3562,4.9,67.0,29,86.2,11.9,1
90.5,78.2,5464,6.3,40.9,25,63.0,19.29,1
97.7,80.6,2706,7.2,79.8,46,78.3,10.6,0
94.9,73.8,10572,8.0,61.9,43,75.2,5.1,0
92.1,79.2,4364,6.9,65.7,25,70.8,10.1,0
97.8,65.7,6790,5.6,114.9,65,37.6,27.1,0
97.8,74.4,5074,6.7,94.7,25,89.0,19.17,0
96.2,64.9,8276,7.5,99.9,25,87.7,10.7,0
96.7,62.7,9548,6.4,87.3,25,91.8,17.4,0
97.0,69.1,9127,8.3,90.2,74,86.7,11.9,0
94.4,57.5,8422,7.9,67.8,25,83.4,14.7,0
98.9,79.9,3454,8.4,116.2,25,79.0,15.4,0
95.3,77.4,8028,7.3,74.3,38,91.1,10.6,0
97.7,55.4,5894,6.2,82.7,27,86.6,4.4,0
99.0,64.8,7890,6.7,111.5,30,98.8,13.5,0
93.2,91.6,3605,5.7,85.0,43,92.0,5.9,1
95.9,74.3,1856,4.2,94.7,25,96.0,11.85,0
97.7,87.2,12293,7.6,87.1,82,73.3,21.4,0
95.8,60.9,11044,8.2,97.8,31,88.7,8.0,0
92.7,70.1,7579,8.0,62.0,25,66.4,2.4,0
97.9,75.4,7612,8.0,88.7,31,69.8,14.9,0
93.7,71.8,11040,5.4,62.3,25,97.4,8.7,0
96.0,85.8,14069,6.9,84.9,25,82.0,16.09,0
97.5,65.2,8896,7.5,98.1,25,70.6,13.4,0
92.6,99.9,3126,5.3,73.4,165,70.8,4.0,1
98.8,60.4,11022,6.6,88.5,136,50.3,26.7,0
92.9,85.0,3180,6.9,63.2,25,82.0,18.45,1
90.5,85.1,3372,7.3,51.1,25,87.0,18.4,1
97.1,77.6,10150,5.1,114.2,43,86.8,18.8,0
97.4,73.6,10246,6.2,78.3,38,87.1,18.8,0
96.32228824081469,111.9,2010,4.7,51.3,173,79.3,15.3,1
93.8,72.3,4027,7.8,66.7,77,80.5,5.2,0
94.7,75.8,6799,7.8,60.4,25,61.2,2.7,0
96.5,76.3,5951,5.5,106.0,25,82.0,8.03000000000003,0
95.4,75.4,8879,6.4,59.5,27,92.0,6.7,1
96.0,85.1,9704,6.5,72.0,81,77.4,7.7,0
94.6,76.5,4576,8.5,62.4,25,89.5,10.8,0
95.5,77.7,7584,8.7,78.8,96,77.0,8.6,0
98.2,63.7,5059,7.6,116.4,37,92.4,14.9,0
96.6,67.5,7987,7.2,80.0,129,54.1,24.8,0
99.1,85.0,6175,8.2,114.7,25,45.7,24.1,0
93.7,70.6,9090,7.9,74.9,25,89.5,7.4,0
94.3,64.0,2000,7.8,63.9,25,85.1,11.3,0
97.2,82.6,10055,6.3,103.8,34,38.7,24.7,0
93.8,85.3,5967,6.2,71.1,25,72.0,10.09,0
96.0,82.3,8439,7.0,120.0,43,69.9,16.2,0
95.19712591828505,87.9,5089,6.8,59.5,25,93.0,11.02,1
97.1,57.8,4709,7.5,111.1,67,71.5,15.1,0
99.1,70.0,8336,7.6,94.4,25,98.6,17.2,0
95.9,78.9,6304,6.5,75.6,75,70.0,3.13,0
94.6,71.2,5546,6.9,61.1,32,67.4,19.1,0
98.4,76.0,12480,8.2,97.0,67,52.3,19.1,0
95.5,70.4,10705,8.3,91.1,36,88.8,8.9,0
94.6,78.6,8402,8.2,79.7,25,87.9,13.3,0
91.8,105.0,3539,4.1,98.5,25,91.3,6.9,1
96.0,65.3,5924,8.1,79.8,25,77.7,8.1,0
94.5,72.2,5484,6.0,79.9,39,85.3,19.3,0
94.7,81.6,10705,7.0,62.1,26,90.4,13.1,0
96.1,67.5,7913,7.9,85.5,30,85.3,6.7,0
92.0,82.4,5379,6.0,53.3,25,85.0,12.66,1
98.7,77.0,811,7.3,86.7,25,81.0,10.55,0
97.6,66.2,8228,8.4,85.6,25,74.1,3.8,0
91.9,99.1,3939,6.0,93.8,25,92.4,15.0,1
93.2,87.8,5690,6.0,63.3,25,73.0,15.53,1
90.7,107.3,1613,3.9,57.1,126,100.0,11.5,1
97.84185001883544,89.3,5498,7.4,50.8,25,93.0,13.5700000000001,1
98.0,75.0,8594,6.9,51.7,125,91.0,12.67,1
97.8,81.6,9634,7.4,87.2,40,81.5,13.5,0
97.5,81.8,10825,7.1,100.1,28,83.6,16.1,0
93.3,70.5,7586,6.3,69.5,31,97.9,9.9,0
96.0,88.3,6478,6.0,94.6,74,87.8,14.2,0
99.5,67.4,7038,8.1,113.7,25,66.1,18.0,0
95.6,66.2,4874,7.2,79.2,80,73.1,3.8,0
98.8,81.4,6094,6.4,85.8,25,93.0,9.28000000000003,0
92.8,101.1,3263,6.4,79.8,30,70.1,19.0,1
93.4,79.3,5494,6.6,98.0,25,86.0,14.7,1
95.0,74.4,5538,6.2,75.5,166,92.0,8.6,0
96.1,68.8,5987,8.0,80.2,125,92.9,8.4,0
97.2,85.9,5762,6.1,109.6,25,77.0,12.36,0
96.1,66.0,8501,6.4,93.9,39,89.3,13.5,0
96.6,66.1,10382,6.6,94.0,25,93.4,12.5,0
97.0,77.4,4805,7.4,112.8,76,73.1,14.2,0
95.4,82.4,5639,6.6,77.2,125,93.0,-1.39999999999998,0
91.2,97.5,896,4.1,39.1,68,90.3,6.0,1
96.4,69.8,5216,6.8,115.1,25,77.9,9.6,0
95.1,74.6,2306,7.9,86.2,25,81.6,16.2,0
99.1,82.5,11719,7.3,119.8,43,86.5,16.8,0
93.6,89.6,8089,7.3,73.8,68,46.2,21.1,0
94.6,90.0,2909,6.9,69.3,25,85.7,12.9,0
96.2,87.2,7640,7.3,83.1,25,69.1,14.4,0
98.1,71.2,3269,7.5,101.8,77,73.6,19.5,0
96.8,81.5,4624,6.8,89.4,38,93.4,9.1,0
93.5,83.4,4716,6.2,87.7,49,98.1,12.6,1
94.7,74.8,7531,7.2,70.7,25,63.7,7.3,0
96.7,69.6,9224,7.9,112.0,93,38.8,28.1,0
96.6,79.6,7072,5.4,114.8,30,90.0,17.4,0
98.3,69.2,6485,8.7,108.7,43,59.7,16.8,0
96.5,74.3,6946,5.9,85.9,85,88.7,6.8,0
99.9,73.9,10029,6.8,100.4,46,86.6,13.8,0
89.5,103.9,1288,4.7,59.0,25,70.9,15.9,1
97.6,66.2,7050,8.2,120.0,74,39.3,28.7,0
96.5,78.5,6568,6.4,98.5,33,76.1,18.5,0
99.0,67.7,5138,6.9,97.5,30,83.4,6.4,0
96.9,71.3,6397,6.8,87.3,33,80.7,11.9,0
95.5,72.5,7687,7.6,102.4,40,77.0,13.0,0
96.1,76.0,233,1.0,79.3,25,80.0,15.54,0
96.8,88.0,9460,6.3,79.2,25,81.0,14.0,0
97.4,56.1,7088,7.6,69.9,87,81.9,12.3,0
96.2,89.9,5763,5.8,83.2,25,69.0,12.64,0
98.8,91.0,1885,5.9,111.2,25,77.0,14.19,0
91.6,102.3,1595,3.9,37.8,25,88.7,18.6,1
93.1,73.3,672,9.6,91.6,25,83.0,4.21000000000004,1
97.0,78.2,10161,7.5,73.4,85,95.6,6.2,0
96.3,63.9,5298,6.2,106.9,32,75.2,28.2,0
93.1,75.9,8995,6.2,71.6,68,90.8,4.3,0
98.0,70.7,6200,7.6,87.4,25,94.4,17.6,0
89.5,95.3,2243,4.3,53.0,66,88.0,12.6,1
96.8,60.6,6815,7.0,96.5,75,35.3,29.8,0
97.4,67.2,4201,6.8,120.0,25,76.7,11.1,0
97.6,85.2,425,1.4,107.4,75,54.0,20.23,0
96.2,63.6,10260,8.4,88.8,28,94.6,11.6,0
94.2,58.4,8232,8.6,68.9,92,97.3,-1.0,0
95.3,83.4,6062,6.7,78.1,25,94.0,4.63,0
95.4,71.1,6754,6.8,80.6,29,87.5,12.2,0
98.0,75.0,5436,6.2,50.7,25,80.0,6.49000000000001,1
94.8,82.2,9949,6.2,78.4,28,81.2,9.2,0
95.8,82.7,5485,7.9,84.0,25,82.0,3.99000000000001,0
96.0,72.8,5604,8.0,82.4,58,95.0,16.0,0
95.5,76.8,9581,7.2,77.0,79,87.2,18.6,0
99.0,85.2,5543,6.6,89.3,25,89.0,14.69,0
90.4,85.6,6125,6.6,43.9,25,69.0,14.64,1
98.2,68.2,7293,6.4,85.8,77,87.2,15.2,0
93.5,96.0,1399,5.0,92.9,26,86.9,13.3,1
95.1,59.9,7061,7.2,80.2,25,95.6,3.2,0
94.7,66.4,6002,7.8,60.1,25,77.8,1.8,0
96.2,83.9,1896,7.1,113.7,25,71.0,14.73,0
99.3,67.2,6545,8.3,109.8,25,94.2,12.3,0
99.1,85.1,353,7.2,112.4,25,95.0,13.84,0
92.9,62.7,4720,7.6,59.1,137,85.5,8.8,1
99.2,72.4,6511,7.9,89.7,25,91.9,12.2,0
93.0,53.5,6762,7.6,61.0,25,86.4,9.2,0
96.3,72.1,7214,7.4,92.9,200,95.6,16.2,0
91.1,102.9,1884,5.5,54.3,72,82.7,-0.3,1
93.9,68.9,3325,7.5,77.7,25,92.9,9.9,0
97.0,69.6,4805,7.4,87.4,88,76.7,11.2,0
97.8,69.1,2147,5.9,97.8,25,92.0,11.16,0
97.7,62.8,10146,6.7,95.6,25,79.8,20.0,0
98.7,69.1,5953,7.0,108.4,25,74.2,17.0,0
98.0,75.0,2185,2.8,55.0,35,87.0,9.9,1
96.2,90.0,10864,6.2,116.0,38,63.5,17.4,0
97.4,84.2,8612,6.6,94.5,25,76.1,15.0,0
89.1,92.0,4778,6.1,58.3,25,80.0,4.11000000000001,1
92.3,80.3,4162,3.2,96.3,25,90.0,8.61000000000001,1
96.1,61.5,4800,6.8,79.0,45,82.2,2.3,0
91.8,80.9,2255,6.5,97.4,75,76.0,1.14000000000004,1
95.01389606901381,98.9,2912,4.8,52.1,25,86.1,19.0,1
95.9,64.3,10233,7.4,79.3,86,87.0,5.9,0
89.8,105.9,769,5.3,47.8,25,83.6,11.8,1
95.2,64.5,7770,5.1,75.3,42,88.2,7.6,0
96.3,55.8,8279,7.1,106.3,25,84.0,22.3,0
91.9,91.5,4373,5.6,94.2,82,77.7,13.3,1
96.8,60.1,5055,6.7,75.5,86,90.6,10.7,0
95.69322438976421,79.3,4430,6.3,57.8,25,73.1,22.4,1
91.7,82.5,1221,7.4,94.0,25,83.0,13.3200000000001,1
96.5,78.6,10208,7.6,78.3,25,86.1,17.6,0
98.3,77.7,6009,6.5,94.8,75,63.0,18.93,0
91.0,101.7,4406,6.0,60.7,50,98.3,5.8,1
93.6,85.9,6536,8.0,73.3,25,92.0,11.03,0
97.6,73.8,3589,6.5,95.7,79,83.0,20.6,0
96.4,71.1,6039,7.5,81.3,25,61.9,14.5,0
94.4,87.5,5807,6.4,70.3,25,86.0,13.75,0
93.2,65.5,7527,7.4,59.3,25,89.7,5.6,1
96.00273167245088,113.9,2529,3.8,56.8,65,73.3,-0.7,1
90.1,95.3,3083,4.7,64.2,94,91.8,7.6,1
95.7,60.1,8287,7.3,90.2,27,96.6,1.4,0
95.8,57.8,4751,7.1,94.3,28,73.3,23.4,0
97.6,81.8,5541,5.9,94.3,25,80.0,14.1,0
92.1,82.3,1324,6.6,96.2,25,93.0,12.98,1
90.5,101.1,1921,5.1,46.8,25,78.1,-0.1,1
98.5,66.9,5037,6.7,114.8,25,54.1,15.7,0
99.1,76.2,7600,7.1,114.3,25,72.8,9.2,0
97.8,74.2,3165,5.5,89.8,25,77.4,21.8,0
95.5,71.6,8758,7.5,89.2,77,78.0,9.5,0
98.0,75.0,4383,7.7,48.3,25,91.1,11.5,1
95.0551720296424,88.2,3844,8.6,59.3,74,65.0,4.6,1
98.0,80.4,5689,5.8,94.9,25,97.0,14.73,0
96.6,65.2,4879,7.9,84.3,25,81.1,11.8,0
96.1,78.7,6801,6.9,95.8,32,93.3,10.2,0
92.0,95.1,3042,5.6,66.4,71,96.5,14.0,1
95.5,70.2,4821,8.4,80.2,132,95.0,0.5,0
94.8,84.5,10130,8.3,46.5,25,80.8,16.1,1
99.4,63.1,9961,9.0,91.0,25,86.0,9.7,0
97.2,66.0,8048,8.1,80.1,35,86.2,11.2,0
96.3,64.3,9339,7.0,81.0,26,86.1,3.3,0
97.7,69.5,5778,7.7,106.3,25,39.1,25.1,0
94.0,81.5,8463,8.6,79.1,25,98.2,4.5,0
95.9,64.6,3073,7.7,85.5,43,85.0,12.1,0
95.3,59.9,4766,7.2,74.9,91,85.8,6.9,0
93.0,84.4,2327,6.7,48.4,105,86.7,9.1,1
92.0,81.8,5932,6.1,98.6,25,39.0,26.98,1
94.8,90.0,4428,6.4,76.4,70,87.1,10.7,0
96.0,75.3,9114,7.0,102.3,25,99.1,6.5,0
97.9,71.2,2243,7.9,82.8,97,96.8,9.4,0
95.08128797751046,102.7,2399,4.8,59.9,25,77.6,4.2,1
96.7,53.6,9255,6.3,120.0,38,91.2,14.6,0
96.9,67.0,12443,7.2,120.0,25,77.8,20.2,0
92.4,75.3,2000,5.6,71.7,92,78.4,8.5,0
89.9,104.4,2182,4.9,52.6,77,77.6,25.5,1
96.3,57.8,8202,8.0,90.5,25,100.0,7.4,0
89.6,111.5,2042,4.5,51.3,25,73.0,11.1,1
99.0,75.1,6369,6.6,96.4,25,84.0,8.72000000000003,0
98.8,59.0,7550,8.5,91.2,25,95.3,9.1,0
97.18456626861081,87.9,10052,6.4,43.9,25,93.0,4.11000000000001,1
97.75956684923828,90.7,6380,7.0,46.3,25,92.0,15.47,1
97.0,66.2,6751,7.2,104.0,25,90.3,10.0,0
96.79223930651092,87.4,4192,5.6,56.0,75,64.0,2.05000000000001,1
99.6,72.6,4548,7.5,95.3,76,77.5,11.4,0
96.7,64.4,8060,6.9,99.2,28,87.7,15.3,0
92.1,92.3,2552,5.4,94.5,33,96.1,16.0,1
96.2,64.6,6128,8.8,113.9,191,36.9,35.2,0
98.2,68.9,6496,6.9,108.8,25,61.8,20.0,0
89.5,108.8,2535,4.1,43.5,33,70.5,20.5,1
96.72954942654276,70.8,7444,6.3,59.5,27,86.7,6.9,1
97.6,69.8,7149,8.7,106.0,36,87.5,2.7,0
93.0,65.0,8271,7.8,69.9,125,77.4,8.4,0
94.1,69.4,4540,8.0,64.7,25,50.3,19.0,0
96.5,83.0,6817,5.0,83.6,39,86.1,8.1,0
96.2,59.6,5889,5.6,81.3,39,82.5,18.6,0
99.0,74.8,10259,7.9,91.4,28,77.2,7.5,0
93.8,62.7,2000,7.2,71.4,25,86.3,9.4,0
95.8,78.6,7864,8.9,85.6,35,91.2,12.0,0
99.0,85.4,8697,8.0,92.8,25,90.8,20.4,0
98.1,73.5,8051,8.3,89.7,25,57.2,2.0,0
96.3,62.9,5263,7.2,119.1,79,84.2,14.3,0
99.1,65.1,5968,8.3,111.9,25,80.1,16.9,0
97.8,63.2,7710,8.8,98.9,25,89.5,3.9,0
95.6,87.9,6126,8.3,90.1,25,94.0,9.33000000000004,0
98.8,82.5,5701,6.2,83.3,25,86.0,17.21,0
92.0,91.8,3267,5.7,78.4,25,82.4,9.5,1
96.4,90.0,7155,7.9,91.7,25,58.0,19.6,0
95.4,82.5,7935,8.4,86.4,81,58.7,25.9,0
97.7,78.6,4605,7.6,119.0,25,78.3,17.1,0
92.3,76.2,5507,5.8,79.2,25,86.0,1.80000000000001,1
98.5,75.4,194,8.3,97.5,25,77.0,16.76,0
93.2,96.1,2937,5.1,94.2,30,100.0,10.3,1
96.3,51.1,10136,7.6,98.6,50,73.0,12.8,0
96.3,90.0,4437,7.5,90.8,44,97.4,12.4,0
97.3,79.2,8028,7.0,102.9,25,76.8,21.1,0
95.31979475940132,96.4,2633,5.1,55.3,25,100.0,6.4,1
99.4,71.3,9954,7.4,116.2,25,81.7,20.2,0
97.2,71.1,9553,7.5,93.8,77,88.5,15.9,0
94.6,63.4,4824,8.3,65.2,25,74.4,6.1,0
92.3,84.3,5587,6.2,118.6,25,91.0,15.42,1
96.1,68.3,2000,7.8,83.8,78,82.9,3.2,0
97.7,69.9,5929,7.2,120.0,25,93.4,-0.1,0
95.6,61.4,9352,5.8,113.1,25,100.0,7.3,0
91.5,80.8,545,6.7,94.8,25,89.0,13.1,1
96.7,74.3,5075,7.9,95.8,28,77.1,19.4,0
93.9,66.5,8299,7.9,71.5,33,91.9,-2.0,0
98.6,65.7,2577,8.5,90.6,41,91.8,12.2,0
96.3,61.6,6185,7.5,106.8,27,76.6,9.1,0
92.9,55.2,8659,7.3,66.2,35,79.4,9.1,0
96.6,72.6,5611,6.5,102.6,25,88.8,20.4,0
93.5,100.1,5000,4.3,109.3,50,95.0,7.8,1
96.7,72.8,9402,8.9,109.7,25,77.5,10.1,0
96.6,79.9,5593,6.6,109.6,25,79.0,14.19,0
95.3,70.0,9077,7.6,70.2,32,86.1,12.2,0
97.3,72.0,8877,7.5,95.5,42,85.2,22.5,0
99.2,69.5,7880,7.8,79.8,67,71.5,-0.5,0
97.4,52.3,5508,9.2,83.9,116,91.5,14.3,0
97.5,78.6,4182,7.3,95.2,35,79.1,16.1,0
94.3,82.6,10537,9.1,82.1,64,44.2,22.1,0
95.6,79.7,5074,6.3,110.0,25,96.0,6.66000000000003,0
97.6,68.5,8852,5.4,95.1,48,94.6,10.3,0
92.5,88.9,1484,5.9,91.6,25,88.0,3.93000000000001,1
91.0,80.0,4119,2.8,52.7,25,97.0,6.42000000000002,1
99.5,77.3,7503,6.4,110.0,33,68.9,14.7,0
96.4,73.2,5141,9.0,85.7,100,96.8,4.1,0
95.0,69.4,7891,6.7,77.2,25,81.8,10.9,0
93.1,72.9,7174,8.0,71.2,30,70.2,20.4,0
91.8,84.8,5570,6.1,75.1,75,96.0,14.63,1
92.6,99.5,3726,4.8,81.5,35,93.1,11.9,1
96.9,66.3,8016,6.8,85.6,25,85.0,15.2,0
98.8,80.1,7499,6.9,91.8,114,58.4,27.7,0
97.8,74.1,7133,5.9,99.0,85,55.3,26.1,0
94.1,64.9,8365,7.5,65.3,25,92.0,10.5,0
99.5,79.1,7306,6.6,102.2,25,91.8,16.1,0
93.7,70.2,11433,8.0,69.5,83,83.1,3.4,0
99.0,72.7,4321,6.6,77.3,75,73.5,19.6,0
97.0,85.7,9690,7.1,106.0,38,82.7,13.3,0
91.8,88.5,4802,4.0,117.3,25,67.3,16.6,1
92.3,82.7,1669,4.9,93.2,25,82.7,14.9,1
98.3,81.2,12553,8.2,108.5,46,59.2,17.4,0
95.6,56.9,6387,8.1,80.1,33,74.6,15.4,0
94.4,88.9,6470,7.5,60.3,25,86.0,2.22000000000003,0
96.5,73.2,7164,6.6,71.1,36,96.4,7.3,0
100.0,75.0,5438,6.3,118.6,56,66.9,26.7,0
95.8,68.2,8550,7.5,70.4,25,84.6,0.6,0
92.1,83.8,2736,4.8,80.9,29,90.1,3.3,1
98.6,78.5,7164,7.8,97.6,25,82.7,12.4,0
98.2,77.3,4168,6.0,82.6,25,93.7,3.7,0
93.7,80.3,4843,6.6,75.0,44,87.8,9.3,0
95.9,76.1,10824,6.8,81.2,29,84.0,20.0,0
99.1,76.3,7853,7.4,76.1,32,99.0,14.4,0
95.3,65.9,5976,7.5,71.7,35,92.3,10.4,0
96.4,81.2,8073,7.9,70.9,122,94.3,7.9,0
97.5,65.8,3938,7.3,108.7,33,71.5,25.1,0
95.3,69.2,4592,6.8,78.8,29,78.9,12.3,0
95.8,65.8,7180,7.4,68.8,71,66.8,3.5,0
93.8,55.9,6128,6.4,68.0,26,99.3,-2.9,0
90.4,96.4,3133,5.6,64.3,80,73.3,6.1,1
95.5,73.6,6847,6.6,85.1,25,84.2,14.6,0
96.0,75.3,9824,7.2,96.0,26,53.6,18.5,0
95.81223401943066,92.1,6030,7.7,53.4,25,87.0,9.12,1
95.8,70.8,8746,6.8,92.6,25,95.9,9.0,0
92.2,71.4,12424,7.9,53.6,27,82.4,18.0,1
95.72951657299836,97.8,1743,6.0,54.8,26,53.2,3.8,1
95.5,84.5,9016,6.9,79.8,75,87.0,15.43,1
91.5,77.3,5922,6.3,113.5,25,98.0,16.35,1
92.3,80.5,5497,6.6,113.5,75,73.0,15.93,1
95.3,78.1,3911,8.0,81.4,182,70.8,24.4,0
100.0,61.2,5451,7.5,118.1,83,63.4,29.0,0
92.6,88.8,5246,4.0,67.8,75,78.0,6.87,0
92.2,72.9,900,6.4,94.7,75,87.0,13.45,1
98.7,83.0,4368,7.0,113.8,35,83.9,17.2,0
89.9,106.0,2054,4.1,45.9,25,76.9,15.8,1
92.5,82.4,6653,7.8,75.2,111,83.8,8.9,0
98.0,75.0,796,3.7,35.3,41,100.0,16.5,1
89.9,97.1,2659,6.0,54.3,28,80.6,14.8,1
95.42033952729936,118.4,1957,4.8,55.2,29,68.8,18.0,1
95.8,78.3,4577,5.1,85.9,36,78.0,3.9,0
96.0,82.3,4669,7.6,79.3,25,87.7,4.7,0
97.9,71.4,9377,5.4,77.3,29,85.9,11.6,0
95.78679213289948,70.2,9856,7.0,58.7,53,86.0,10.3,1
96.2,79.7,5930,7.9,120.0,34,93.4,6.7,0
93.2,100.3,5000,5.5,88.4,25,91.1,11.5,1
97.5,88.7,6089,6.2,88.9,25,83.0,17.98,0
97.4,69.5,12598,6.7,106.3,74,73.5,25.6,0
97.7,85.1,4700,4.8,120.0,25,81.0,16.23,0
96.2,83.8,5444,6.5,88.2,75,90.0,18.89,0
92.9,62.6,4992,6.5,58.1,25,93.6,15.9,1
97.0,82.2,10290,8.0,91.8,32,82.9,10.9,0
97.61637172683245,61.0,4168,6.3,56.6,84,70.2,2.4,1
96.9,84.8,5962,6.5,109.6,25,82.0,16.72,0
96.7,55.8,6366,8.4,59.6,25,88.3,9.9,1
97.6,70.4,12619,8.1,114.0,25,80.2,9.1,0
96.9,64.6,10722,7.2,74.2,81,93.4,15.0,0
99.3,76.8,10912,6.7,120.0,25,76.1,12.2,0
96.4,90.0,7754,7.6,82.2,60,74.6,19.9,0
98.1,61.3,8779,7.4,83.2,25,72.5,19.6,0
96.7,76.8,6108,7.2,77.6,36,73.3,15.9,0
96.3,55.9,5642,7.3,92.2,42,67.8,12.4,0
96.6,90.5,5450,6.5,119.0,25,75.0,4.40000000000003,0
97.0,70.8,8236,6.8,87.1,25,89.6,17.5,0
98.0,75.0,12985,7.0,40.4,25,94.0,16.09,1
89.8,85.9,13416,5.8,52.2,25,96.0,9.81,1
91.3,112.7,984,5.3,51.5,35,82.6,15.9,1
93.5,92.5,11701,6.0,65.0,25,81.0,3.08000000000004,0
97.79635484745084,82.7,5581,6.1,40.8,25,83.0,17.43,1
97.0,78.8,6383,7.9,78.5,25,81.6,18.8,0
99.5,69.7,4213,7.4,109.0,100,41.6,24.9,0
98.3,51.2,8963,7.7,91.6,25,91.0,15.4,0
95.9,67.9,10590,8.2,74.7,25,74.8,15.8,0
98.8,63.6,9820,6.9,93.8,25,85.8,6.9,0
97.74323583777488,100.9,638,2.9,39.4,28,60.7,21.0,1
97.16680079556697,104.0,1315,4.3,42.4,26,62.0,23.2,1
98.6,89.8,8341,6.4,87.4,25,87.9,11.3,0
98.4,53.6,5659,7.1,99.2,25,95.7,12.8,0
91.1,86.7,5926,6.2,49.3,25,94.0,16.47,1
93.6,78.6,4631,8.7,86.7,37,84.1,9.5,0
95.8,84.5,9280,7.4,119.1,25,55.9,21.6,0
91.0,78.0,5911,6.4,50.4,25,99.0,17.42,1
91.6,99.8,3129,6.2,74.8,25,85.6,13.8,1
95.8,57.5,6831,6.8,71.0,113,93.9,5.1,0
98.0,74.6,7357,6.9,88.7,139,59.0,27.0,0
92.7,107.2,3668,6.8,65.9,51,85.8,1.6,1
96.8,72.6,2046,7.2,120.0,25,73.3,18.1,0
93.9,65.8,11519,6.0,68.4,35,88.8,14.2,0
98.1,77.5,8080,6.9,108.4,37,70.7,16.7,0
97.9,73.3,5820,6.8,95.1,25,87.7,17.0,0
92.5,73.5,8533,6.5,71.2,63,71.0,22.7,0
99.0,70.6,6054,6.7,114.6,29,82.0,19.5,0
98.5,72.6,5115,5.5,75.8,182,90.7,3.1,0
95.3,66.5,6469,6.9,81.1,36,76.1,14.2,0
91.9,78.0,1692,8.2,87.3,25,92.0,15.62,1
95.6,74.0,5805,8.2,120.0,25,69.1,17.8,0
95.9,82.7,5855,6.5,94.1,25,77.0,21.01,0
93.4,70.0,8593,7.1,68.8,25,86.1,12.4,0
99.2,66.7,6949,7.1,113.6,25,74.2,19.4,0
98.8,82.3,5760,6.2,110.8,75,91.0,5.21000000000004,0
98.3,80.6,9443,6.7,95.5,25,82.7,14.7,0
97.2,81.4,9541,6.4,80.9,25,91.0,10.51,0
96.4,72.4,6854,7.0,98.6,31,84.6,3.7,0
94.5,61.5,7274,7.4,68.7,25,79.7,2.8,0
97.3,84.2,5762,6.6,114.0,75,81.0,23.06,0
97.0,73.7,8351,7.4,89.0,25,84.8,11.2,0
95.41806822221847,106.6,1509,3.6,47.2,25,96.1,13.8,1
97.6,74.1,7376,6.5,83.8,25,84.5,19.9,0
92.8,82.8,10671,5.7,65.0,25,85.0,16.38,0
98.6,61.0,8717,7.3,80.1,26,80.7,20.0,0
95.8,70.3,10951,6.9,78.3,25,97.7,13.2,0
97.6,58.7,11450,7.2,80.4,117,96.4,14.9,0
95.5,73.1,8251,7.5,96.2,35,69.7,15.1,0
96.9,72.4,8209,6.2,71.0,25,87.8,11.6,0
98.6,63.7,8535,7.2,76.4,25,76.2,16.7,0
96.55675311584851,87.0,5502,6.1,50.3,25,74.0,14.88,1
96.1390772245018,64.7,99,5.4,56.0,25,93.0,3.0,1
95.5,81.1,13658,7.9,100.8,25,98.8,6.0,0
92.1,67.1,11593,7.7,64.1,42,91.7,12.5,0
97.3,75.9,7382,5.0,99.6,80,59.4,28.7,0
94.3,90.0,4712,7.1,83.5,25,94.9,10.7,0
96.7,90.0,6370,6.6,98.9,51,73.7,17.2,0
95.7,78.1,6200,7.2,93.0,32,98.4,13.6,0
98.0,75.0,2620,7.3,59.6,85,70.6,10.4,1
98.0,81.5,3216,6.8,85.8,25,100.0,18.8,0
97.4,89.3,7056,7.9,90.7,35,74.4,14.0,0
97.3,72.3,4656,8.5,93.9,38,69.5,23.7,0
97.7,55.4,8314,7.4,98.0,25,88.7,4.0,0
93.5,61.9,8075,5.6,74.8,25,83.3,12.2,0
94.7,85.0,5593,6.3,76.6,25,88.0,18.5700000000001,0
97.4,73.9,6364,6.8,94.4,25,90.7,11.1,0
95.6,86.1,5669,6.4,119.2,25,83.0,2.31,0
97.6,81.5,7446,6.8,89.8,25,92.8,15.2,0
98.0,78.2,4704,6.8,85.9,25,76.8,21.3,0
97.0,50.0,6528,7.5,82.2,25,70.1,5.9,0
91.4,106.0,1227,6.4,59.5,29,67.0,19.5,1
97.3,68.6,6642,7.3,104.4,77,90.3,4.8,0
95.3,72.3,4856,6.4,73.8,25,92.8,12.3,0
96.1,58.5,8810,7.2,89.3,25,78.9,18.6,0
98.5,76.7,8761,7.1,109.3,32,77.0,11.6,0
96.3,84.7,9534,7.8,120.0,25,62.6,18.2,0
98.8,80.5,8347,7.9,116.7,80,89.5,5.7,0
95.8,70.7,11003,7.8,86.8,25,86.2,3.7,0
96.9,73.2,4124,7.1,85.3,26,90.0,13.8,0
97.9,68.9,6607,7.3,96.2,34,86.7,13.1,0
92.6,96.1,2433,5.4,102.5,30,96.7,14.2,1
96.4,78.6,5563,7.4,78.4,69,66.9,23.5,0
93.5,100.2,3193,5.9,51.1,25,86.8,8.8,1
95.0,65.2,4122,6.7,79.2,45,93.3,-1.3,0
91.0,102.0,2254,5.0,61.8,25,86.0,17.7,1
99.4,77.8,6375,8.8,82.3,47,86.5,9.1,0
98.8,67.6,7221,5.6,91.9,25,86.9,14.8,0
94.2,74.8,334,1.0,65.0,25,77.0,16.83,0
90.7,106.0,1602,4.2,44.8,49,87.5,6.4,1
95.4,60.4,7732,6.4,92.5,25,82.9,16.6,0
91.8,77.7,1637,8.2,81.6,25,89.0,7.60000000000002,1
98.1,72.2,8395,6.1,84.9,25,95.0,5.0,0
96.1,74.8,8250,7.6,79.9,30,90.8,6.4,0
94.4,64.9,7114,6.9,73.8,75,50.3,26.9,0
95.2,75.0,9097,7.9,83.7,183,72.2,24.4,0
94.2,73.6,8760,5.8,59.4,25,74.1,11.3,1
96.6,78.2,6025,6.6,75.6,25,82.0,4.71000000000004,0
94.8,79.5,2286,7.8,53.1,75,67.0,4.05000000000001,1
92.2,72.1,2277,6.0,97.3,25,94.0,-1.0,1
98.9,79.9,8422,6.5,115.2,40,80.1,14.0,0
95.2,80.7,6467,6.5,87.0,175,68.0,23.96,0
93.8,75.6,5279,8.2,80.1,25,60.9,21.3,0
96.7,82.1,7384,6.5,92.7,65,61.4,15.9,0
99.2,70.8,7173,8.8,87.8,44,81.9,16.7,0
95.1,76.4,6153,6.5,76.4,175,89.0,7.15000000000003,0
89.1,106.4,1746,3.1,53.1,36,87.5,6.2,1
91.9,101.8,2892,5.6,84.6,27,83.8,6.9,1
91.7,87.2,1297,5.0,51.2,25,83.1,5.8,1
95.3,75.4,2677,6.9,84.7,169,75.9,22.1,0
94.8,71.3,3890,7.2,69.7,25,86.7,7.1,0
98.0,75.0,6369,6.2,55.6,25,92.0,6.99000000000001,1
98.2,83.8,6769,6.7,120.0,25,73.9,16.9,0
100.0,65.8,4947,8.4,91.5,106,59.0,24.7,0
93.1,73.2,7929,6.6,64.2,58,75.9,4.8,0
93.8,72.9,7838,8.0,69.5,37,55.5,19.8,0
95.6,83.0,7833,5.5,112.2,25,100.0,6.2,0
100.0,74.0,11243,8.1,104.4,31,47.1,23.0,0
95.9,75.6,6752,7.3,76.0,29,84.6,14.3,0
94.1,80.1,5828,6.1,68.9,25,89.0,0.970000000000027,0
99.0,90.0,6600,8.0,106.3,68,82.4,14.3,0
95.5,65.0,5860,7.3,68.0,25,73.3,10.0,0
91.9,94.0,2629,3.8,77.7,77,80.2,20.4,1
90.5,99.1,2161,5.3,50.0,46,91.5,7.5,1
95.3,74.9,6462,8.2,82.2,25,72.4,4.8,0
97.4,80.4,11376,7.6,120.0,25,71.5,22.3,0
97.3,78.2,11134,8.3,85.2,65,88.7,10.2,0
95.4,57.8,4130,6.4,103.6,33,67.9,17.5,0
92.7,85.6,14054,7.6,65.0,75,82.0,7.93000000000001,0
98.9,77.3,7879,6.6,110.9,39,70.3,16.1,0
93.8,81.1,4747,6.7,64.1,25,85.9,18.2,0
99.8,83.8,10761,7.4,95.7,39,89.2,19.5,0
93.0,57.6,2809,7.8,60.4,38,98.8,18.9,0
96.6,62.3,4988,7.4,104.9,81,35.9,29.9,0
96.3,87.3,14008,6.8,83.3,25,81.0,8.64000000000004,0
92.8,95.6,3055,6.9,104.8,36,69.6,18.2,1
96.2,63.8,8092,7.3,89.2,90,87.2,8.8,0
97.8,87.4,5751,8.3,91.1,25,90.4,15.5,0
97.2,62.7,6136,5.9,120.0,45,82.6,4.5,0
98.1,67.8,9885,6.8,82.6,25,85.4,13.9,0
93.6,104.4,2803,5.9,98.9,25,88.2,17.5,1
98.0,75.5,8435,7.9,81.5,25,88.7,11.0,0
95.1,68.0,4417,6.9,74.2,91,78.8,12.5,0
93.1,64.8,6232,7.3,61.9,45,86.3,14.2,0
98.3,78.1,8075,6.3,103.8,25,93.7,14.4,0
93.2,81.6,4056,5.2,94.5,25,86.0,3.76000000000005,1
98.9,77.2,8147,5.9,93.8,38,96.4,1.9,0
97.0,83.0,5757,6.2,86.6,75,73.0,18.37,0
92.4,75.4,5574,5.9,63.4,25,94.0,3.21000000000004,1
98.3,66.5,6006,7.0,101.5,63,36.4,28.8,0
97.7,83.1,5721,6.4,91.9,75,74.0,8.62,0
97.4,80.8,7265,8.6,80.2,25,81.8,20.3,0
98.1,57.8,8654,7.1,89.8,56,85.3,16.6,0
96.7,85.7,7227,7.5,104.9,81,37.4,28.4,0
95.1,57.4,7069,6.8,64.6,66,61.8,20.7,0
97.8,79.0,6595,7.7,91.3,27,87.8,8.5,0
94.0,90.0,5645,7.1,66.7,25,96.2,-0.8,0
96.69539955076763,85.0,6198,6.0,48.6,25,90.0,6.53000000000003,1
91.1,85.2,6119,6.6,47.7,75,87.0,5.91000000000003,1
97.0,61.1,9358,8.2,82.5,25,72.0,8.2,0
95.0,69.3,7998,8.3,108.4,68,76.4,16.3,0
96.3,82.4,5472,5.4,89.6,30,94.3,13.6,0
99.1,60.0,6191,5.8,97.9,30,90.1,2.6,0
99.6,58.5,6871,7.0,92.7,49,64.4,16.1,0
99.5,65.3,7322,7.9,84.8,25,84.7,15.2,0
93.6,94.0,9225,7.1,64.3,75,86.0,1.46000000000004,0
96.8,64.2,7142,8.3,89.0,35,86.6,15.2,0
98.7,69.2,10736,7.0,120.0,27,70.5,11.0,0
95.1,73.7,4498,7.8,87.6,25,80.1,13.3,0
99.1,67.9,7597,6.1,75.1,39,89.8,10.7,0
95.6,73.2,6480,5.8,94.2,27,88.9,11.6,0
95.06740792496035,93.3,1564,7.0,52.9,72,100.0,9.3,1
92.4,99.8,2294,5.5,98.4,25,86.2,16.0,1
93.2,99.6,3299,4.1,62.2,25,77.4,7.1,1
92.3,65.2,47,5.9,94.0,75,81.0,10.3,1
95.2,76.3,6137,7.9,83.1,25,80.6,11.7,0
92.4,75.5,6939,5.4,61.1,44,75.3,3.7,0
92.9,71.9,9463,8.3,47.9,33,91.5,6.2,1
91.7,75.7,2313,7.2,88.8,25,95.0,14.23,1
99.7,83.2,10051,6.3,100.1,25,83.8,13.8,0
97.0,85.4,10097,8.1,84.4,25,90.0,4.30000000000001,0
98.4,71.2,4891,7.3,85.9,25,81.4,20.4,0
94.6,70.5,4358,5.9,59.9,105,88.0,3.9,1
93.1,97.4,4087,4.7,90.6,25,91.3,7.6,1
93.5,62.2,3832,7.0,58.3,32,94.6,13.2,1
99.2,67.7,7994,8.2,105.8,36,73.8,16.3,0
97.2,84.7,5688,6.2,81.1,25,87.0,12.87,0
99.2,86.9,12034,6.6,116.0,29,49.8,25.8,0
98.0,75.0,1332,4.4,57.8,25,80.6,11.3,1
95.5,70.7,3272,8.0,74.3,39,96.4,-3.0,0
98.6,84.4,10869,8.1,114.0,33,82.1,17.1,0
95.87944319078304,80.4,7375,7.4,59.5,25,85.0,10.4,1
95.1,87.1,6062,6.2,79.4,25,83.0,13.27,0
94.3,88.5,5648,6.3,78.6,25,80.0,10.02,1
96.6,74.8,6326,9.2,98.7,25,97.2,17.7,0
91.9,97.8,3442,5.0,85.5,75,76.3,8.9,1
93.5,75.7,10436,7.5,51.3,65,56.1,22.1,1
95.3,58.5,6224,6.9,73.9,115,94.7,-2.0,0
97.7,59.2,6037,6.8,98.8,61,68.6,8.0,0
92.6,80.1,5617,5.9,89.2,25,89.0,3.94,1
91.8,90.5,2599,6.8,89.7,25,95.8,14.2,1
96.2,81.1,11655,5.4,97.4,25,86.0,18.4,0
96.0,64.9,8241,5.6,103.5,175,95.5,17.5,0
97.4,69.5,10214,7.3,105.3,25,86.0,5.7,0
93.4,84.1,5333,6.3,60.9,25,84.0,5.44,0
96.3,75.5,9745,6.5,102.7,25,92.2,14.7,0
96.0,64.3,8306,7.3,98.7,25,93.1,13.0,0
92.4,98.9,3454,5.9,64.7,34,81.6,16.2,1
93.0,100.2,3604,5.6,107.8,25,76.7,22.2,1
94.5,79.2,9825,8.8,73.8,123,83.3,7.5,0
98.3,66.4,5599,6.1,81.5,61,92.4,12.4,0
99.1,74.0,2890,5.2,75.1,25,80.3,16.0,0
91.3,106.6,2960,4.7,45.8,25,88.6,7.5,1
96.1,88.1,5566,6.1,105.6,75,43.0,28.44,0
95.5,70.2,11984,6.4,84.8,60,68.0,16.7,0
94.4,74.1,7004,7.2,80.3,68,63.6,23.9,0
94.6,75.5,3912,7.0,55.0,29,94.3,6.6,1
91.3,98.9,3184,5.1,66.9,25,91.3,13.7,1
92.3,51.1,6576,7.5,64.6,40,90.9,10.1,0
97.1,68.8,6037,7.1,90.9,27,92.8,13.8,0
96.6,50.0,10048,6.5,81.5,85,68.1,23.8,0
98.5,66.3,8689,6.0,120.0,91,44.1,28.0,0
98.6,72.1,8525,6.6,106.6,80,93.4,0.8,0
96.4,71.5,6032,8.2,98.5,25,95.2,15.3,0
97.1217159029402,71.1,3618,6.6,54.0,25,83.9,6.5,1
97.9,77.7,5730,6.0,85.5,25,83.0,7.49000000000001,0
98.8,62.0,7912,8.8,101.1,72,93.9,8.5,0
94.3,74.8,8458,7.2,72.5,83,61.0,19.9,0
96.5,60.3,2000,5.8,98.8,108,91.9,5.8,0
96.4,64.0,6113,7.1,96.1,190,90.8,17.0,0
98.0,77.9,5068,7.5,116.2,25,70.4,22.9,0
89.9,82.7,6314,6.4,45.0,25,90.0,13.79,1
95.80603207815484,67.3,5250,8.1,56.2,28,65.3,19.9,1
91.2,81.6,5745,6.0,107.9,25,84.0,10.16,1
97.0,70.1,3580,5.8,102.5,25,96.3,16.2,0
98.2,78.0,4862,5.2,102.8,75,72.0,13.67,0
95.8,82.6,10698,7.5,82.7,90,91.4,6.3,0
97.3,73.0,5632,8.2,117.6,25,85.5,8.9,0
97.6,79.3,4820,6.7,71.7,25,93.1,15.4,0
96.9,75.3,9563,5.3,108.4,25,87.7,17.9,0
96.0,67.7,4642,8.2,68.5,34,84.8,6.7,0
95.8,75.5,6621,7.2,84.0,25,92.5,12.0,0
94.0,83.9,7110,9.0,75.8,85,90.9,11.7,0
89.7,104.7,1878,3.9,51.4,29,82.9,19.3,1
97.1,76.8,6189,7.2,78.9,25,82.3,0.6,0
98.4,79.2,6207,7.2,92.6,25,95.0,15.6,0
97.32658285008503,103.7,847,5.0,38.6,29,100.0,15.7,1
96.4,74.5,10947,7.3,71.5,31,89.0,1.3,0
89.9,92.2,5513,7.1,58.3,25,100.0,3.85000000000002,1
96.9,77.6,10991,7.7,95.0,63,59.2,25.2,0
99.4,75.7,8884,7.9,103.6,25,81.2,19.9,0
98.2,69.0,9265,7.5,87.9,31,89.6,6.2,0
96.4,84.4,10080,5.9,86.3,127,91.2,5.2,0
99.0,58.4,6126,5.9,91.7,25,93.7,15.2,0
91.4,99.7,3600,5.3,113.0,25,88.7,12.5,1
96.9,58.2,6573,8.5,75.5,74,95.5,7.2,0
96.1,92.6,18012,7.6,84.9,25,82.0,16.08,0
97.8,64.9,6107,7.5,83.4,25,94.2,17.7,0
99.4,65.5,6615,8.5,97.5,31,84.3,8.4,0
98.1,68.2,9122,7.2,116.2,25,72.3,18.4,0
97.1,71.7,7444,6.6,81.1,37,85.5,17.7,0
94.5,54.3,9476,8.3,60.2,25,82.7,10.1,0
99.5,84.4,2979,8.0,93.9,25,82.1,15.4,0
94.3,74.8,7492,8.1,73.1,77,95.8,4.4,0
91.9,90.8,3841,6.0,120.0,25,75.8,18.6,1
98.6,75.4,7526,6.6,89.1,75,84.4,15.3,0
97.1,86.5,5309,7.6,84.1,25,98.0,8.33000000000004,0
96.1,62.5,3444,9.0,116.2,34,72.6,11.0,0
91.9,88.3,6268,6.2,64.1,25,77.0,9.51000000000005,1
97.5,80.3,8461,6.1,95.9,25,72.3,20.1,0
98.8,68.0,7445,6.4,89.6,133,49.4,27.6,0
97.0,72.1,7116,8.1,89.8,92,91.9,8.3,0
100.0,78.5,6735,6.5,102.9,25,68.8,8.0,0
95.10964900354429,98.9,1559,4.4,48.8,31,73.2,7.6,1
98.3,67.5,5439,7.0,87.5,25,93.9,13.1,0
98.0,50.0,7697,6.7,93.3,25,88.7,17.2,0
93.5,67.4,5879,8.1,70.7,25,82.9,15.0,0
97.4,61.7,2199,7.6,75.2,25,83.0,17.5,0
96.7,81.3,6228,6.2,99.8,75,75.0,15.55,0
98.1,80.0,4993,6.3,88.3,75,76.0,6.82000000000005,0
93.9,70.3,4283,6.8,82.0,25,85.1,4.7,0
95.6,83.7,4315,5.9,99.8,31,71.6,9.4,0
96.9,77.3,10943,9.6,106.3,85,94.7,14.5,0
97.2,67.4,7064,7.1,103.2,25,79.1,6.8,0
95.5,69.8,13901,6.9,80.1,25,76.3,17.7,0
97.1,59.5,8422,5.3,81.4,25,77.6,20.4,0
95.5,63.9,5331,7.3,92.5,30,98.8,7.0,0
96.5,68.0,9500,5.5,69.3,113,95.9,7.8,0
96.5,67.5,8170,6.6,74.8,60,86.9,9.6,0
98.4,82.9,5478,6.2,105.1,25,75.0,13.06,0
98.5,68.5,5150,5.2,86.1,30,81.0,5.9,0
98.2,69.8,10073,7.4,92.6,32,88.2,13.0,0
96.3,64.2,7339,6.7,84.0,41,85.2,17.5,0
97.0,81.2,6816,6.3,93.1,47,99.6,6.9,0
96.1,76.5,4277,6.6,97.8,29,98.7,8.8,0
94.2,66.2,9853,6.9,64.5,27,100.0,4.7,0
92.7,99.7,2830,4.8,75.1,78,94.2,14.9,1
98.0,84.3,10368,7.1,84.9,25,79.0,13.93,0
96.9,90.0,5570,6.7,98.8,25,69.4,24.3,0
96.9,85.7,7451,8.4,72.9,58,92.8,7.4,0
97.1,90.6,5584,6.7,95.5,25,89.0,15.28,0
98.0,68.2,6890,7.5,90.8,101,51.3,23.4,0
93.3,84.9,4675,5.9,63.0,25,86.0,5.5,0
95.6,84.4,7769,6.2,74.5,25,88.5,4.9,0
97.8,68.0,4999,8.0,80.3,106,94.5,6.8,0
99.0,59.8,9676,6.1,97.6,25,77.7,7.0,0
97.56708940431886,71.4,5613,6.0,58.7,74,63.9,6.5,1
95.6,64.1,6614,6.7,79.3,61,96.9,4.4,0
96.2,77.2,7130,7.3,96.0,25,86.5,13.3,0
96.3,90.0,3594,7.5,107.2,72,96.0,10.6,0
96.0,84.3,5358,6.6,82.5,25,90.0,5.78000000000003,0
96.5,73.2,7890,7.1,97.3,30,57.0,19.4,0
96.55651417137821,101.8,2183,4.7,55.4,25,87.9,9.6,1
96.4,76.5,7276,6.9,112.9,25,99.0,17.8,0
98.8,61.9,6049,7.2,92.7,25,88.5,14.8,0
94.6,73.0,5413,7.2,70.6,34,89.4,16.5,0
98.2,80.6,6213,6.5,117.6,25,95.6,15.8,0
97.9,80.9,3911,7.4,73.2,94,100.0,7.8,0
95.6,66.1,10624,6.4,110.9,43,84.9,-0.5,0
95.3,61.6,4952,7.3,79.2,25,83.5,13.7,0
96.3,75.1,4854,7.7,71.4,36,89.5,16.0,0
89.3,86.4,19181,5.8,44.9,25,66.0,15.17,1
97.3,74.8,4481,7.1,94.7,25,85.9,15.8,0
96.1,66.9,7040,8.2,72.2,43,74.5,13.7,0
96.35665382266941,60.9,7691,8.4,59.3,25,69.3,4.9,1
97.7,82.1,8537,8.0,105.7,25,82.6,8.5,0
92.2,99.8,4678,4.7,108.8,30,71.9,14.3,1
95.7,78.4,5593,7.5,78.2,27,78.7,14.5,0
98.0,71.9,5540,5.9,76.0,33,80.0,17.6,0
95.3,80.7,5958,6.3,85.3,25,78.0,18.97,0
97.9,67.4,5495,6.8,93.5,66,85.7,9.6,0
97.1,74.0,8454,6.9,96.5,27,66.5,22.7,0
91.3,92.3,4013,4.6,91.9,43,78.2,15.6,1
98.6,60.0,6054,8.1,105.4,29,100.0,19.0,0
97.4,69.4,7142,6.7,85.2,54,97.3,11.4,0
98.3,68.2,6340,7.9,97.5,25,95.8,15.3,0
96.1,72.3,5112,7.7,91.2,34,88.3,13.0,0
97.1,68.6,2319,8.6,90.4,27,99.9,4.5,0
98.0,65.4,6407,7.8,78.8,27,75.9,5.9,0
91.4,87.2,13760,7.0,53.9,25,94.0,4.45000000000005,1
99.3,70.9,8179,6.4,93.2,32,83.1,12.0,0
95.9,83.3,4216,5.1,80.3,40,76.5,21.6,0
96.6,72.9,7317,6.3,113.4,25,91.7,17.0,0
98.4,79.0,9411,6.9,89.9,33,83.9,14.1,0
96.0,63.2,7176,7.4,83.6,25,96.0,10.9,0
97.2,83.8,5680,6.4,94.8,25,71.0,20.75,0
92.0,73.5,81,1.8,65.0,25,79.0,3.84000000000003,1
99.2,80.7,2152,5.8,92.6,25,75.6,5.4,0
91.9,100.3,1803,6.4,105.4,25,94.6,16.6,1
98.1,77.2,5369,7.0,96.9,25,76.1,20.1,0
96.9,77.9,5838,6.4,109.2,34,62.7,20.5,0
95.8,65.7,6853,7.0,81.4,33,97.9,10.5,0
92.8,96.7,4364,5.6,102.8,27,84.8,12.4,1
96.4,72.9,3333,6.1,99.4,48,70.4,15.3,0
92.1,79.9,5478,6.8,58.2,25,88.0,1.0,1
94.0,62.6,6960,7.0,79.6,25,94.2,12.5,0
91.2,85.5,5203,6.2,48.9,25,95.0,17.26,1
97.0,72.4,2356,6.5,82.0,41,87.0,9.9,0
96.7,66.4,7502,8.2,72.2,41,72.3,16.3,0
94.3,70.9,8167,6.2,77.8,25,82.6,11.9,1
92.9,120.7,2305,6.1,57.9,31,86.0,15.3,1
96.5,72.1,6199,9.0,114.4,25,75.9,18.3,0
98.3,68.9,7157,5.7,111.4,25,95.9,17.0,0
93.8,67.8,8681,8.7,61.7,66,52.2,22.0,0
97.2,90.4,5615,6.0,112.9,25,77.0,9.30000000000001,0
99.5,85.0,5889,6.4,93.1,75,90.0,15.48,0
99.3,76.5,7215,6.8,96.7,25,93.0,20.3,0
97.9,57.3,9715,7.7,93.9,28,82.7,6.6,0
94.6,71.2,7334,7.2,69.2,25,75.8,10.9,0
96.2,80.3,5905,6.2,89.9,25,76.0,17.79,0
99.0,74.3,9880,6.3,104.6,68,80.2,9.9,0
91.4,88.7,4353,5.8,110.4,25,82.9,9.4,1
97.5,77.3,5620,6.1,109.4,25,89.0,13.83,0
97.2,88.9,9619,8.7,95.3,72,64.8,29.7,0
94.6,95.2,6314,6.4,61.2,25,81.0,10.99,0
96.2,67.1,6891,8.8,97.8,25,72.7,20.5,0
97.4,70.2,6673,8.2,94.0,119,93.9,17.9,0
98.1,78.3,8056,6.8,107.6,34,65.1,14.5,0
95.9,59.0,8023,7.7,82.3,27,92.3,10.4,0
96.7,71.6,5988,7.5,80.3,62,97.3,7.4,0
96.5,56.6,10331,8.1,90.1,25,87.4,16.9,0
95.5,65.9,5724,7.2,107.2,26,60.0,19.7,0
99.0,71.7,3414,6.8,96.2,25,62.7,19.2,0
92.9,93.9,2347,4.5,98.0,25,90.7,7.8,1
97.3,60.7,6189,6.9,84.0,25,60.0,20.8,0
97.9,57.9,5402,6.4,105.7,29,73.7,13.9,0
91.5,109.4,2416,7.0,76.2,36,94.5,19.3,1
97.1,77.1,9994,6.8,96.8,68,74.8,15.8,0
99.1,81.2,7028,7.8,120.0,31,83.6,14.7,0
98.8,69.5,8135,6.9,120.0,25,74.2,9.7,0
97.9,83.0,5906,6.1,94.8,25,97.0,14.78,0
97.3,75.8,3143,8.5,90.4,25,75.3,15.7,0
99.4,68.1,9423,8.2,71.7,170,82.0,11.3,0
97.6,81.8,6988,8.0,109.0,25,79.6,20.3,0
98.8,55.3,4818,7.2,91.0,29,66.1,21.2,0
94.7,81.9,9114,7.4,80.3,91,88.5,10.0,0
96.6,66.2,6499,8.0,99.3,38,79.7,13.5,0
98.6,90.0,5752,6.4,93.6,25,88.7,16.5,0
95.1,62.7,13180,5.7,76.7,184,67.2,25.6,0
96.5,80.1,3798,7.2,84.6,117,96.0,10.1,0
98.0,84.2,7404,8.5,95.2,25,82.0,11.4,0
99.3,69.4,9325,7.7,90.1,35,83.2,16.7,0
98.1,80.2,5804,6.1,105.6,25,51.0,20.1,0
97.5,52.5,7629,8.8,86.5,68,70.3,16.6,0
96.0,80.9,8467,5.6,95.1,86,74.7,4.7,0
97.6,89.5,6500,7.9,90.8,26,63.3,20.2,0
91.2,89.7,5628,6.2,54.3,25,100.0,6.29000000000002,1
96.03903798309788,90.7,1049,5.1,52.4,25,80.3,12.8,1
97.1,56.0,9845,7.3,84.6,25,91.8,2.1,0
96.4,77.5,7486,6.1,104.1,25,71.5,13.7,0
97.1,72.8,5477,7.4,120.0,33,75.3,20.6,0
97.4,88.3,6987,8.5,112.1,25,89.5,14.8,0
98.5,85.9,5736,6.2,110.0,75,36.0,27.39,0
94.9,67.5,8555,7.4,47.9,25,68.9,2.6,1
95.4,75.7,7993,7.9,79.6,25,90.1,14.6,0
98.0,76.0,5813,7.3,81.7,85,100.0,6.8,0
93.9,90.0,2742,8.0,68.4,36,97.9,10.5,1
96.5,77.6,4894,7.2,82.6,25,69.2,14.2,0
95.4,57.9,7135,5.3,89.2,25,93.9,13.5,0
96.5,76.5,8767,8.1,84.7,45,85.2,11.1,0
97.7,75.6,9593,8.2,115.0,25,63.2,25.4,0
97.6,56.6,5930,6.6,102.9,47,65.3,20.1,0
97.1,74.7,6383,7.8,79.8,37,98.5,7.2,0
96.6,87.8,4889,6.6,85.9,25,99.2,13.5,0
99.1,69.9,6451,5.9,120.0,36,80.1,12.4,0
94.6,69.2,5166,8.4,51.0,79,68.5,5.4,1
93.9,66.8,8869,6.0,73.5,98,76.1,3.9,0
95.2,69.3,7743,6.9,89.7,28,81.0,19.9,0
99.1,68.5,6211,7.3,97.9,25,87.3,14.6,0
96.4,66.1,6897,7.4,89.1,34,89.2,14.6,0
94.1,64.3,7615,7.5,62.8,25,87.4,10.9,0
91.2,111.6,1706,6.0,45.8,25,85.1,13.4,1
92.8,82.6,3793,5.0,90.4,25,92.0,10.01,1
90.3,107.5,1812,4.4,53.2,36,79.9,20.7,1
96.0,70.5,9081,8.7,85.9,25,77.6,18.0,0
98.0,72.7,2000,7.2,100.8,25,75.5,16.4,0
89.7,98.4,2598,5.7,42.8,49,60.0,23.0,1
93.6,63.2,7512,6.4,67.8,36,93.1,10.0,0
95.8,56.1,6300,7.6,102.7,32,63.6,20.4,0
99.5,71.1,11536,7.9,101.5,25,95.2,15.8,0
97.29081738247928,69.0,7879,5.0,56.1,32,91.3,4.0,1
99.0,83.7,5658,6.0,96.0,25,96.0,1.39000000000004,0
89.9,97.0,2206,3.7,42.4,31,66.2,10.6,1
96.2,79.1,4833,6.1,107.7,25,77.1,11.8,0
94.1,52.2,9784,6.5,52.0,26,87.7,13.9,1
94.5,70.0,9285,7.3,73.2,67,93.6,4.1,0
92.3,79.7,5904,5.9,78.3,25,93.0,1.64000000000004,1
95.4225710611394,109.9,1637,5.1,57.8,29,65.4,20.9,1
95.4,71.0,8711,6.8,83.6,37,92.0,10.4,0
97.4,63.5,8327,7.7,92.9,25,93.7,15.3,0
96.0,75.6,3761,7.9,77.4,25,80.4,16.6,0
97.0,70.7,8753,5.4,80.6,42,91.8,8.6,0
96.7,60.1,7091,8.7,120.0,25,76.3,21.5,0
96.6,71.9,11170,6.4,68.2,25,87.7,16.3,0
97.0,78.5,7271,6.9,81.5,37,69.0,5.1,0
96.2,79.2,6359,9.1,86.6,25,80.0,20.6,0
91.8,105.5,2886,3.9,58.3,41,96.1,16.0,1
99.0,61.9,7552,8.3,101.8,42,92.5,16.3,0
89.7,109.8,1339,5.2,53.5,29,94.0,19.1,1
96.3,58.4,6868,5.8,99.2,65,93.5,11.5,0
99.4,64.1,6750,6.9,90.5,49,80.7,10.0,0
98.0,76.1,9345,6.4,79.4,26,78.4,18.7,0
90.2,81.0,8833,7.1,46.8,25,83.0,3.89000000000004,1
99.2,78.6,8380,6.9,79.2,28,92.7,14.6,0
96.7,72.5,8250,8.2,99.7,39,100.0,7.4,0
98.1,71.5,6409,8.3,97.6,34,90.1,11.8,0
93.9,68.8,5631,7.7,72.2,25,72.3,9.7,0
93.3,84.0,6256,5.9,73.6,75,88.0,16.98,1
89.0,108.5,2722,3.0,49.9,67,85.1,7.3,1
91.7,69.5,54,6.2,89.3,25,96.0,4.99000000000001,1
99.2,65.5,6643,7.7,98.0,48,82.2,18.7,0
97.0,82.6,5619,5.9,99.8,25,88.0,13.97,0
95.6,72.1,7339,7.2,104.3,38,74.6,22.1,0
98.0,83.6,5888,6.2,109.6,25,80.0,14.59,0
91.9,76.0,1632,7.8,85.2,25,84.0,6.29000000000002,1
92.4,93.6,2399,5.6,95.5,25,93.2,8.0,1
94.8,79.3,6946,7.1,78.8,25,100.0,1.9,0
98.1,80.3,5899,6.3,108.7,25,64.0,13.69,0
96.7,71.3,7410,5.9,105.4,25,84.7,4.5,0
96.5,77.1,3819,8.0,100.2,40,94.4,13.5,0
96.2,75.5,7352,5.6,86.3,27,92.7,16.2,0
91.6,83.2,6103,6.3,67.4,25,100.0,2.25,1
93.0,66.3,10517,7.3,64.7,25,68.6,1.7,0
90.0,117.4,1149,4.5,39.7,25,86.3,13.6,1
99.4,85.7,8002,6.3,97.9,157,79.2,16.2,0
96.2,67.0,6461,6.9,98.0,34,92.8,8.5,0
91.1,84.5,5186,6.1,58.6,75,75.0,2.88,1
90.3,128.1,2356,5.1,43.6,25,92.4,16.1,1
92.7,69.6,124,9.2,108.4,25,73.0,19.31,1
96.0,64.1,11615,8.2,81.6,30,92.3,5.9,0
99.5,73.5,9253,5.9,87.6,65,86.9,13.3,0
96.1,68.8,9384,7.2,69.6,27,67.6,14.3,0
96.2,68.6,9799,7.2,97.8,38,81.7,13.1,0
95.3,65.7,8538,9.2,72.8,31,88.4,8.2,0
97.3,67.1,6692,7.2,77.5,42,87.3,10.7,0
96.5,76.3,7318,7.6,86.0,25,83.8,17.0,0
98.1,81.7,5104,5.7,73.9,43,83.9,10.4,0
91.3,101.0,3938,4.8,103.5,25,81.8,12.0,1
93.2,75.2,1390,6.0,88.0,25,93.0,14.35,1
92.8,92.0,2579,4.5,106.7,27,89.9,13.2,1
97.2,63.3,6723,7.2,120.0,25,76.5,12.1,0
95.73604732904397,89.0,5483,7.4,56.3,25,87.0,12.38,1
95.3,81.5,4273,8.8,84.6,39,79.2,13.0,0
93.0,66.9,5705,7.3,63.5,32,78.8,23.2,0
95.6,71.3,6941,7.3,73.8,38,82.3,18.1,0
95.9,52.1,7942,6.8,79.7,63,100.0,6.7,0
98.0,90.0,7356,8.3,92.4,25,76.5,16.0,0
93.5,80.0,6695,6.7,80.0,31,82.0,19.1,0
90.8,109.8,2225,6.2,48.9,177,74.2,-1.6,1
96.4,72.7,7262,6.8,97.2,26,72.2,17.9,0
95.9,74.6,6899,7.7,111.6,25,82.3,9.3,0
99.5,60.1,5302,8.0,116.1,25,63.6,17.1,0
98.6,76.0,6332,6.7,96.3,25,89.8,6.4,0
93.0,63.1,0,5.7,63.0,25,87.0,9.45000000000005,0
94.2,62.2,9815,8.8,70.9,47,84.9,2.7,0
92.2,76.7,1151,5.6,74.0,25,79.0,16.64,1
96.9,86.8,6189,5.7,103.5,25,62.0,20.79,0
97.6,64.0,3376,5.6,112.9,25,82.2,17.6,0
94.6,84.2,9867,6.6,68.5,36,87.1,11.4,1
98.5,69.9,5120,8.8,75.8,25,81.3,6.5,0
96.7,73.0,5689,6.0,101.0,81,74.5,15.4,0
95.8,83.7,7991,7.1,86.9,35,95.9,10.5,0
92.6,78.7,5293,7.6,68.7,80,56.8,27.4,0
90.9,102.5,2807,5.8,102.9,51,81.3,16.7,1
89.5,84.2,19781,6.2,52.2,25,67.0,20.81,1
97.6,66.7,4564,6.9,86.2,32,74.8,0.3,0
95.2,67.4,7620,8.5,66.8,30,68.2,5.6,0
96.6,69.9,5429,7.9,112.2,25,91.5,14.8,0
97.6,74.9,8098,5.2,106.9,25,66.5,26.2,0
92.5,104.8,1746,6.0,95.3,26,97.7,8.3,1
96.4,66.3,7588,8.8,82.9,25,93.6,2.8,0
93.1,80.3,5375,7.1,64.4,48,74.9,2.7,0
95.2,88.6,5686,7.6,63.6,25,100.0,3.8,0
89.4,81.7,5897,6.9,46.7,25,72.0,17.04,1
95.2,71.4,6502,8.6,91.7,25,86.0,8.7,0
94.0,75.2,3418,7.7,87.0,90,98.2,12.2,0
90.9,111.6,1879,4.4,47.0,25,85.2,9.4,1
91.0,104.4,2015,5.0,46.6,25,90.7,4.4,1
94.3,76.5,6018,5.9,78.9,25,94.0,5.85000000000002,0
96.2,62.9,4888,6.3,85.8,47,97.3,12.9,0
97.3,71.4,4637,7.4,93.2,25,80.1,19.0,0
96.1,79.4,5933,5.9,72.5,75,92.0,9.13,0
96.8,78.1,6946,8.9,90.6,73,98.2,10.0,0
93.3,95.0,2824,5.5,89.3,25,89.9,12.2,1
97.1,70.4,5684,9.5,86.5,27,79.1,16.0,0
96.8,69.2,7476,7.3,75.4,95,79.6,19.5,0
92.5,84.8,6027,6.3,84.0,75,80.0,16.01,1
97.9,55.0,3657,7.0,79.1,25,93.9,13.2,0
96.3,54.6,8683,7.4,103.9,34,73.0,26.2,0
99.1,64.8,8531,6.2,85.6,25,100.0,4.2,0
91.9,99.3,4657,6.3,106.2,25,96.7,11.1,1
91.0,82.5,810,1.8,52.8,25,90.0,10.79,1
97.2,52.8,8931,8.3,81.1,30,86.2,18.3,0
89.7,96.7,3244,4.7,58.6,25,88.8,14.2,1
96.9,77.4,7131,8.8,62.8,25,96.5,10.3,0
99.2,77.4,6127,6.3,94.0,25,88.1,8.7,0
99.4,58.2,11355,7.0,108.0,25,89.8,15.9,0
91.1,81.6,5308,6.1,58.2,75,89.0,5.44,1
95.4,88.1,6222,6.6,93.8,48,91.1,14.5,0
97.8,60.3,7149,6.7,90.7,25,80.9,11.2,0
93.5,72.5,517,7.2,89.6,25,94.0,8.85000000000002,1
91.8,80.6,5760,6.8,94.1,25,65.0,18.15,1
97.9,90.0,6317,7.4,110.6,25,86.1,12.1,0
97.0,65.3,4411,6.1,104.6,25,90.4,14.8,0
91.9,89.0,2387,4.5,94.6,33,74.8,7.0,1
98.3,81.6,7502,9.3,86.5,160,96.0,0.3,0
99.6,73.6,8313,7.2,99.0,26,95.0,17.3,0
96.4,75.6,6782,7.4,83.0,44,86.2,16.5,0
94.0,70.2,5285,6.5,82.5,25,90.9,5.3,0
99.2,82.9,5605,6.2,94.8,75,82.0,14.37,0
97.5,54.1,8747,7.2,110.4,25,90.6,15.1,0
98.7,80.8,9699,6.0,84.5,26,72.6,11.5,0
98.0,87.2,6920,6.5,105.8,25,80.1,15.8,0
97.8,70.5,6273,6.4,85.3,43,93.5,16.0,0
97.6,54.1,7110,8.1,77.3,62,66.4,20.9,0
98.1,81.2,10690,9.7,108.3,25,72.9,19.9,0
96.2,62.6,6374,7.2,87.4,25,69.4,17.8,0
92.0,65.8,886,3.5,93.1,25,96.0,12.92,1
98.8,67.2,13542,7.6,105.5,45,81.3,12.6,0
91.6,115.0,2463,5.3,60.5,38,82.8,11.4,1
95.3,51.9,9406,6.9,83.6,51,65.5,15.1,0
98.2,71.0,6171,7.8,98.0,93,78.6,20.4,0
96.1,70.1,9327,8.6,80.2,81,68.7,19.8,0
96.9,61.2,5449,8.7,82.9,180,96.0,2.4,0
96.5,76.6,9491,8.3,93.7,41,87.6,12.5,0
92.2,81.0,7796,7.3,68.9,70,49.3,18.4,0
94.5,73.9,7271,7.9,74.3,26,78.7,9.3,0
96.8,88.4,7574,8.5,89.9,43,62.6,24.2,0
97.3,67.2,8027,6.4,102.8,25,90.4,16.0,0
99.2,62.6,8851,6.5,116.6,25,74.3,20.3,0
96.3,85.3,5710,5.9,94.2,25,77.0,17.7,0
98.5,71.0,6945,7.4,85.1,25,87.4,13.9,0
96.2,86.5,8619,6.5,110.5,25,64.6,13.6,0
92.7,58.7,6343,6.9,72.3,25,78.0,17.1,0
95.1,74.1,7677,5.6,90.9,25,75.5,14.0,0
98.8,68.6,8203,6.3,104.9,148,84.0,15.9,0
94.5,65.1,8824,8.9,60.2,25,91.4,13.9,0
98.8,69.4,10431,6.4,117.7,29,76.8,11.0,0
95.3,75.3,9554,7.2,67.0,25,86.6,7.3,0
95.8,56.6,6137,7.2,85.4,31,70.5,20.9,0
92.9,97.4,2752,5.5,89.3,43,95.1,10.0,1
99.6,75.4,7413,8.5,108.7,63,39.1,24.9,0
98.6,63.2,6139,7.0,75.2,44,85.4,18.7,0
93.4,83.6,5446,8.2,64.9,25,85.2,11.3,0
96.7,75.8,10500,6.1,85.4,25,86.0,13.6,0
97.3,63.3,5893,8.3,90.1,44,89.1,11.5,0
94.7,71.5,9474,6.6,60.9,25,74.4,17.2,0
95.3,82.2,7887,7.2,85.1,31,77.0,19.8,0
97.9,57.3,3580,8.0,98.2,59,77.5,21.1,0
94.2,80.2,5692,6.3,79.3,75,67.0,20.12,0
97.6,83.5,13746,7.3,80.8,25,97.0,10.61,0
94.8,75.7,7970,6.3,52.5,33,82.1,11.4,1
95.9,68.5,4747,7.3,104.0,31,94.1,7.1,0
93.5,64.0,6251,8.2,53.8,25,78.0,5.4,1
99.5,78.5,5956,7.0,109.5,75,41.0,24.18,0
97.3,81.2,6177,6.4,115.1,25,79.0,13.53,0
97.8,83.7,6085,6.4,109.6,25,76.0,11.76,0
91.2,90.3,5986,7.5,53.6,75,95.0,14.8,1
89.2,88.4,11410,7.1,46.7,25,69.0,10.59,1
98.6,50.0,3327,6.9,95.7,25,77.3,14.6,0
92.1,96.0,4120,7.0,99.5,47,85.7,10.1,1
96.9,74.2,3805,7.7,94.9,59,94.8,10.3,0
95.2,66.6,7400,7.7,78.6,25,100.0,2.4,0
99.5,83.7,6663,7.9,88.5,79,88.6,6.3,0
91.3,96.7,4216,3.5,90.3,29,79.2,19.0,1
97.8,75.3,2247,6.8,109.0,61,37.5,26.2,0
96.3,73.0,5745,8.8,95.4,25,95.8,5.5,0
94.3,73.2,4305,5.8,82.0,39,85.3,4.3,0
94.8,69.3,6450,7.3,87.6,69,85.7,10.0,0
93.8,59.1,7019,6.9,80.1,34,86.9,6.7,0
91.7,95.6,2700,5.4,83.7,28,90.8,13.7,1
96.8,71.4,6093,7.6,85.5,80,85.6,22.0,0
93.2,95.1,3036,5.9,80.5,25,87.8,13.4,1
92.0,74.1,2788,7.7,92.9,25,95.0,9.5,1
91.2,106.1,2339,4.7,58.6,111,91.2,3.7,1
91.8,96.5,3549,6.3,66.3,41,85.4,15.8,1
96.9,82.1,6518,6.3,110.0,75,72.0,15.55,0
94.3,63.1,5070,7.4,61.5,32,86.2,13.7,0
95.9,59.4,2127,9.1,64.6,65,70.5,3.5,0
98.7,57.0,2000,7.8,94.8,25,93.7,13.3,0
96.0,74.0,8929,6.0,97.5,25,61.8,22.6,0
97.2,64.4,6464,7.4,87.7,35,87.0,7.4,0
96.9,77.1,5314,8.2,90.9,31,90.3,16.5,0
98.0,79.5,10621,6.8,106.2,27,73.1,16.5,0
98.7,91.7,6392,6.5,113.0,25,83.0,17.94,0
93.5,98.7,2316,5.6,88.8,25,89.3,8.5,1
94.1,80.1,3950,6.7,66.5,57,84.8,4.3,0
95.3,74.9,4836,5.0,71.7,25,75.9,17.3,0
93.5,81.4,10976,7.5,64.6,25,86.7,12.5,0
97.3,79.0,6099,7.4,107.6,33,82.9,16.3,0
96.7,66.8,7508,7.1,107.9,84,97.5,15.3,0
99.3,73.2,6035,6.6,95.3,25,81.3,13.1,0
98.2,75.7,4079,8.6,91.4,25,85.4,4.5,0
98.3,63.8,5847,7.4,93.2,37,92.0,14.3,0
93.0,93.8,3792,5.4,84.8,25,99.4,15.7,1
99.1,75.0,12553,6.9,108.9,38,84.6,15.0,0
97.3,78.5,5089,6.5,83.1,28,73.6,17.6,0
97.2,85.0,5928,5.8,95.5,25,85.0,17.95,0
96.1,54.7,6493,5.9,83.1,25,100.0,12.8,0
96.0,79.5,5817,6.0,86.3,75,71.0,19.99,0
95.7,66.4,6870,6.5,85.0,67,100.0,6.5,0
95.3,75.3,7923,6.9,97.6,35,84.1,15.6,0
97.2,78.2,5673,6.0,91.2,25,74.0,16.15,0
93.4,70.5,9088,6.0,58.6,44,94.6,15.9,1
91.3,102.4,2688,4.7,43.8,25,89.3,2.4,1
94.0,90.0,9348,8.2,85.0,80,87.7,4.4,0
93.6,72.0,3819,7.4,55.0,25,76.2,21.3,1
97.9,73.2,3424,7.3,99.8,27,100.0,15.0,0
95.5,86.5,6623,8.1,85.3,43,70.5,18.4,0
97.6,59.5,7921,7.0,73.0,25,90.9,14.2,0
99.6,72.8,12706,6.7,95.8,25,95.8,8.0,0
96.3,78.0,4833,8.2,91.4,34,80.8,18.6,0
94.9,58.2,4434,7.3,86.7,25,91.1,0.1,0
98.0,72.3,9880,7.0,107.7,25,76.8,15.3,0
92.9,96.8,2950,4.8,109.3,34,91.8,8.2,1
91.4,85.6,6373,5.8,84.0,25,79.0,17.61,1
93.4,66.1,8996,8.3,65.4,25,100.0,13.4,0
92.4,89.8,3491,5.1,86.8,25,76.7,14.4,1
97.8,72.2,5308,6.8,92.9,30,62.8,15.7,0
99.3,59.6,9266,6.4,117.3,33,74.0,20.2,0
99.6,74.8,6486,7.8,74.8,25,77.7,21.5,0
94.4,86.6,5179,5.0,66.3,132,88.0,9.6,0
97.19771629163075,99.1,2248,2.2,55.0,25,87.6,13.1,1
96.0,79.3,6374,6.2,107.3,38,91.7,12.3,0
97.0,73.2,5440,7.5,96.7,59,92.6,6.3,0
96.2,83.9,6146,6.1,93.1,25,91.0,13.26,0
95.6,89.1,7995,6.6,118.3,25,94.6,5.4,0
99.4,70.5,8881,7.6,109.5,38,51.2,26.4,0
99.5,50.0,6800,7.2,92.8,85,83.8,2.1,0
95.5,59.1,5988,7.5,108.2,32,77.9,17.1,0
97.2,69.1,9741,7.0,104.0,37,80.3,14.3,0
96.4,67.7,7856,7.0,89.7,27,64.5,14.3,0
96.3,65.1,6857,7.9,96.1,49,81.7,6.3,0
96.0,85.6,4580,6.8,71.3,55,68.3,8.0,0
96.6,62.9,3794,6.7,94.5,28,69.4,17.1,0
96.6,65.3,7722,7.5,94.9,32,91.2,15.6,0
91.1,97.1,4424,5.4,68.8,27,94.5,15.2,1
93.6,72.0,4807,8.9,76.7,30,86.6,11.9,1
98.5,66.0,5085,7.3,115.9,27,74.9,11.8,0
99.3,66.4,6372,8.3,117.2,25,90.3,6.0,0
99.8,73.0,2381,6.9,95.4,25,93.0,22.0,0
97.4,64.3,6260,7.7,80.8,62,85.5,13.4,0
96.6,55.7,9089,7.3,93.4,27,84.0,15.4,0
97.6,75.2,5926,6.4,84.2,82,87.8,13.4,0
89.3,104.5,3870,6.2,60.9,25,91.5,7.1,1
99.7,84.2,5672,7.6,98.2,25,88.0,16.2,0
94.4,56.9,5003,5.9,77.3,143,83.7,9.4,0
97.1,78.2,7934,8.4,99.9,25,100.0,6.6,0
89.5,111.8,2852,5.9,57.7,93,94.9,11.6,1
95.3,82.6,6072,7.9,79.1,25,83.0,18.21,0
96.3,84.5,5668,6.5,73.8,25,76.0,16.81,0
99.3,59.7,7817,7.0,112.6,25,85.1,15.6,0
96.4,69.4,11318,6.6,82.9,25,77.0,10.0,0
96.2,72.7,4018,6.2,73.2,27,85.6,10.0,0
95.5,69.8,4584,6.8,81.0,35,86.6,17.1,0
97.8,75.2,6089,7.1,105.4,25,51.9,26.2,0
98.4,80.4,8450,7.4,96.8,59,88.6,20.0,0
95.8,78.6,7092,8.3,88.5,82,96.2,15.2,0
95.9,69.4,6780,7.3,90.4,30,73.7,20.0,0
96.9,53.1,2438,6.2,106.1,66,70.1,16.5,0
98.5,74.3,7300,7.7,102.4,32,76.3,16.2,0
96.2,57.4,6164,6.3,85.0,66,63.6,26.1,0
99.5,56.4,8627,6.4,87.0,25,83.8,5.0,0
91.3,96.4,1833,4.5,44.3,32,97.1,14.5,1
98.3,75.0,11063,7.1,113.2,64,44.2,24.3,0
98.0,84.9,7251,7.3,69.6,102,90.6,6.0,0
96.3,87.4,5895,6.7,96.0,75,97.0,11.5,0
97.1,76.2,8923,7.1,103.4,25,85.9,15.9,0
95.8,78.2,6110,6.3,76.8,66,72.9,19.8,0
99.0,50.0,4503,7.4,117.5,25,65.2,15.0,0
96.19155058885536,86.9,9241,8.0,59.0,25,77.0,0.830000000000041,1
90.9,111.1,2776,4.1,58.0,62,99.1,7.5,1
91.8,111.2,3392,4.8,47.9,25,80.2,4.1,1
96.6,67.3,7766,7.0,88.1,43,93.4,15.3,0
99.4,69.3,9724,7.1,75.7,25,97.6,2.6,0
89.8,105.9,2485,6.6,62.0,85,65.5,21.1,1
98.0,53.1,6206,6.5,81.3,46,79.2,12.7,0
95.6,75.8,11348,7.5,93.9,25,96.5,4.6,0
94.5,78.5,5307,6.4,77.8,125,84.0,9.62,0
95.5,68.8,5962,7.0,70.8,142,99.3,8.2,0
92.7,98.0,3120,4.8,98.2,62,99.5,8.5,1
98.9,75.5,8348,7.4,98.8,27,94.4,10.7,0
98.7,64.8,7632,7.4,93.6,25,96.8,14.4,0
97.8,70.3,4972,5.6,82.5,32,90.8,16.2,0
97.6,55.0,5545,6.8,89.7,72,74.4,7.6,0
96.7,59.6,6954,7.0,85.4,35,73.5,15.8,0
96.3,76.9,5493,6.4,95.5,25,77.0,15.0700000000001,0
98.1,86.0,9216,7.0,116.6,25,75.7,12.4,0
97.8,82.8,5866,6.3,81.9,25,86.0,12.5700000000001,0
95.7,80.2,5578,7.6,106.4,27,93.8,6.7,0
92.6,83.0,4885,6.3,64.3,25,80.0,11.78,1
96.1,78.6,5930,5.6,113.4,25,73.0,11.01,0
91.8,88.9,3530,6.1,80.7,25,92.9,5.0,1
97.2,61.4,5090,5.8,88.9,58,92.9,12.2,0
96.19450608077283,87.0,11257,6.2,47.5,75,91.0,17.65,1
96.0,63.1,10402,7.7,94.9,47,96.4,11.4,0
93.5,72.7,7144,8.0,66.5,25,78.7,4.0,0
97.4,80.8,5699,6.5,87.0,25,78.0,15.35,0
93.6,80.7,7079,5.2,79.4,25,90.2,5.6,0
96.1,84.3,5850,6.9,97.3,25,94.6,14.8,0
97.0,74.6,9313,7.8,103.3,80,81.4,24.1,0
90.9,108.8,2476,4.7,56.3,25,76.0,18.8,1
96.5,74.9,8209,7.2,99.5,180,100.0,17.6,0
92.1,93.3,4249,4.2,74.2,36,82.2,6.6,1
95.9,82.1,5196,6.3,78.7,115,92.3,6.3,1
96.1,74.6,11235,6.0,98.7,25,79.5,14.3,0
97.0,67.1,7615,7.7,112.0,46,67.6,20.0,0
94.5,64.8,5478,6.5,63.6,25,83.5,15.6,0
94.2,70.0,5237,7.8,68.5,25,85.3,12.4,0
98.4,61.6,4386,7.0,89.3,25,100.0,9.2,0
90.9,104.7,2575,4.2,52.8,25,70.6,20.4,1
92.7,78.5,5881,6.8,71.1,25,94.0,14.36,1
94.8,72.8,8833,8.5,56.9,96,66.8,4.5,1
90.6,65.7,11,6.0,50.1,25,78.0,4.12,1
89.8,116.7,1844,4.0,53.8,35,73.6,12.3,1
96.7,73.7,7416,8.0,91.0,70,99.1,8.1,0
89.5,111.0,833,6.8,53.6,40,94.0,0.8,1
96.3,59.5,4258,6.2,91.4,40,73.5,17.1,0
97.3,76.1,6878,6.2,116.8,75,81.5,23.1,0
95.9,82.7,4088,7.7,120.0,80,67.1,22.7,0
99.6,70.8,7038,5.1,102.5,26,58.8,22.2,0
98.4,75.6,3524,7.1,99.6,25,97.5,18.1,0
92.2,76.3,10462,5.5,67.8,70,51.6,18.5,0
98.1,69.4,3224,6.5,106.9,25,89.4,15.5,0
93.9,59.2,7495,7.4,78.1,25,95.4,7.5,0
96.8,76.7,6029,6.9,98.6,25,71.1,14.9,0
98.4,63.5,3392,7.1,96.5,75,85.8,14.5,0
92.2,104.0,1820,5.3,81.0,25,75.3,18.4,1
95.6,72.5,6478,6.5,71.9,26,77.2,2.6,1
96.6,90.0,6788,8.9,87.9,37,75.0,19.0,0
95.5,50.0,8422,7.0,68.0,44,82.6,14.7,0
91.9,101.3,4040,6.2,84.0,25,100.0,12.7,1
97.4,55.8,3047,6.5,85.6,25,78.8,19.2,0
94.2,59.9,5446,7.6,70.8,36,97.1,3.9,0
94.7,53.6,5519,8.7,57.4,25,84.4,10.9,1
97.0,90.4,8689,4.2,89.0,25,91.0,8.5,0
95.4,90.0,6532,5.9,95.8,63,79.1,21.9,0
98.1,86.7,5748,6.4,97.3,25,62.0,18.14,0
96.8,85.4,7113,8.3,84.8,191,90.7,1.6,0
97.8,61.0,6933,7.7,84.3,85,87.3,6.7,0
98.7,68.2,3727,7.9,88.8,25,75.8,16.8,0
95.5,78.5,9353,6.1,71.8,36,76.8,16.5,0
93.1,85.7,2420,4.6,57.9,25,93.0,12.67,1
91.2,91.5,5480,5.9,59.5,25,90.0,15.33,1
93.7,81.5,7340,7.3,83.0,25,61.9,25.1,0
97.6,64.0,5176,7.8,73.0,30,74.2,19.7,0
96.2,90.0,6572,8.3,108.7,31,67.9,12.0,0
99.5,59.3,8073,6.7,96.4,81,84.8,4.9,0
97.8,70.0,5821,7.7,82.9,81,71.7,21.1,0
92.4,88.8,2742,5.6,110.0,42,86.9,2.9,1
91.7,73.1,5518,6.4,40.2,25,87.0,-0.109999999999957,1
99.3,83.3,7265,8.0,100.6,30,90.0,14.0,0
97.8,76.5,7067,7.4,76.1,37,87.5,15.6,0
96.6,57.9,10947,7.0,100.3,25,88.6,12.7,0
99.8,75.5,5352,6.7,90.2,62,73.5,15.1,0
93.9,77.1,6193,6.6,70.4,25,72.8,8.5,0
92.7,67.9,2145,6.3,64.7,91,85.5,10.2,0
95.8,69.5,10810,7.7,75.3,29,77.1,18.0,0
98.3,61.7,2238,8.2,93.8,85,84.1,15.9,0
98.0,74.8,6884,7.9,104.2,25,89.0,13.2,0
95.7,88.3,5291,7.4,78.8,25,75.7,15.9,0
99.2,90.0,8325,7.2,98.6,45,70.8,8.9,0
93.6,77.0,9119,7.1,66.2,63,54.0,21.2,0
96.8,50.0,4837,5.9,67.6,43,95.4,11.0,0
96.5,67.4,9028,7.8,100.4,25,80.7,16.0,0
95.51503785754491,63.7,5474,7.6,55.5,25,77.3,4.7,1
94.2,59.2,9991,8.5,82.4,25,78.3,14.3,0
97.8,80.5,5530,7.4,86.4,25,68.1,14.3,0
98.0,75.0,10027,5.0,59.5,25,98.5,9.4,1
92.4,82.7,6292,6.2,119.2,25,77.0,18.5,1
96.7,75.5,2737,7.4,112.7,98,95.9,13.6,0
98.3,64.8,9494,7.5,102.1,25,61.6,18.7,0
92.4,94.7,2641,5.1,91.6,43,84.5,13.4,1
94.5,75.4,6844,7.3,71.6,43,84.6,16.7,0
96.25631157467622,106.9,1230,4.5,59.6,39,84.4,8.8,1
93.4,74.0,8247,6.5,68.8,35,84.1,11.7,1
97.3,73.9,5464,6.9,117.6,26,83.8,5.1,0
96.0055917249377,103.7,3038,4.8,59.5,44,80.7,2.6,1
95.2,85.7,10479,6.8,71.4,25,96.0,2.83000000000004,0
93.5,90.2,1907,5.4,80.8,25,75.2,2.9,1
93.8,84.4,9444,8.5,48.0,25,87.3,7.6,1
98.6,64.9,4334,7.7,94.3,25,84.8,16.3,0
96.4,83.8,6076,8.0,89.9,25,75.2,15.4,0
99.4,69.4,4791,6.5,88.9,175,64.4,4.2,0
99.2,82.0,8722,6.4,82.0,25,87.0,9.48000000000002,0
98.5,76.3,2000,7.3,92.2,25,78.8,16.3,0
92.0,96.6,2405,6.3,95.6,36,98.3,11.1,1
94.7,82.5,18410,6.2,65.0,25,70.0,20.2,0
99.0,90.0,9928,5.6,110.2,25,81.4,17.6,0
96.9,73.7,4007,6.4,100.1,25,87.3,17.5,0
90.0,99.4,2555,5.2,63.8,31,80.3,5.8,1
93.8,64.3,6272,6.5,68.5,27,90.6,-3.0,1
94.3,74.9,7215,7.9,65.6,25,77.2,17.1,0
95.3,86.9,5588,6.4,80.8,75,62.0,24.29,0
98.3,77.5,10411,6.3,82.7,25,89.5,10.4,0
98.2,73.7,6977,7.6,102.7,25,67.7,17.1,0
97.9,76.6,5961,6.2,81.7,75,95.0,9.0,0
95.7,73.9,9389,6.7,107.5,36,92.4,-0.7,0
96.6,58.7,5438,5.8,89.7,25,81.0,13.9,0
97.3,66.0,3392,6.8,98.9,31,67.7,20.1,0
98.2,83.6,5868,6.6,84.0,75,87.0,14.92,0
92.0,95.9,2360,5.2,89.7,31,79.4,1.2,1
95.6,57.4,2850,7.6,82.1,29,71.9,17.5,0
92.5,77.4,8706,6.6,67.0,28,63.8,4.0,0
94.3,60.0,5132,6.4,75.5,25,85.7,1.2,0
97.2,81.3,4719,6.6,98.3,73,93.1,1.5,0
99.8,67.8,6945,5.0,108.2,25,82.1,15.4,0
91.1,91.9,6146,6.6,56.7,25,82.0,4.64000000000004,1
97.8,77.7,6665,6.2,90.0,40,88.0,11.1,0
96.1,78.9,5455,6.5,94.8,25,95.0,14.0,0
96.8,68.8,8395,8.8,75.3,79,83.4,17.8,0
97.2,70.1,7775,7.3,94.6,97,79.0,14.3,0
93.4,100.8,2060,6.5,98.2,84,80.0,13.0,1
97.7,79.8,8547,7.6,98.8,33,72.5,21.5,0
91.3,68.8,122,1.1,57.9,25,67.0,20.02,1
97.2,64.0,4983,7.6,116.7,144,45.6,30.3,0
95.4,70.0,4927,6.8,79.2,96,80.2,4.9,0
99.3,76.6,5051,6.7,85.5,30,88.1,15.6,0
93.6,73.5,5314,6.0,82.2,119,83.2,7.3,0
95.7,72.2,5114,8.1,77.1,25,71.3,20.7,0
92.2,84.8,5750,6.0,79.7,25,84.0,5.11000000000001,1
99.6,59.6,7734,5.0,97.1,69,92.6,14.7,0
95.8,67.4,4456,7.2,84.1,25,83.1,12.0,0
92.0,71.5,10467,9.3,61.6,25,87.4,1.2,1
92.0,104.2,1121,5.6,42.7,154,100.0,14.5,1
93.8,77.2,4921,7.7,60.2,84,78.8,10.4,0
96.8,56.5,8315,7.1,75.9,25,94.1,17.3,0
92.2,95.6,2441,5.3,66.4,30,90.9,11.7,1
92.7,73.4,3062,9.0,68.8,37,66.6,4.7,0
96.9,77.9,7901,7.8,109.4,53,47.1,19.8,0
98.8,66.4,4665,8.8,81.2,25,97.5,7.6,0
92.3,83.4,5467,6.2,90.8,25,93.0,2.15000000000003,1
96.2,91.1,9708,7.7,89.0,25,98.0,5.38,0
96.5,67.0,6323,6.7,80.6,133,91.4,3.1,0
96.4,79.9,9010,7.1,78.7,40,92.2,1.6,0
99.1,86.0,5420,7.1,98.9,175,78.0,8.55000000000001,0
95.8,61.1,4086,8.4,101.3,25,87.5,5.7,0
91.5,109.9,1946,5.1,94.8,80,73.5,1.2,1
97.8,60.3,5322,6.3,103.1,25,94.0,12.8,0
91.6,107.3,1433,4.9,53.2,25,88.7,5.8,1
98.0,74.4,5853,6.7,113.0,34,62.9,10.6,0
92.8,101.5,3212,5.0,80.9,28,83.1,-0.7,1
97.6,63.4,7034,8.2,107.5,25,83.8,22.5,0
97.1,69.5,7678,6.0,86.0,33,84.5,9.3,0
90.8,89.9,20264,5.7,51.8,25,79.0,17.0700000000001,1
89.4,98.5,1337,4.9,50.5,25,82.8,20.7,1
96.0,65.9,2000,6.3,92.3,52,95.5,10.3,0
91.8,98.2,2183,5.4,78.0,25,82.6,15.0,1
96.6,74.8,8898,6.9,85.4,92,44.2,28.3,0
98.3,82.6,12723,7.5,81.1,25,50.4,3.9,0
93.5,88.6,11235,6.8,87.0,25,88.0,15.84,1
98.8,70.2,5065,6.6,81.9,39,85.5,18.0,0
96.2,74.5,6238,6.0,75.5,26,91.2,8.8,0
98.5,90.0,4858,7.3,75.4,25,79.6,7.8,0
94.4,76.9,9620,6.9,61.1,30,80.9,14.0,0
95.2,76.5,2676,7.7,118.0,80,72.3,16.6,0
96.4,80.9,8699,6.8,84.2,73,98.5,10.2,0
93.1,76.6,163,4.1,86.2,25,87.0,9.97000000000003,1
96.3,67.4,6729,6.5,107.5,32,74.2,16.1,0
92.9,101.3,1832,6.2,75.9,38,88.4,6.4,1
95.5,77.0,8186,7.8,120.0,48,63.1,19.0,0
98.2,63.4,5909,7.2,106.9,92,74.7,12.2,0
90.0,105.9,1225,5.1,57.1,25,78.9,5.6,1
95.7,74.2,4757,6.4,61.1,83,75.2,1.5,0
94.8,83.4,11733,5.6,62.4,25,70.1,17.8,0
93.7,89.7,8936,6.4,65.4,25,88.7,10.2,0
97.8,81.3,5407,6.1,108.2,88,29.9,28.6,0
96.2,77.4,3552,5.9,94.6,29,88.0,8.8,0
96.9,82.4,3357,5.8,96.8,25,97.2,10.5,0
97.0,84.5,8002,8.8,91.9,29,65.9,6.2,0
97.7,78.4,5668,6.3,97.2,25,94.0,13.76,0
93.2,96.4,2227,4.8,96.0,25,93.0,11.9,1
97.5,63.5,9336,7.9,96.2,29,80.1,13.8,0
97.5,75.0,10379,8.9,94.8,81,100.0,10.0,0
95.2,64.9,9863,7.4,85.8,25,75.3,11.5,0
95.6,64.1,6824,6.6,76.6,67,74.5,1.3,0
95.9,69.5,6363,6.7,70.1,125,74.0,8.6,0
95.8,68.2,7251,6.3,69.8,40,88.0,18.5,0
95.7,55.2,7513,5.8,81.8,25,96.7,11.9,0
99.2,78.1,3019,7.1,116.1,25,83.4,12.8,0
97.2,59.5,8100,7.7,96.7,25,55.2,30.4,0
93.7,76.5,6404,7.0,86.4,71,79.5,3.3,0
96.3,76.7,4241,7.4,86.9,25,69.5,22.7,0
96.6,71.9,5978,7.2,104.1,25,77.6,14.4,0
98.5,75.5,6910,5.9,99.5,37,57.7,24.3,0
97.6,88.1,4177,6.9,109.8,34,83.0,18.2,0
95.5,75.3,4321,7.3,91.4,73,84.2,15.0,0
94.3,75.3,8301,5.2,81.0,43,95.9,5.2,0
93.4,79.2,7797,7.9,66.7,35,78.5,2.5,1
97.2,85.1,6110,6.8,81.6,25,98.7,9.8,0
93.7,89.1,6247,6.3,79.7,125,78.0,6.79000000000002,0
93.8,50.0,6420,10.0,69.1,25,93.0,8.6,0
96.1,67.9,6056,6.4,83.8,80,99.6,-3.0,0
94.7,73.3,7631,7.1,82.2,77,88.2,11.8,0
95.7,69.9,9029,6.6,93.5,49,93.5,0.8,0
96.9,81.3,6247,6.4,91.5,25,65.0,21.42,0
97.2,65.1,6916,5.6,113.8,30,75.6,14.8,0
96.7,72.6,6522,7.8,65.1,38,87.2,20.6,0
89.1,108.5,2072,4.5,55.0,40,65.8,18.2,1
95.3,62.1,8629,8.8,90.2,76,85.3,17.1,0
92.7,99.0,2461,6.5,102.2,60,100.0,10.3,1
89.7,88.7,5308,6.5,58.6,25,93.0,0.840000000000032,1
93.6,71.1,5288,6.3,71.8,25,92.2,1.9,0
95.9,68.3,7491,6.6,97.5,25,100.0,7.2,0
96.5,64.5,9350,6.7,84.2,36,77.9,17.9,0
94.7,85.5,5002,6.6,60.7,175,100.0,9.45000000000005,0
98.7,81.9,5903,6.2,117.6,25,75.0,16.2,0
94.1,66.6,2244,8.4,60.8,30,58.5,21.3,0
97.7,86.7,2000,7.7,82.8,25,80.9,10.6,0
97.8,63.8,7074,7.8,87.2,25,73.8,9.8,0
95.8,76.1,6859,7.6,72.8,25,89.4,8.9,0
96.7,78.3,9228,8.2,108.5,80,95.0,16.1,0
93.5,73.3,8010,6.0,76.9,25,84.3,11.3,0
93.2,80.0,8126,7.1,67.2,26,74.6,21.7,0
96.0,72.0,5908,7.0,67.6,26,88.3,10.4,0
96.4,66.5,5882,6.6,91.0,129,94.3,0.6,0
90.5,98.3,5000,4.8,61.0,25,85.8,4.5,1
98.4,77.2,9249,6.8,86.7,32,91.5,13.1,0
94.7,75.3,6375,9.0,68.4,53,58.5,21.3,0
97.8,61.0,7160,7.7,91.3,141,59.2,25.5,0
94.4,68.0,5167,7.7,76.3,73,49.1,28.1,0
99.1,78.9,5225,7.9,83.6,39,91.7,5.8,0
91.5,94.1,3482,5.8,83.0,33,90.7,18.4,1
96.0,64.3,7842,6.8,101.2,35,92.3,7.5,0
95.3,90.1,7885,7.0,75.3,25,69.0,5.27000000000004,1
97.2,88.1,6044,8.8,96.1,29,93.3,7.7,0
98.4,87.7,5950,6.3,86.5,28,75.9,19.0,0
96.9,67.9,10370,9.1,95.0,31,92.1,13.1,0
97.0,80.6,6307,6.2,68.2,93,85.7,8.1,0
97.6,81.8,6630,5.9,82.9,64,72.0,18.8,0
96.0,72.5,8267,7.6,115.3,27,80.4,16.7,0
95.0,84.6,5884,6.1,88.6,25,70.0,17.59,0
97.68900745556336,68.6,5402,6.8,33.4,76,63.7,6.6,1
97.1,58.4,8154,7.9,97.6,27,78.2,15.5,0
97.2,65.8,7201,8.5,81.7,25,76.9,11.1,0
95.4,75.1,7551,6.8,79.4,64,60.5,24.1,0
94.1,62.3,7543,7.4,72.7,70,82.8,6.6,0
96.9,64.0,6670,5.9,74.3,31,72.0,2.0,0
95.9,82.3,5922,5.7,74.6,60,87.2,11.3,0
94.3,67.6,4476,7.9,62.6,33,82.0,12.0,0
96.8,76.3,7655,8.1,110.9,91,37.5,28.6,0
92.8,89.5,3735,6.0,98.0,25,61.6,17.0,1
93.6,68.1,10102,7.2,65.6,25,83.4,10.4,0
99.4,78.3,8199,7.3,105.1,25,84.8,13.9,0
95.6,85.3,8013,6.2,108.2,25,78.2,10.1,0
93.8,79.4,1307,8.0,65.0,25,96.0,10.18,0
96.5,61.0,6348,8.9,65.1,174,83.7,0.4,0
91.8,100.6,2086,3.9,47.5,42,96.9,5.9,1
90.5,101.8,1733,4.2,56.5,68,90.8,1.4,1
97.0,63.8,7553,8.2,99.3,175,63.0,21.4,0
97.2,74.5,6277,6.0,78.7,25,84.7,19.9,0
92.6,92.5,3849,5.2,108.3,29,92.0,15.6,1
99.8,79.9,3612,7.2,87.3,25,91.0,21.1,0
99.0,80.3,6578,8.2,102.6,25,94.3,1.7,0
98.0,75.0,3299,1.4,59.0,25,60.0,12.04,1
96.8,75.6,8205,8.2,80.2,33,87.4,10.4,0
99.0,70.5,7590,5.2,109.5,43,73.8,16.6,0
99.4,75.8,6929,6.7,102.5,27,50.4,19.6,0
99.4,85.2,425,1.4,109.6,25,62.0,20.11,0
97.1,54.0,6578,7.5,85.9,71,82.1,13.0,0
93.4,74.8,831,6.8,85.4,25,96.0,2.55000000000001,1
99.0,76.5,9407,7.0,106.2,46,75.7,11.5,0
94.5,59.5,4045,7.1,72.2,25,85.7,15.6,0
96.0,56.0,8432,7.2,98.4,25,85.7,12.8,0
98.7,62.7,6643,6.7,101.3,31,86.3,14.8,0
99.3,90.0,5644,7.5,89.9,28,81.3,13.9,0
95.7,72.1,7404,6.6,82.4,39,77.8,11.9,0
96.6,67.2,6977,8.3,91.3,106,67.1,15.1,0
98.2,91.2,11598,7.2,85.1,25,85.0,10.33,0
97.2,77.9,6480,5.6,103.8,25,69.2,19.0,0
95.2,62.1,4770,5.8,72.2,78,96.3,12.3,0
97.1,63.6,5981,7.4,95.4,29,74.0,13.6,0
97.4,69.9,5395,8.4,86.6,25,72.2,17.8,0
95.0,85.1,5684,6.4,66.7,25,92.0,9.58000000000004,0
99.9,66.9,7258,6.4,96.6,25,91.0,8.1,0
97.2,78.0,8379,6.3,99.2,25,89.7,12.4,0
95.22541334520743,112.4,689,6.5,54.0,30,94.9,5.3,1
96.6,66.8,6591,8.0,109.1,25,81.6,17.1,0
92.7,90.5,2580,5.7,78.7,29,76.9,17.4,1
96.5,81.2,9298,8.2,120.0,25,95.4,6.9,0
96.8,74.5,6750,7.5,79.2,35,75.2,1.9,0
93.5,50.0,6832,6.9,70.1,73,53.3,20.7,0
98.3,88.6,4275,8.3,85.9,25,93.0,12.5,0
96.1,77.3,7993,8.3,84.1,25,94.9,11.1,0
93.8,86.3,6880,6.9,66.8,25,81.3,19.9,0
94.2,91.3,16221,6.6,65.0,25,59.0,15.99,0
92.1,100.1,4356,5.1,64.6,25,88.6,14.3,1
89.1,91.6,4443,4.4,61.0,41,91.8,8.0,1
96.1,79.9,5770,6.2,89.2,41,84.4,15.0,0
99.1,77.7,2070,5.4,106.6,26,85.7,14.9,0
93.5,107.1,3397,5.6,70.3,43,89.8,18.1,1
95.1,69.4,8025,7.7,71.9,29,78.9,17.9,0
95.9,88.6,5945,5.5,74.5,25,77.0,18.28,1
93.6,87.2,21798,5.6,65.0,25,89.0,8.26000000000005,0
95.3,61.8,11388,7.6,76.4,25,89.4,9.5,0
92.1,65.9,3342,6.7,65.1,25,93.7,12.9,0
93.1,97.0,4322,5.4,88.0,25,91.6,14.6,1
98.8,72.5,8283,6.9,119.9,32,75.9,12.9,0
91.4,82.5,5823,6.0,45.8,25,90.0,12.54,1
98.6,78.8,3060,6.2,94.0,27,87.9,10.6,0
93.9,70.9,8422,7.4,67.2,25,91.7,16.6,0
95.9,65.0,9773,7.4,120.0,82,60.0,23.0,0
94.9,84.9,9454,7.7,78.1,25,89.0,15.75,0
96.1,64.5,10438,6.7,118.3,35,79.8,14.7,0
96.5,63.4,9929,6.9,78.3,25,77.0,16.0,0
97.7,75.5,6934,8.3,83.3,25,94.5,10.7,0
94.4,71.5,4463,7.1,77.0,104,66.9,22.0,0
96.4,58.7,7064,7.4,89.0,77,51.6,23.4,0
96.5,60.9,6456,7.3,88.7,37,74.6,14.9,0
95.4,66.8,4269,5.9,77.6,29,80.2,17.6,0
98.8,59.2,5369,6.6,83.2,40,75.1,19.5,0
96.9,73.4,8083,7.9,91.8,57,63.2,22.7,0
99.4,61.0,9928,7.1,95.1,25,74.7,13.5,0
97.7445377032043,114.2,388,3.4,32.2,25,67.0,20.9,1
96.2,67.0,7858,7.7,84.6,25,90.7,3.1,0
92.1,89.8,1813,4.8,95.0,37,94.3,12.3,1
89.9,91.0,5385,6.8,55.0,25,93.0,10.25,1
99.3,79.5,6666,7.4,100.4,35,80.8,6.9,0
95.5,65.4,4722,7.0,65.0,38,94.2,10.9,0
97.9,67.4,6386,7.9,94.5,25,96.7,10.4,0
97.8,81.4,6025,6.2,95.9,25,94.0,4.32000000000005,0
96.3,85.6,10295,5.6,71.4,25,92.6,0.9,0
95.7,63.4,8703,7.0,95.2,43,73.9,10.1,0
92.0,100.9,3788,5.9,81.8,25,94.7,14.0,1
97.1,90.0,6351,7.2,87.1,25,73.2,14.7,0
95.8,81.7,9856,7.5,98.7,27,77.9,15.5,0
96.0,83.7,8263,8.9,80.6,25,86.0,2.70000000000005,0
95.3,59.3,6542,7.6,81.7,94,91.5,0.9,0
93.6,75.2,7705,7.0,56.0,39,81.7,18.2,1
97.8,68.2,6123,8.4,76.5,102,70.4,17.4,0
94.0,82.6,5597,5.9,78.1,25,93.0,5.92000000000002,0
94.4,84.4,20252,7.3,65.0,25,77.0,12.12,0
97.4,69.4,4391,6.9,85.7,30,91.7,13.1,0
99.1,66.0,3965,6.4,120.0,26,71.7,14.3,0
93.6,76.3,6811,6.3,71.2,30,78.2,16.2,0
96.1,71.5,9456,6.8,70.3,80,90.8,6.7,0
93.0,71.7,7387,7.3,69.8,29,92.1,17.6,0
91.0,98.4,2165,3.0,49.4,200,100.0,4.7,1
95.9,69.6,6446,7.2,81.3,200,76.2,10.7,0
93.8,66.0,9509,5.8,72.9,37,62.9,16.1,1
97.2,78.8,6476,7.2,119.7,25,88.4,13.9,0
91.4,77.2,82,1.3,47.6,25,75.0,7.92000000000002,1
97.1,65.9,6739,7.4,108.0,28,93.3,17.6,0
98.5,77.8,6671,6.3,96.8,25,92.3,12.7,0
97.2,65.5,7858,5.7,80.0,25,88.5,12.2,0
92.1,73.1,5480,9.3,64.4,25,94.6,17.9,0
89.7,96.8,3970,6.2,60.6,36,93.3,11.2,1
94.5,94.6,22882,6.7,65.0,75,46.0,26.33,0
96.6,84.2,6122,5.8,80.9,25,76.0,16.89,0
98.1,72.6,4976,7.5,111.0,32,56.3,16.4,0
89.1,102.1,2831,5.0,52.9,79,83.1,11.7,1
99.0,77.1,322,1.5,82.7,25,95.0,10.73,0
94.4,89.8,5779,7.4,64.3,69,93.5,5.3,0
92.1,68.8,850,8.3,76.0,25,87.0,3.59000000000003,1
93.6,69.5,3512,7.7,83.6,33,93.8,9.4,0
97.9,72.6,5165,7.0,103.6,38,75.9,8.3,0
98.0,75.0,13142,7.9,55.7,25,85.4,16.1,1
93.1,79.4,753,6.8,98.0,25,94.0,12.24,1
99.5,59.8,10762,6.7,91.8,91,89.9,4.3,0
97.6,59.4,7419,6.7,89.5,30,88.4,19.1,0
95.3,75.9,4766,8.7,86.7,25,80.8,18.3,0
97.5166942593378,101.7,2453,5.3,43.5,43,84.3,3.5,1
99.3,77.4,2000,6.4,88.0,50,92.3,17.1,0
92.4,98.8,4649,4.6,96.0,25,91.2,15.0,1
93.1,95.2,3722,4.7,92.4,25,89.3,11.3,1
91.8,93.4,2168,5.4,64.1,35,95.2,10.1,1
91.1,91.0,3533,4.2,113.1,41,82.6,8.8,1
96.3,64.6,5077,7.6,74.6,104,78.7,5.3,0
95.7,81.3,6929,7.6,92.4,32,63.5,19.3,0
98.3,71.7,2790,8.1,95.6,37,94.9,14.6,0
96.9,90.0,8582,7.1,88.9,38,83.6,21.4,0
95.8,68.8,2311,7.6,109.1,25,84.8,7.9,0
99.1,83.8,1072,4.7,80.4,25,93.0,7.72000000000003,0
91.9,73.8,639,7.3,94.7,75,94.0,4.12,1
96.8,77.5,5413,7.2,94.7,25,97.0,14.1,0
99.0,81.3,7522,7.4,117.8,25,83.9,18.8,0
96.2,92.0,10485,5.1,88.8,25,79.0,12.31,0
92.8,93.0,3369,7.0,101.3,25,80.2,4.0,1
95.5,80.7,5392,6.0,76.0,25,81.0,10.3,0
97.9,67.4,7602,7.5,90.6,71,99.3,0.0,0
96.78615505196014,113.1,1230,5.5,59.7,25,72.7,19.6,1
95.62971677928675,85.4,5230,7.8,55.2,170,100.0,10.5,1
98.7,86.9,7931,7.3,97.9,115,85.0,19.8,0
93.3,90.0,3758,6.4,89.7,25,97.7,12.9,1
95.3,78.1,8057,6.5,78.0,31,100.0,-1.8,0
99.2,71.5,7546,6.8,95.0,25,74.8,17.5,0
96.7,68.8,12153,7.3,78.9,73,88.9,7.6,0
99.3,53.2,9110,8.6,118.7,30,86.7,15.0,0
90.0,86.3,5998,6.3,44.0,25,93.0,14.9,1
97.7,67.0,8640,7.4,117.4,25,74.4,10.7,0
93.4,90.0,5767,6.3,69.2,25,83.0,9.25,0
99.2,74.9,6256,6.1,91.4,75,78.0,11.06,0
94.1,65.0,9646,7.2,78.4,25,84.1,5.8,0
95.0,63.9,8632,5.9,106.8,25,88.4,12.3,0
95.6,83.8,5943,6.0,78.1,25,81.0,3.87,0
95.5,90.0,7290,6.6,92.4,25,78.5,10.7,0
98.6,82.7,6201,6.3,97.8,25,88.3,10.3,0
98.7,76.6,5739,6.6,94.8,25,80.0,14.04,0
96.7,59.2,7068,6.6,107.0,129,74.7,25.2,0
97.39956576784195,58.4,3875,6.9,39.1,72,70.2,6.9,1
99.5,70.4,5189,7.3,83.8,25,89.1,10.1,0
92.5,89.5,7522,7.3,59.8,155,97.2,4.9,1
93.4,102.2,2620,5.0,96.1,25,90.5,11.8,1
97.3,62.5,8869,7.0,93.2,53,77.1,15.2,0
96.0,67.3,9190,5.4,86.6,44,79.3,2.7,0
90.3,97.3,1276,4.6,54.5,183,85.5,17.3,1
95.1,68.1,7159,6.7,102.8,43,91.1,12.7,0
97.2,87.6,6328,7.7,88.5,37,62.9,9.0,0
89.8,96.0,2739,5.2,69.0,51,100.0,4.0,1
92.8,90.0,5857,7.9,66.5,25,94.2,6.2,0
96.7,66.4,9702,7.1,81.6,59,61.2,14.7,0
99.0,66.5,5013,6.3,85.7,25,96.9,10.9,0
94.0,89.3,6674,7.3,61.4,30,95.5,9.9,0
94.2,50.4,9850,6.9,65.8,25,90.2,3.1,0
94.7,79.5,1609,6.5,65.0,25,94.0,5.67000000000002,0
96.99511002363877,111.9,1750,5.0,51.8,25,93.5,1.7,1
95.3,90.0,7927,7.3,80.2,89,78.6,19.6,0
98.0,75.0,1746,4.6,41.0,40,74.2,16.2,1
97.1,61.6,3905,8.3,66.8,25,86.2,8.3,0
98.2,79.2,7802,8.2,84.8,26,81.4,9.3,0
89.9,104.8,1597,5.6,55.4,48,80.1,4.4,1
97.3,68.7,8547,5.7,98.4,47,79.8,18.1,0
93.6,70.1,5684,6.8,74.7,31,87.2,12.2,0
97.4,60.0,7631,6.5,84.0,89,76.5,14.2,0
91.8,83.6,1092,6.7,73.8,25,82.6,18.5,1
99.4,65.0,5080,6.1,99.2,25,91.4,18.0,0
94.1,69.6,8049,7.9,74.8,25,86.6,2.1,0
91.6,76.8,5609,6.2,117.9,25,73.0,18.86,1
95.6,61.4,2670,7.5,75.3,33,84.0,13.6,0
93.9,61.4,7417,7.3,61.0,29,89.8,18.8,0
97.4,71.1,9444,6.3,98.7,27,83.4,18.9,0
97.4,72.7,12700,7.0,93.1,36,70.4,19.4,0
94.1,63.6,8045,6.4,66.5,25,88.6,15.6,0
92.4,77.7,11521,8.3,73.9,37,72.7,14.5,0
96.2,76.0,7007,7.9,66.3,106,75.8,8.9,0
94.7,77.9,5933,7.5,55.1,59,66.9,3.7,1
96.2,82.6,7714,6.8,120.0,96,59.7,27.6,0
96.1,90.4,5772,6.3,77.5,25,94.0,15.89,0
90.4,100.2,2118,5.1,48.2,87,100.0,13.7,1
99.2,60.0,8721,7.3,120.0,25,52.8,28.3,0
98.3,56.1,6604,6.5,115.5,25,95.1,16.2,0
95.1,81.4,6623,8.8,82.2,82,79.0,10.2,0
92.1,114.9,1965,4.9,49.1,31,83.0,10.0,1
97.0,69.1,5851,5.5,91.9,25,85.2,13.9,0
99.1,61.3,9463,8.6,109.5,25,78.3,19.9,0
91.7,97.5,3965,5.6,92.8,25,93.7,18.7,1
98.9,85.1,6112,6.2,102.9,36,92.7,-0.4,0
96.22620251329428,84.7,5659,7.6,49.9,75,85.0,17.12,1
97.7,63.2,4135,9.2,111.5,25,72.8,19.1,0
91.9,107.3,2271,3.6,47.7,25,84.5,-3.0,1
96.5,72.9,9537,6.1,93.5,186,97.3,15.3,0
99.0,63.8,8574,8.1,91.4,25,79.9,17.7,0
98.0,75.0,2602,6.0,58.6,25,94.0,14.6,1
95.05913161326309,73.4,148,1.2,40.8,25,71.0,13.45,1
92.7,81.4,6096,6.5,120.0,25,78.0,15.89,1
97.0,89.5,12495,6.6,104.8,58,96.2,10.5,0
99.2,63.9,6139,8.4,106.9,25,87.9,11.4,0
92.3,71.6,5038,5.0,59.4,34,93.1,20.0,1
96.8,78.7,5486,7.8,73.5,108,98.3,9.3,0
95.66591648579885,90.0,6306,7.0,50.6,43,100.0,4.7,1
96.22823495657371,89.6,6505,7.7,58.3,25,86.0,2.51000000000005,1
93.9,67.2,10119,6.7,79.9,25,81.1,18.0,0
92.9,70.6,8411,8.3,53.4,85,53.6,30.0,1
98.3,86.9,8334,5.9,97.2,25,88.0,12.37,0
91.8,102.6,2422,4.6,47.9,25,92.5,10.3,1
90.3,106.1,1644,3.9,56.3,25,78.0,17.9,1
99.4,81.7,6157,6.4,85.5,25,66.0,15.3,0
95.0,61.8,7089,6.3,63.9,47,65.4,22.5,0
97.8,65.7,6296,6.2,75.9,27,93.8,10.4,0
92.6,69.9,8912,6.0,73.3,25,89.5,3.0,0
98.4,63.0,5263,5.8,99.4,38,79.6,18.3,0
97.4,69.0,6885,7.8,120.0,27,62.8,21.8,0
97.9,65.2,6074,6.7,89.5,39,78.8,20.6,0
91.0,111.7,2804,5.1,54.5,36,83.6,4.7,1
99.4,74.2,9396,8.9,101.8,32,90.8,7.7,0
92.6,76.6,6524,6.5,57.0,66,81.2,4.6,1
92.6,95.2,2666,5.4,69.0,91,82.9,9.0,1
96.9,75.9,9781,8.0,92.7,73,76.5,23.1,0
98.4,71.8,3542,6.5,99.6,25,90.9,12.6,0
98.2,76.4,2581,8.1,90.4,25,74.4,5.6,0
97.5,77.4,6243,7.2,89.1,30,80.7,17.4,0
97.9,85.4,9901,7.9,94.5,25,76.3,15.2,0
97.1,60.3,5550,5.5,98.0,25,94.5,3.5,0
93.5,53.3,6807,5.9,62.6,33,97.7,12.2,0
94.2,67.2,6860,7.5,59.4,35,58.8,23.1,1
97.3,70.4,8516,6.6,84.6,73,55.8,29.5,0
97.5,65.9,6012,7.9,95.4,27,93.0,11.5,0
96.1,66.9,6491,6.6,87.3,45,96.6,13.9,0
93.8,65.7,8369,7.9,70.5,25,68.7,9.7,0
93.9,58.8,6283,6.7,82.9,27,85.8,16.4,0
98.4,71.3,7025,6.5,92.6,30,74.3,21.1,0
90.0,107.4,1487,4.3,38.3,33,76.1,6.1,1
96.9,73.7,7199,7.8,84.3,25,69.1,16.2,0
92.7,64.0,8210,7.3,64.4,39,74.5,9.5,0
96.3,65.0,6243,8.7,75.6,25,83.7,6.7,0
91.1,99.9,2261,4.7,51.5,25,86.0,12.5,1
96.4,88.1,11236,6.7,85.8,29,77.3,15.2,0
91.7,93.2,3034,6.6,94.9,25,84.4,7.2,1
92.0,85.6,6154,6.4,73.1,25,86.0,5.95000000000005,1
98.9,75.8,8723,8.9,95.2,72,100.0,9.8,0
98.3,70.9,6893,6.0,97.8,25,96.1,12.3,0
95.4,85.7,8115,7.9,75.8,29,78.1,18.3,0
96.0,77.2,7309,8.4,107.7,25,76.5,18.0,0
98.5,71.1,7680,7.5,95.0,70,77.9,15.8,0
91.0,97.6,2489,4.8,60.5,25,84.2,15.8,1
94.3,69.0,2088,6.5,64.0,25,73.7,9.1,0
96.7,64.6,9527,7.6,84.1,25,89.1,14.4,0
92.0,60.9,7423,7.4,66.7,57,50.2,20.5,1
97.9,62.7,11314,8.5,77.4,49,82.6,14.8,0
98.0,75.0,1706,6.5,42.6,43,100.0,10.8,1
98.7,69.1,9039,9.1,73.4,33,82.9,1.9,0
100.0,68.8,6275,6.4,105.8,76,51.3,25.3,0
97.3,63.2,5569,6.4,120.0,122,46.1,26.9,0
97.6,70.7,3069,8.1,82.7,35,92.8,14.6,0
98.9,72.2,7557,7.2,99.9,176,76.2,9.2,0
95.5,75.8,8961,6.9,84.1,25,88.3,9.3,0
96.9,83.1,7014,9.8,78.2,170,90.3,1.9,0
95.6,64.7,7528,8.0,84.8,25,80.3,5.5,0
99.6,51.0,8748,7.2,103.1,73,43.1,22.5,0
97.8,66.6,8511,6.0,79.6,28,69.6,3.7,0
97.3,62.5,7991,5.6,83.2,34,45.2,19.1,0
98.7,86.8,12717,7.4,108.1,25,95.0,13.95,0
98.6,75.9,6770,7.8,106.0,25,76.5,12.4,0
99.5,88.5,4840,7.1,96.3,70,95.4,17.0,0
97.6,63.1,5344,8.0,91.0,25,80.3,18.0,0
98.7,82.7,5708,6.2,107.9,25,81.0,14.17,0
96.7,56.3,8339,5.1,75.0,25,93.4,17.0,0
96.1,73.0,6325,6.6,89.7,25,88.1,16.7,0
90.0,99.6,2929,4.3,55.2,25,70.1,10.5,1
97.1,69.9,4136,7.7,120.0,25,87.8,21.7,0
94.6,87.9,18182,6.3,65.0,75,94.0,3.80000000000001,1
94.4,58.4,7733,9.0,72.4,42,84.8,14.5,0
99.4,79.6,5920,8.7,99.4,36,75.9,20.6,0
99.1,81.8,8652,7.1,97.7,25,100.0,15.8,0
88.9,105.7,2887,4.4,53.9,134,90.9,10.3,1
96.4,77.2,7654,5.7,83.5,83,86.1,5.0,0
96.3,80.2,10480,6.8,104.1,193,98.8,14.4,0
98.0,89.0,5661,7.7,73.9,25,86.2,13.0,0
95.2,60.5,5017,5.5,75.3,83,58.3,25.9,0
97.2,76.4,8209,7.7,113.0,25,67.9,18.3,0
98.9,55.8,6148,7.0,75.5,78,74.2,18.1,0
96.6,82.5,6028,6.4,84.4,25,92.0,14.62,0
94.3,73.3,10132,8.0,73.4,66,79.1,10.1,0
97.0,68.6,4751,7.6,82.5,25,89.6,16.0,0
98.6,73.9,8702,8.0,90.8,25,75.9,13.8,0
94.9,69.4,6550,6.8,63.5,25,92.3,17.6,0
89.5,89.8,19369,4.9,49.3,25,66.0,22.21,1
97.9,80.9,8752,8.1,101.1,30,85.3,13.8,0
95.8,83.2,3931,7.3,103.6,40,93.9,7.3,0
96.5,83.1,5784,6.9,107.8,25,79.0,15.36,0
92.4,93.6,3146,5.8,96.4,25,96.5,5.9,1
97.0,79.2,108,1.2,108.1,75,85.0,14.59,0
98.1,65.6,5642,7.7,90.8,34,87.7,15.4,0
98.9,74.3,5719,8.0,95.0,25,91.7,8.7,0
98.9,83.1,6029,6.5,90.1,25,79.0,7.92000000000002,0
95.77366305629961,90.6,20668,7.6,52.6,25,93.0,7.17000000000002,1
93.0,96.6,2275,6.1,89.9,25,86.0,17.3,1
92.8,85.1,3094,3.1,82.9,46,98.2,11.6,1
93.8,74.5,9631,6.9,66.2,27,70.5,26.1,0
97.1,77.3,8845,6.9,91.4,33,95.9,8.8,0
91.3,88.5,8854,7.2,43.7,25,87.0,8.20000000000005,1
93.4,68.5,3394,5.9,65.7,28,78.1,19.0,0
97.3,78.3,5667,7.8,90.5,25,92.5,10.5,0
99.4,64.4,5044,8.2,105.0,69,74.8,11.6,0
96.8,71.9,9839,7.9,80.0,29,90.8,13.9,0
92.8,64.3,6432,8.1,69.0,25,78.1,10.9,0
96.8,79.2,5566,5.8,97.2,189,91.6,15.8,0
96.1,78.1,7913,6.8,75.2,116,100.0,6.0,0
98.8,73.3,7981,7.0,98.1,25,84.8,11.6,0
99.5,59.4,7578,5.3,108.3,31,50.7,22.2,0
96.4,74.4,6733,6.3,98.6,88,58.2,23.4,0
96.5,61.5,8369,8.8,81.3,87,62.6,23.9,0
95.6,71.0,7341,8.0,82.3,25,81.2,4.8,0
96.8,65.2,8973,7.3,105.7,62,90.8,13.6,0
99.2,81.9,7203,7.7,77.5,25,66.4,14.4,0
98.2,75.8,5042,7.3,97.3,35,93.3,4.7,0
97.8,61.4,7771,7.9,92.1,29,93.3,16.0,0
97.9,67.2,2807,6.8,117.1,77,31.7,29.2,0
97.9,59.8,6708,7.4,103.2,25,75.4,8.5,0
98.0,86.0,8546,8.4,86.3,79,70.7,4.9,0
92.6,63.7,26,6.4,90.2,25,96.0,6.43000000000001,1
95.5,72.5,7894,5.8,84.9,25,83.5,8.0,0
97.9,56.3,3952,6.7,84.0,25,92.6,15.9,0
93.5,73.1,6232,9.3,66.5,25,92.6,11.7,0
96.7,84.3,8821,7.2,94.7,89,75.5,14.4,0
97.49065959370097,115.8,1171,5.2,59.8,25,75.1,18.3,1
98.1,81.4,6154,8.4,82.8,25,92.0,2.93000000000001,0
93.8,77.4,8368,7.4,78.3,40,79.0,10.0,0
94.7,68.5,9872,7.4,68.5,25,63.7,18.3,0
99.0,75.5,9489,7.4,92.6,25,100.0,16.0,0
96.8,79.4,5946,6.4,84.8,25,86.0,13.08,0
93.1,77.2,986,6.2,94.7,25,87.0,13.08,1
97.7,51.0,10459,7.4,96.1,69,74.7,5.3,0
98.2,83.3,6695,6.2,98.4,25,86.0,8.49000000000001,0
92.1,105.2,3076,4.0,49.3,25,92.8,6.9,1
96.99061211605013,101.9,966,4.0,49.9,25,78.3,16.0,1
99.1,77.3,6714,6.2,90.6,32,65.5,18.9,0
94.0,80.0,5895,6.1,79.8,75,92.0,12.11,0
96.2,73.4,7992,8.1,99.9,25,74.2,10.5,0
96.9,74.6,10033,6.7,107.7,58,73.2,21.8,0
98.5,71.4,7939,7.2,94.5,25,81.6,10.1,0
95.7,65.4,8058,6.6,82.2,25,64.1,21.9,0
97.3,77.9,8605,6.6,109.7,85,92.3,5.7,0
96.6,72.7,11867,8.3,92.1,47,94.2,16.4,0
98.5,79.6,5667,7.6,106.0,25,47.9,22.7,0
98.8,80.0,6022,6.2,96.6,75,81.0,17.03,0
93.7,94.5,3321,5.4,90.2,34,84.4,6.1,1
98.0,75.0,899,6.4,45.7,25,93.1,0.2,1
92.0,71.9,8871,7.0,66.1,86,86.7,19.1,1
92.1,91.3,2479,6.9,95.6,25,91.2,14.4,1
95.6,76.1,5176,8.5,83.1,31,79.4,5.5,0
90.4,102.3,2598,5.5,45.2,25,76.1,1.3,1
92.1,85.0,16158,5.9,65.0,25,77.0,17.0700000000001,0
95.5,77.2,3440,6.1,112.1,32,72.9,19.1,0
91.9,75.2,1340,6.7,90.2,25,91.0,11.27,1
91.6,77.2,5886,6.1,49.5,25,92.0,16.43,1
94.4,87.9,7092,7.9,58.7,31,78.3,12.1,1
94.7,53.6,6636,6.8,70.8,46,62.5,20.0,0
95.0,65.1,3523,7.0,75.6,25,89.5,18.2,0
95.1,76.5,6561,7.5,101.0,25,86.1,10.3,0
96.2,61.6,2486,7.1,88.9,29,58.1,14.8,0
94.2,71.3,7854,6.8,89.0,87,84.6,4.6,0
96.2,60.2,8955,5.7,88.0,25,95.5,17.1,0
97.8,79.3,8082,7.7,98.6,25,70.4,21.6,0
96.6,80.9,8571,8.0,78.9,31,91.7,10.0,0
95.46005420934824,82.2,5682,7.1,51.7,75,92.0,16.06,1
89.6,101.6,2282,3.9,48.9,88,93.6,12.3,1
97.4,79.3,5938,6.3,100.6,25,70.0,17.63,0
96.1,68.6,6153,7.2,94.7,64,42.0,28.4,0
96.4,72.9,7919,6.8,120.0,38,99.9,17.1,0
94.1,85.2,6213,5.9,72.2,25,92.0,2.73000000000002,0
91.8,96.5,3416,4.8,63.6,35,89.0,14.6,1
96.2,64.0,5402,7.1,81.1,63,80.8,7.5,0
98.0,84.4,5537,6.0,83.7,25,97.0,14.83,0
94.4,67.2,3668,7.0,76.1,25,80.9,15.1,0
97.3,75.2,8917,5.8,87.8,25,76.9,20.4,0
98.5,73.6,6446,6.4,84.0,39,79.3,17.0,0
93.6,72.6,8105,7.1,67.2,25,78.0,18.2,0
98.9,80.5,6785,7.5,82.8,67,76.1,16.7,0
98.8,82.8,15563,6.2,94.4,25,87.0,9.97000000000003,0
98.5,73.2,5464,6.7,89.1,25,78.5,14.0,0
96.8,79.9,8970,6.8,96.7,36,65.5,16.1,0
97.3,61.3,5025,6.9,75.2,42,80.1,11.5,0
90.0,107.2,2123,4.9,49.8,25,68.5,2.0,1
99.3,91.0,1885,5.9,110.0,25,74.0,14.78,0
98.0,75.0,7540,7.7,57.2,25,90.0,19.84,1
96.6,87.2,6892,7.3,97.2,25,92.6,9.7,0
94.9,72.3,4915,8.9,80.0,46,83.5,20.4,0
97.8,80.0,5778,6.3,84.8,25,84.0,10.67,0
97.8,78.4,6311,6.1,94.5,31,78.9,8.3,0
91.5,92.3,2150,6.2,93.9,43,91.0,11.6,1
97.2,59.4,8006,7.7,85.8,27,82.7,18.0,0
97.8,84.9,6991,6.9,90.2,27,77.4,12.4,0
94.3,65.2,5638,7.2,58.5,89,86.5,19.1,1
99.1,62.7,9364,8.1,97.1,25,83.7,20.0,0
98.2,65.4,7363,7.2,109.9,33,96.0,5.5,0
91.5,103.8,3686,4.2,80.4,25,75.4,18.2,1
100.0,83.6,5481,6.3,110.0,25,75.0,10.83,0
95.5,70.5,3525,8.0,71.2,25,72.8,5.4,0
96.2,75.4,11981,7.0,84.9,43,83.9,15.6,0
95.29832417827804,106.6,2172,5.3,45.6,35,77.2,18.4,1
94.8,71.0,4685,7.3,55.2,25,84.6,12.7,1
98.3,73.2,7730,5.5,89.7,28,89.3,8.8,0
92.5,103.5,4003,6.7,99.3,180,90.6,2.7,1
95.3,69.5,5795,6.5,76.3,38,78.4,14.3,0
99.2,90.0,6614,6.6,89.0,26,80.0,18.7,0
92.4,82.6,5440,6.8,65.0,25,81.0,1.68000000000001,0
96.3,77.0,4440,7.5,112.9,64,83.8,12.9,0
96.9,86.6,9934,9.0,91.7,63,93.9,12.5,0
96.46229359474854,88.7,4965,8.5,52.5,25,69.3,1.8,1
95.6,59.2,2926,5.8,118.6,38,71.5,20.4,0
89.3,99.1,1530,4.6,58.9,25,88.3,6.2,1
98.0,75.0,1603,4.4,43.0,40,85.4,13.9,1
95.6,72.9,8618,6.7,79.9,76,90.6,16.9,1
97.7,75.0,7606,7.2,98.9,25,89.7,11.4,0
95.7,64.8,2745,6.3,73.4,28,69.6,16.5,0
94.3,71.1,4098,7.7,62.9,35,55.7,21.8,0
97.9,89.2,11552,7.1,98.1,25,70.0,15.23,0
97.0,76.3,7066,8.2,98.9,45,85.6,19.4,0
96.2,78.8,8935,8.1,95.0,25,88.1,11.3,0
95.4,79.2,4929,6.2,66.5,25,91.3,8.2,0
90.5,112.9,1572,4.8,42.4,35,76.2,1.3,1
95.9,65.6,7540,8.7,113.2,25,73.6,15.9,0
97.9,73.9,5341,7.3,89.8,142,64.1,24.5,0
93.8,63.8,3070,7.1,82.1,25,92.8,12.9,0
96.9,68.9,8534,6.6,83.5,27,79.5,12.3,0
96.3,71.8,7684,6.6,83.7,32,86.5,9.9,0
96.4281512065973,87.6,5168,6.0,59.8,25,93.0,6.5,1
96.1,79.5,6105,7.1,90.9,64,79.2,3.2,0
97.4,90.0,5223,8.8,98.5,25,76.5,20.4,0
97.3,70.8,8088,7.5,88.3,25,89.8,18.2,0
97.0,80.6,7261,8.3,85.1,25,90.6,8.5,0
99.0,78.9,6267,6.5,110.5,30,76.3,8.0,0
99.0,71.8,4525,7.5,84.5,90,89.2,-0.4,0
98.4,75.6,5623,5.5,96.4,25,92.1,8.6,0
96.7,80.2,7495,9.0,79.3,39,87.2,10.5,0
89.0,91.7,6130,7.5,52.3,75,83.0,8.48000000000002,1
92.1,72.7,4482,6.1,60.3,34,77.1,14.9,0
91.7,86.3,6124,6.2,88.9,25,91.0,17.21,1
98.0,52.9,8142,7.3,85.1,87,92.0,9.2,0
92.3,101.7,3907,5.9,84.3,25,79.7,23.5,1
93.9,64.2,5595,6.0,77.6,97,81.9,1.0,0
94.9,63.1,0,5.7,57.4,25,70.0,4.09000000000003,1
92.7,87.9,3535,6.0,94.4,25,98.5,9.4,1
96.2,68.0,6601,7.5,92.3,44,86.3,16.0,0
91.3,114.4,2548,4.9,54.8,25,87.1,12.9,1
99.4,65.1,9747,7.3,98.7,25,94.0,10.9,0
92.9,102.4,2218,4.0,91.9,104,93.8,14.5,1
98.9,83.5,7465,7.8,105.9,38,89.2,13.6,0
96.3,64.9,4725,6.5,94.7,27,88.8,12.9,0
97.8,64.2,6691,8.1,97.6,34,89.5,16.8,0
97.6,71.5,2283,6.9,114.4,48,35.4,24.8,0
92.6,71.7,4475,6.8,64.0,87,73.3,21.2,0
92.1,84.2,7263,8.1,66.2,29,71.5,16.9,0
89.6,99.7,2545,6.4,61.1,40,92.3,9.1,1
94.4,73.9,7977,7.4,73.5,31,87.3,11.7,0
95.9,89.7,7014,7.6,120.0,67,56.1,26.0,0
92.1,77.1,6015,7.0,70.8,25,100.0,15.9,0
93.3,81.4,1072,7.7,97.1,25,90.0,14.35,1
97.8,53.9,2045,6.3,91.4,29,71.8,9.3,0
98.8,60.6,5751,6.7,91.6,25,72.0,18.8,0
95.5,78.6,10290,7.3,100.5,25,89.3,0.7,0
97.1,75.1,5907,6.8,120.0,25,90.2,17.4,0
95.7,69.1,8137,5.7,79.1,53,93.1,6.7,0
89.9,95.1,2808,6.3,64.8,47,96.9,7.1,1
96.5,66.4,4931,7.1,120.0,25,96.6,16.9,0
99.6,60.4,8882,8.6,116.7,49,95.3,16.6,0
97.1,71.1,8280,7.8,96.2,25,70.0,21.9,0
94.1,90.0,8544,7.0,87.2,25,93.6,5.9,0
94.0,75.5,6251,8.0,55.0,85,94.2,7.7,1
95.7,58.2,9471,7.4,113.7,25,93.1,12.1,0
96.1,64.6,5020,6.1,91.3,25,79.7,10.7,0
93.6,73.1,6819,7.8,79.8,25,93.2,11.2,0
96.3,70.1,4859,6.3,99.6,25,74.3,10.4,0
93.0,70.2,311,4.7,61.6,25,83.0,5.42000000000002,0
100.0,57.6,9044,6.8,101.9,60,60.6,25.5,0
99.1,67.0,6037,7.2,120.0,28,91.7,13.0,0
98.7,85.5,2000,7.5,86.4,34,85.9,1.6,0
97.80310104430704,92.9,6308,6.7,52.0,75,96.0,5.17000000000002,1
96.4,68.5,10617,6.3,79.4,25,97.3,14.0,0
96.8724467235474,118.4,866,3.9,34.5,37,76.0,11.6,1
93.8,78.2,2278,3.9,60.3,75,95.0,3.86000000000001,0
97.0,64.1,5790,6.6,120.0,25,87.6,20.0,0
94.2,80.3,13965,7.1,67.4,25,88.5,15.7,0
98.6,70.7,4796,9.6,109.7,81,100.0,-0.5,0
92.8,80.9,8140,6.4,63.6,25,71.3,22.6,0
97.1,67.9,6684,8.1,105.4,36,100.0,18.0,0
96.2,59.7,4700,6.9,87.9,74,59.5,22.7,0
95.9,67.1,9080,7.5,120.0,25,78.1,17.7,0
95.2,81.1,2289,6.2,87.5,161,70.2,26.5,0
97.5,81.3,5763,8.1,78.5,78,72.4,16.6,0
96.1,67.9,10329,7.4,90.7,25,83.5,20.2,0
92.4,71.9,7861,8.1,68.3,30,77.8,11.1,0
91.0,74.9,2312,7.4,58.3,25,96.0,4.91000000000003,1
98.8,81.2,8497,7.2,99.5,71,83.3,16.9,0
97.0,62.6,8217,8.3,89.7,25,96.7,8.7,0
97.2,75.1,5302,7.4,120.0,25,76.4,10.9,0
95.4,74.1,4474,9.1,73.4,25,91.6,6.0,0
98.3,79.0,8634,8.2,95.7,25,77.0,16.6,0
96.8,60.0,10651,7.2,117.4,27,63.6,21.8,0
93.9,64.4,5153,7.1,79.4,30,98.6,15.5,0
97.6,76.4,11315,7.8,88.0,25,87.6,1.4,0
99.0,66.2,7009,8.5,83.6,77,69.8,18.6,0
91.1,82.0,5814,6.6,105.1,25,82.0,16.93,1
96.6,63.3,6973,6.5,102.5,72,37.7,26.3,0
99.0,77.1,5759,7.3,120.0,26,68.8,9.9,0
96.4,77.9,5753,6.8,91.5,25,89.6,0.5,0
96.9,68.0,7131,7.7,70.8,25,97.7,-0.6,0
95.6,61.0,5137,7.2,98.9,25,92.8,1.8,0
92.2,82.5,17484,6.6,65.0,25,95.0,14.08,0
97.1,81.9,6373,6.8,120.0,25,87.0,18.06,0
95.7,90.0,8617,6.4,116.8,32,79.6,17.1,0
96.9,74.7,9602,6.2,83.7,129,94.8,8.0,0
97.9,56.8,4060,7.2,108.9,35,86.0,15.8,0
97.3,84.1,10722,7.2,87.9,25,98.2,11.6,0
95.4,60.4,4847,8.4,102.6,35,72.5,15.3,0
92.9,86.7,3537,4.8,75.6,25,88.5,8.2,1
96.3,84.1,8014,6.9,110.7,25,72.3,17.5,0
96.5,66.2,3662,8.1,120.0,44,76.2,6.6,0
89.6,102.0,1981,4.8,40.1,25,94.7,12.5,1
99.2,83.4,6274,6.8,120.0,32,77.3,10.6,0
93.1,90.7,2243,5.2,87.4,31,86.3,11.4,1
97.1,65.0,6331,7.3,80.3,34,98.0,18.6,0
95.4,69.9,6330,8.3,92.2,31,80.4,14.7,0
95.8,73.8,7691,8.8,76.9,37,77.6,11.7,0
99.1,70.5,4615,6.1,109.9,25,73.8,19.1,0
94.1,76.0,9451,7.1,74.7,39,88.2,0.8,1
97.8,70.1,5523,6.4,72.9,25,76.7,17.1,0
92.9,74.6,4588,8.2,62.8,29,78.3,5.0,0
97.4,73.5,4681,8.4,93.4,60,55.2,28.1,0
96.1,57.4,7273,7.0,94.6,25,96.3,13.3,0
96.1,90.0,8225,6.3,79.3,35,97.2,11.7,0
90.2,100.9,3790,6.1,61.4,88,88.9,5.4,1
95.4,83.3,7113,9.1,111.3,25,86.5,15.8,0
89.7,78.4,5026,6.3,53.5,25,83.0,13.12,1
96.3,74.1,6935,7.9,101.1,30,82.5,9.3,0
92.8,62.9,4488,6.8,54.7,25,98.0,8.7,1
94.2,77.8,10733,8.4,80.9,49,85.2,9.1,0
97.7,83.1,5930,6.0,110.0,25,55.0,27.19,0
96.3,82.3,5540,8.0,70.4,94,85.6,6.3,0
97.7,67.7,12377,8.5,85.3,25,62.4,20.2,0
99.7,73.9,10018,6.4,114.5,58,48.7,28.7,0
98.0,72.6,6083,7.4,78.6,47,92.4,3.8,0
92.1,65.9,5645,7.3,67.2,25,76.4,18.2,0
99.5,77.4,6182,7.7,84.0,28,97.3,2.1,0
96.6,68.4,5809,6.6,86.2,37,90.5,11.0,0
96.6,67.4,8753,7.3,94.4,63,90.5,19.1,0
91.6,96.1,4092,4.3,87.8,25,91.9,17.7,1
94.2,56.5,4747,8.1,63.8,25,61.3,18.2,0
96.7,76.7,5586,6.3,94.6,25,91.0,12.75,0
97.0,69.9,9062,7.7,103.1,73,68.0,19.5,0
97.5,82.4,6447,6.3,90.9,25,80.0,15.62,0
95.4,80.7,7461,8.0,88.7,42,91.2,11.1,0
96.1,79.3,7565,9.7,89.4,27,86.8,14.3,0
95.6,71.9,8357,6.7,114.2,32,84.0,3.2,0
98.7,80.4,5791,8.8,116.7,33,83.7,11.9,0
94.2,70.2,10078,7.9,80.0,25,88.7,-0.8,0
92.7,95.3,4890,5.6,73.2,49,92.2,6.7,1
97.2,83.7,10127,8.1,88.5,38,74.1,15.8,0
97.5,76.2,10406,7.5,91.3,25,96.3,15.8,0
96.6,70.1,8661,7.0,90.1,25,92.9,15.5,0
98.0,80.5,8102,7.6,103.7,88,54.3,25.6,0
95.3,76.9,8029,7.4,77.2,25,66.3,4.9,0
91.6,89.9,17075,7.1,61.1,125,95.0,3.20000000000005,1
89.3,105.5,1575,3.7,50.4,25,92.9,6.1,1
96.2,82.8,8194,5.9,115.5,39,80.2,13.4,0
95.0,67.1,6756,7.2,81.0,27,90.2,5.2,0
96.9,75.2,9199,6.2,109.7,88,73.5,23.4,0
100.0,70.8,6334,8.8,95.8,94,75.2,16.3,0
89.1,102.2,934,4.8,54.4,84,84.8,13.7,1
95.2,69.7,6174,7.3,75.4,46,93.7,12.9,0
97.3,70.3,4518,6.5,118.7,57,75.8,11.1,0
96.25677634851364,107.1,2438,5.1,41.4,25,92.9,2.8,1
96.3,55.8,9138,7.4,73.6,31,95.8,14.8,0
93.0,57.9,7663,6.4,65.0,25,89.5,12.5,0
95.6,74.3,10509,6.3,104.5,25,79.3,14.7,0
93.8,64.8,5987,7.9,86.8,123,75.9,9.1,0
93.0,90.7,3276,3.9,77.4,46,94.1,15.2,1
98.5,57.6,6707,5.7,99.0,25,90.4,8.5,0
98.5,58.0,5553,6.6,90.4,33,83.3,14.9,0
91.5,96.9,2344,6.1,96.1,34,82.4,9.3,1
97.0,74.5,8129,7.1,92.2,25,91.6,10.5,0
97.8,78.2,7665,7.6,89.2,40,68.7,19.0,0
94.3,78.2,9080,6.2,55.2,25,87.9,12.1,1
96.1,79.5,5637,6.4,120.0,27,63.7,22.4,0
95.2,70.7,7720,7.2,87.1,34,74.8,15.2,0
95.4,77.7,7215,7.5,87.5,29,89.0,17.8,0
94.1,68.0,9202,6.4,67.6,25,85.2,10.6,0
92.6,101.8,2571,5.5,94.0,25,96.5,6.5,1
93.3,66.3,10131,6.8,71.8,35,86.0,5.1,0
92.3,93.9,2620,5.8,111.0,25,76.8,17.3,1
96.4,67.8,6514,7.6,106.3,26,72.7,16.1,0
98.7,59.1,3588,7.5,118.0,34,74.6,15.0,0
91.7,91.8,3666,6.3,67.7,65,95.6,8.4,1
95.6,65.6,2443,6.9,82.1,40,78.7,16.5,0
97.2141008492791,106.5,2428,4.3,59.6,35,83.4,8.2,1
94.9,71.3,7798,8.2,79.5,25,85.0,14.4,0
93.8,63.6,7593,8.3,65.2,26,76.6,10.9,0
97.7,72.0,5207,6.3,105.4,26,93.3,-3.0,0
97.3,74.8,6652,6.0,101.6,29,83.2,19.0,0
94.7,50.0,8916,6.8,66.4,28,85.6,19.5,0
99.2,73.4,4214,7.4,71.4,37,82.0,12.3,0
94.3,65.8,10891,6.7,63.4,26,81.9,11.0,0
95.3,59.1,10208,6.4,110.8,25,84.9,9.7,0
89.8,92.6,22615,6.5,55.2,25,70.0,13.03,1
98.9,63.0,9084,9.0,98.7,130,84.1,17.9,0
98.0,75.0,1419,6.1,46.4,25,77.4,9.3,1
96.8,61.1,2833,7.4,83.7,25,84.9,13.5,0
94.5,84.4,6573,6.4,69.1,26,86.7,9.4,0
98.5,61.6,7926,7.7,77.8,25,98.7,8.2,0
97.8,72.1,6427,6.6,84.2,25,85.7,16.3,0
95.5,86.6,7098,7.5,107.9,25,64.9,16.1,0
96.1,83.3,4051,7.9,71.4,57,93.5,8.8,0
97.68365668068228,111.6,195,3.9,36.2,27,93.4,18.5,1
96.7,65.3,8164,7.4,79.9,95,58.3,22.0,0
92.5,94.4,2277,5.5,97.8,25,81.8,3.3,1
92.7,61.1,9812,7.6,75.0,78,90.2,6.7,0
93.0,88.3,10263,9.4,62.2,75,94.3,3.9,0
96.8,56.7,6607,6.7,77.6,104,84.6,21.3,0
96.1,88.6,10886,7.4,101.9,25,83.0,13.42,0
97.6,67.7,7932,6.9,101.6,41,63.6,20.9,0
98.0,63.5,7252,8.0,83.3,75,97.9,8.2,0
92.1,89.5,5000,6.2,110.5,25,84.5,12.5,1
89.0,67.3,118,5.5,57.2,25,81.0,6.84000000000003,1
96.4,71.6,7631,7.3,120.0,29,86.8,7.2,0
98.9,75.3,4023,6.6,91.1,25,73.7,6.7,0
93.0,80.9,3583,6.9,67.6,25,81.2,18.9,0
97.1,66.2,4945,7.3,80.8,25,93.0,8.7,0
94.7,63.5,8650,5.9,65.0,25,91.3,12.3,0
97.9,63.4,8757,6.8,86.9,29,75.7,18.9,0
95.0,71.8,4420,7.3,82.7,75,88.7,15.6,0
99.3,89.2,7162,7.7,92.0,41,80.7,7.4,0
98.1,86.5,6747,7.4,78.6,70,75.9,16.9,0
96.1,65.0,6324,8.0,80.9,33,82.9,18.6,0
90.3,99.5,2071,3.4,47.7,51,92.2,14.3,1
96.2,78.6,6272,5.9,109.6,25,79.0,19.22,0
99.3,74.7,6076,5.8,109.6,25,77.0,12.61,0
96.1,55.2,7454,6.9,67.4,28,93.5,14.2,0
96.1,68.4,5136,7.3,71.5,80,92.6,9.1,0
91.6,78.5,1102,7.2,86.7,25,84.0,18.33,1
99.4,66.7,9598,7.7,100.7,25,85.9,15.1,0
98.2,79.1,4470,9.5,104.5,66,76.8,13.3,0
96.6,88.3,9257,7.1,100.6,71,56.3,28.9,0
97.3,72.6,10039,5.4,115.6,45,85.7,4.7,0
99.3,75.1,6060,5.3,93.9,25,86.0,12.8,0
96.4,84.7,5588,6.3,94.4,25,57.0,18.02,0
90.9,106.4,1661,5.8,49.4,30,88.2,16.4,1
99.1,58.9,6358,7.6,114.4,98,39.3,32.2,0
99.2,71.0,3150,8.2,84.9,25,92.7,15.1,0
94.3,63.8,5944,6.6,85.8,25,90.6,6.3,0
99.1,71.0,6734,6.5,98.9,26,82.9,5.3,0
95.8,61.8,7691,6.6,87.4,32,83.9,2.1,0
93.9,76.9,2000,8.7,74.0,25,90.0,12.4,0
96.3,84.6,6116,6.6,70.0,25,93.0,1.14000000000004,0
98.0,75.0,899,3.9,43.4,40,85.4,14.3,1
98.1,80.3,8753,6.4,93.1,25,87.5,9.6,0
96.2,84.1,8127,6.9,92.2,33,74.7,16.1,0
98.5,62.3,9215,7.5,109.3,37,73.1,10.6,0
95.4,62.8,5355,9.0,74.9,25,84.6,8.2,0
92.1,72.1,740,8.3,71.6,25,93.0,2.22000000000003,1
96.4,81.9,8230,7.2,79.2,31,87.9,3.4,0
93.6,81.5,4961,8.1,70.1,83,83.1,10.5,1
91.7,81.5,5424,6.3,76.4,25,89.0,15.3200000000001,1
98.4,75.0,6695,6.7,88.9,31,86.5,11.0,0
97.8,63.9,3196,7.0,109.1,73,37.6,28.5,0
95.5,89.5,3185,5.9,75.8,57,83.0,3.3,0
98.0,76.8,7585,7.4,85.5,25,90.8,5.8,0
97.7,72.8,11874,8.7,108.8,25,84.6,8.9,0
95.3,80.8,9317,7.5,76.4,38,84.9,13.4,0
97.7,77.8,5114,6.3,108.4,25,83.5,11.2,0
96.4,86.6,6212,8.1,84.3,122,89.1,2.2,0
96.2,78.1,4243,8.3,92.4,38,75.1,18.3,0
91.4,99.6,2283,5.6,72.2,70,71.5,6.8,1
98.2,67.3,9354,7.2,90.0,25,75.2,17.4,0
92.0,65.3,8652,7.4,50.9,25,94.3,3.3,1
95.6,73.8,2209,7.6,78.4,43,79.2,4.8,0
92.3,92.8,2267,5.8,102.5,25,89.7,9.2,1
95.7,68.9,3930,6.2,76.0,35,89.2,4.0,0
99.7,52.2,3065,6.7,108.6,25,85.7,22.0,0
96.2,70.8,7629,7.1,83.0,132,95.5,8.6,0
95.6,69.6,5775,7.2,94.0,29,78.5,18.7,0
97.0,82.3,6680,8.1,81.3,67,89.7,11.1,0
91.4,97.2,2241,5.7,62.7,27,73.5,13.0,1
97.7,75.2,7095,5.5,120.0,33,72.6,23.6,0
97.7,76.5,10358,5.0,70.3,65,100.0,8.5,0
93.5,66.7,8293,7.5,72.5,25,78.1,19.8,0
89.8,103.7,2799,4.2,46.6,30,79.0,13.3,1
92.8,107.0,3564,6.4,102.7,91,100.0,11.0,1
99.1,69.7,10809,6.2,100.9,25,90.2,-0.9,0
97.0,81.9,7415,8.3,89.5,68,90.2,13.8,0
98.0,74.1,7252,7.7,102.1,26,93.5,14.8,0
97.1,81.4,9394,5.9,103.7,35,81.9,10.9,0
96.8,65.5,9845,8.4,92.2,200,96.9,16.9,0
96.0,79.5,5673,6.1,82.9,175,75.0,9.47000000000003,0
90.4,107.5,1646,3.0,48.6,25,76.2,15.8,1
97.60540392769374,97.7,1823,0.0,58.6,25,76.0,8.62,1
95.5,67.3,7414,7.7,79.1,57,87.0,17.2,0
96.6,70.5,7709,8.5,117.8,29,93.2,16.7,0
92.4,77.0,774,6.6,77.4,25,86.0,6.43000000000001,1
98.2,76.4,2883,8.0,83.5,25,94.7,8.7,0
97.1,74.8,3197,6.4,89.3,71,91.0,10.5,0
94.2,58.4,2285,7.9,78.2,25,83.8,12.2,0
96.9,86.1,8046,6.6,95.2,73,47.5,23.0,0
98.5,90.0,3644,7.0,87.9,41,94.0,12.5,0
98.1,71.7,6642,7.7,78.2,95,91.0,7.6,0
95.3,61.6,5156,6.9,77.6,28,76.2,18.1,0
93.8,65.1,4525,6.7,64.8,81,89.1,3.5,0
91.0,87.0,5499,6.1,54.7,125,71.0,25.91,1
95.8,73.6,8994,6.4,85.7,25,87.9,5.8,0
92.1,90.2,3334,5.5,83.9,25,87.3,5.3,1
93.7,70.2,6556,9.1,64.9,36,61.7,21.9,0
99.5,81.9,11887,8.2,80.9,70,89.5,11.6,0
96.0,79.8,6320,7.6,82.3,41,92.0,13.6,0
96.4,77.4,5636,6.2,73.3,75,84.0,4.39000000000004,0
98.6,83.4,6680,8.4,81.7,91,94.5,9.8,0
95.5,83.3,7158,6.9,79.7,25,90.8,13.2,0
93.6,67.2,9842,7.0,76.5,25,86.6,9.8,0
97.9,90.0,5436,8.2,96.5,25,87.8,11.7,0
98.4,67.4,7660,7.1,90.6,43,71.7,14.5,0
97.4,92.2,5832,6.2,86.3,25,86.0,18.58,0
91.5,100.8,3201,5.6,84.4,25,83.1,19.0,1
98.0,75.0,803,4.5,57.4,25,91.8,16.2,1
96.2,72.0,7430,9.7,79.4,71,99.3,-0.2,0
98.0,90.0,8398,7.0,93.0,35,67.1,13.4,0
95.6,61.5,2929,6.4,120.0,37,70.6,20.1,0
93.6,69.7,8656,7.3,63.2,26,90.4,6.5,0
92.0,76.9,3868,7.0,76.1,29,52.0,23.6,1
95.6,86.4,1628,5.1,110.0,25,68.0,17.61,0
97.5,65.5,8979,7.2,78.1,25,95.7,10.9,0
94.6,70.6,4904,8.0,71.1,29,92.9,-0.7,0
99.5,80.6,5715,5.8,106.0,25,95.0,15.66,0
94.2,62.3,8742,7.7,61.5,25,81.5,18.2,0
93.5,72.0,9396,6.5,71.8,25,78.4,15.6,0
96.4,79.4,7939,5.5,107.7,26,75.6,15.5,0
96.0,76.8,8990,7.7,73.1,26,85.8,1.7,0
94.5,65.7,9756,7.8,74.4,88,39.9,18.5,1
98.9,65.6,8818,9.2,85.1,33,87.7,8.6,0
95.039283369765,83.5,3666,6.7,58.3,25,80.0,8.84000000000003,1
95.6,50.3,6395,8.2,82.4,39,70.8,13.0,0
96.8,81.4,9434,6.8,86.7,25,87.0,6.88,0
97.2,76.1,5886,8.4,85.3,31,69.8,18.9,0
97.2,76.6,6022,8.2,106.2,25,75.0,12.8,0
96.3,66.5,7849,7.2,90.6,54,90.4,10.2,0
96.3,61.4,6825,6.8,105.8,25,73.4,16.1,0
98.8,76.4,5978,7.7,98.6,28,96.9,9.1,0
98.9,68.9,10267,6.8,103.6,48,88.0,19.7,0
97.88321095240836,64.2,8777,7.3,59.1,56,65.4,3.2,1
99.0,72.5,5450,8.0,110.2,25,73.3,22.2,0
92.2,94.7,2108,4.5,76.2,28,84.4,4.0,1
94.0,84.0,6994,6.2,72.5,25,85.4,5.9,0
97.7,67.2,6986,7.0,110.9,46,81.9,17.5,0
97.3,77.5,10466,8.8,89.5,25,73.7,24.5,0
97.9,85.4,5836,6.5,82.3,25,93.0,18.77,0
95.6,67.2,11010,8.9,114.2,25,98.2,16.1,0
93.0,70.1,953,6.0,85.6,25,98.0,2.79000000000002,1
95.0,77.2,5019,7.7,77.2,25,88.0,16.9,0
92.0,64.4,6443,6.6,72.7,40,77.4,17.4,1
96.5,66.8,2000,7.1,108.0,25,81.8,6.6,0
96.7,75.8,5528,7.2,91.4,200,91.7,13.4,0
90.2,92.4,2223,5.3,65.2,47,72.5,0.2,1
93.7,101.4,4134,5.1,91.8,34,88.0,14.9,1
97.8,70.1,6990,7.1,95.7,29,99.7,16.0,0
96.3,82.0,2076,7.1,90.7,31,83.4,7.1,0
96.7586894960504,85.3,6173,6.6,45.7,25,82.0,17.03,1
94.0,66.1,8588,6.8,62.4,25,86.3,2.1,0
95.9,67.8,8572,7.6,96.7,194,66.0,25.3,0
94.4,78.8,3845,8.4,81.5,29,75.6,9.5,0
97.7,90.0,4896,8.2,94.4,32,94.4,4.4,0
93.7,83.7,9925,6.2,80.3,25,86.9,3.1,0
97.6,68.0,6182,7.6,120.0,32,87.2,13.0,0
93.0,97.5,4174,4.8,62.8,30,91.5,18.1,1
91.0,105.1,1759,5.9,57.7,25,78.4,2.8,1
96.04085960568868,111.2,2292,5.5,46.7,31,87.2,5.5,1
96.7,77.8,6096,8.5,90.4,87,57.7,23.2,0
96.0,56.4,6860,6.7,81.0,25,94.3,8.4,0
95.3,68.8,3675,6.6,74.8,25,87.8,15.2,0
99.0,76.6,4585,8.4,93.9,25,100.0,11.1,0
94.0,69.4,5003,6.7,77.9,25,94.9,3.1,1
99.2,78.1,10005,6.9,96.8,25,85.0,8.0,0
95.7,58.5,5608,8.1,83.1,28,86.9,17.8,0
99.9,75.0,6562,5.6,97.8,25,84.3,5.5,0
97.3,76.4,7389,8.1,106.5,70,77.4,18.2,0
98.6,77.7,7904,7.0,98.8,85,92.6,0.1,0
96.0,63.1,6739,8.0,88.6,34,77.7,19.2,0
96.8,78.5,7372,8.6,96.1,25,86.8,18.6,0
98.6,69.2,5868,6.9,97.9,33,95.2,5.1,0
93.6,61.6,9423,6.9,57.0,32,88.7,7.4,1
94.4,75.7,7708,6.7,89.4,78,34.9,21.5,0
92.5,92.0,2727,5.7,87.3,32,88.1,10.8,1
94.6,79.9,3493,6.0,64.3,25,75.6,19.6,0
95.7,81.6,5766,6.1,108.5,25,73.0,16.91,0
97.0,62.0,54,4.4,96.6,25,93.0,2.02000000000004,0
98.9,62.4,6201,6.7,105.8,74,100.0,16.5,0
96.9,58.3,5560,7.3,78.7,196,93.1,1.7,0
93.9,86.1,7438,5.5,64.8,25,83.9,15.1,0
94.8,65.0,9126,6.2,69.5,25,88.5,20.0,0
96.5,62.7,2000,6.9,111.7,25,81.0,7.8,0
99.1,80.4,6925,6.5,117.1,47,68.0,10.1,0
92.7,95.8,3427,5.9,76.3,31,66.9,19.2,1
98.4,73.8,5462,7.7,89.3,45,77.3,14.1,0
98.6,74.0,8629,7.5,97.4,25,77.6,16.3,0
97.1,87.3,6370,8.0,89.2,75,94.0,2.94,0
92.7,79.5,4194,7.4,73.3,79,54.3,25.8,0
93.8,66.7,2905,7.2,75.0,28,88.5,20.1,0
93.7,76.4,7284,7.4,79.9,31,72.1,11.0,0
97.24988141119753,113.0,2257,4.7,42.9,25,60.2,18.1,1
99.6,72.1,7595,7.3,96.9,31,92.0,10.5,0
97.1,61.6,10494,7.4,102.6,32,90.2,15.7,0
96.3,72.6,4052,6.6,86.8,33,75.1,13.0,0
98.8,67.7,11962,6.9,94.0,138,56.9,27.5,0
94.8,69.0,6203,8.2,65.2,31,91.0,12.7,0
91.0,100.2,2355,5.4,57.3,25,78.1,21.4,1
94.8,73.9,3782,7.3,59.8,33,64.5,21.4,1
91.2,86.0,3196,5.4,105.6,75,98.9,17.7,1
89.6,105.9,1747,3.2,59.9,25,75.6,14.8,1
99.1,79.0,8497,6.6,83.7,70,94.0,2.1,0
93.7,65.4,8599,7.1,66.1,30,87.0,9.1,0
93.7,75.8,5832,6.1,78.9,25,93.0,3.77000000000004,0
98.1,74.4,6856,6.1,114.6,25,83.0,18.3,0
93.6,86.6,6510,5.7,88.1,133,67.1,5.9,0
97.0,59.1,8753,7.9,86.1,25,95.0,2.5,0
92.8,78.6,1350,5.0,91.6,75,93.0,16.84,1
94.3,85.5,2000,6.4,81.1,74,87.9,3.1,0
95.3,79.8,5721,6.5,75.7,25,93.0,14.68,0
98.3,62.1,9636,5.3,106.9,25,80.7,8.1,0
98.2,76.5,8742,6.2,103.3,32,56.7,19.7,0
95.6,62.9,5918,7.0,104.9,36,67.3,11.0,0
92.7,85.2,6207,6.6,99.8,75,98.0,8.88,1
96.2,87.6,4018,7.4,97.5,25,68.7,21.6,0
95.7,72.1,7526,5.6,81.3,25,89.4,9.9,0
96.5,64.7,7068,6.7,93.2,136,96.7,3.1,0
89.4,105.7,2099,5.1,48.1,25,93.7,-0.0,1
98.9,68.4,5704,7.2,103.0,64,87.2,21.9,0
95.8660812103121,82.8,2941,5.6,59.6,25,83.0,10.0,1
98.0,75.0,1799,4.7,51.5,56,76.4,9.8,1
91.9,77.0,5676,6.5,44.2,175,99.0,13.6,1
91.3,97.6,3008,5.0,73.4,111,67.4,10.8,1
92.9,103.7,3903,5.2,82.4,30,89.8,13.9,1
93.8,67.0,5915,5.4,75.0,25,99.8,14.9,0
93.0,101.7,4327,5.8,104.2,47,85.5,5.9,1
91.9,93.5,3745,3.9,110.8,146,61.8,26.1,1
99.8,55.0,5747,7.2,96.0,25,96.1,7.3,0
95.2,67.5,8867,9.0,76.7,33,78.9,23.3,0
98.0,62.3,9946,6.9,96.0,25,96.0,17.5,0
97.8,86.4,8815,7.8,79.5,37,91.7,21.6,0
97.2,66.7,2000,7.3,94.8,25,89.9,16.7,0
95.2,76.3,11411,6.3,67.7,38,91.5,7.2,0
91.9,90.5,3424,5.3,97.6,25,83.3,13.4,1
99.0,83.9,9834,7.2,106.1,84,91.9,20.4,0
93.2,81.5,737,6.7,92.4,25,97.0,16.48,1
89.9,105.4,2411,3.0,44.7,76,80.1,16.7,1
97.7,75.3,6012,7.5,120.0,25,84.9,20.4,0
98.0,90.0,7290,8.4,101.8,25,44.0,19.3,0
96.19700811161039,66.0,5436,7.7,58.5,25,85.3,0.5,1
97.1,80.5,6247,6.5,94.7,25,81.5,17.3,0
97.0,55.8,5324,6.7,67.3,25,100.0,6.6,0
92.0,70.7,7804,6.4,61.6,57,79.4,7.4,1
97.4,66.4,2468,6.9,117.8,25,71.4,9.3,0
96.7,76.6,10531,6.1,89.1,33,90.9,8.9,0
97.5,76.8,8534,7.9,109.3,28,69.4,22.8,0
99.3,85.0,6499,7.4,83.4,32,100.0,3.0,0
93.4,80.3,5483,5.4,73.1,25,77.0,4.98000000000002,1
93.7,83.3,8759,7.2,77.5,32,87.1,5.5,0
96.9,83.6,5956,6.3,83.3,25,88.0,13.9,0
95.6,70.5,8139,7.4,110.9,25,96.1,5.9,0
91.4,81.6,5372,6.5,44.1,25,81.0,15.25,1
92.5,99.0,1955,6.6,100.1,25,91.5,5.0,1
99.4,76.5,11864,6.4,99.0,85,79.9,14.9,0
96.5,67.2,11957,7.2,90.8,39,71.9,17.6,0
98.9,85.9,6654,7.5,86.2,28,65.9,16.5,0
95.8,57.5,6861,7.7,77.0,30,95.7,10.1,0
91.8,95.7,2652,4.4,109.2,25,87.5,3.1,1
94.6,61.3,6718,7.4,59.4,28,86.3,2.5,1
95.5,71.9,6424,6.4,94.6,25,81.6,19.4,0
95.3,72.6,8944,7.9,67.6,25,94.8,-3.0,0
94.7,82.8,7277,7.0,71.4,124,83.6,8.4,0
95.8,68.1,2563,6.3,109.4,198,88.8,18.5,0
93.9,81.9,5809,6.5,67.5,75,75.0,10.88,0
97.6,63.0,9713,7.6,110.3,44,88.2,8.8,0
98.3,68.2,11838,7.3,91.6,68,72.4,13.1,0
97.01567823079618,76.9,10132,7.2,56.0,25,83.4,11.0,1
95.4,66.3,4984,7.7,74.2,25,84.7,11.4,0
98.9,89.4,10210,7.2,92.1,41,64.1,21.6,0
98.6,72.3,6565,7.4,101.3,25,82.6,18.0,0
97.6,68.6,11589,6.2,82.4,82,65.5,22.2,0
94.3,69.6,6983,7.9,62.1,25,81.3,15.9,0
98.0,75.0,5250,7.1,32.3,75,65.0,6.95000000000005,1
99.6,59.3,7578,7.6,92.0,25,97.8,16.8,0
96.1,67.5,9881,8.0,94.4,42,76.1,12.5,0
93.9,77.2,5539,8.2,70.0,28,87.1,18.0,0
97.5,65.4,5465,7.2,85.1,25,80.5,3.7,0
95.8,73.1,8622,7.8,111.6,49,75.0,21.3,0
96.1,69.0,4933,8.2,96.0,29,76.2,14.8,0
97.4,72.5,7534,5.0,104.7,80,57.0,17.0,0
96.1,70.2,11997,7.1,93.1,25,95.6,5.3,0
97.0,78.8,8796,8.0,117.6,87,58.0,24.9,0
92.4,100.0,2805,5.0,77.7,25,74.0,15.9,1
97.4,90.0,7938,8.2,109.4,25,81.1,19.0,0
91.5,80.1,415,6.7,88.4,75,88.0,6.60000000000002,1
95.7,53.6,6573,7.8,94.7,35,91.7,8.5,0
98.4,81.7,6911,7.3,101.8,25,88.9,9.2,0
94.6,79.9,2305,7.1,79.3,38,77.7,9.8,0
91.3,109.6,3545,6.2,63.1,25,88.2,2.6,1
97.7,69.3,4012,6.4,74.0,25,77.5,11.8,0
90.2,102.7,2505,6.0,42.7,69,93.3,15.4,1
97.6,76.8,5420,6.3,110.0,25,76.0,11.72,0
97.15713771555274,103.4,2210,5.3,57.4,76,100.0,6.4,1
95.7,86.7,5905,6.0,118.8,25,73.0,20.22,0
98.6,71.6,9113,8.1,86.6,74,93.6,12.5,0
97.2,82.9,5079,7.6,113.2,78,81.9,20.9,0
93.1,65.8,2567,7.7,53.5,28,100.0,4.6,1
95.0,67.5,2000,6.2,104.5,28,85.1,14.1,0
98.3,71.1,2113,7.1,112.0,105,79.7,21.1,0
97.4,71.0,7093,6.6,110.6,82,78.6,23.5,0
90.5,95.3,3842,5.5,67.0,25,85.1,11.2,1
95.4,81.5,7645,7.5,84.6,25,90.4,15.7,0
95.4,89.4,6878,6.9,76.1,25,81.8,11.7,0
95.4,75.8,6023,7.2,120.0,30,63.9,18.3,0
97.1,81.9,2062,7.8,96.2,45,99.8,14.5,0
95.9,80.6,5808,6.0,106.9,25,77.0,8.5,0
92.7,96.0,2256,5.2,80.1,33,95.2,13.3,1
99.4,76.0,7532,7.1,93.2,25,88.9,14.0,0
97.5,62.4,4668,7.2,111.4,87,29.0,34.0,0
97.1,84.0,5872,6.6,119.4,25,86.0,20.68,0
97.8,75.4,5243,7.1,86.2,25,84.3,13.3,0
94.3,73.7,8317,7.4,51.4,65,79.8,12.4,1
93.7,71.8,8826,6.9,85.0,25,90.6,6.0,0
93.0,97.5,2875,5.0,76.6,27,89.2,17.2,1
99.4,81.9,6443,5.1,81.7,177,66.8,5.0,0
97.1,74.1,8321,6.2,96.4,33,95.4,1.1,0
92.1,90.9,3758,6.4,84.4,25,79.2,6.6,1
96.7,73.1,10247,6.9,83.6,88,94.8,9.7,0
96.0,80.6,5981,5.9,93.3,75,96.0,15.37,0
98.1,72.2,5803,8.3,91.0,72,66.5,7.4,0
94.0,60.6,6239,8.4,69.1,26,89.0,8.7,0
97.9,73.1,3467,6.1,96.6,27,64.7,21.0,0
99.2,90.0,9188,6.9,85.3,36,88.6,12.6,0
99.2,76.6,3255,7.8,91.8,25,61.6,7.1,0
93.2,63.9,8538,7.1,63.8,32,100.0,6.3,0
94.7,60.8,9627,7.6,63.3,45,89.0,14.7,0
95.9,67.9,6956,6.2,78.6,34,95.4,14.0,1
95.7,62.7,4083,7.3,109.5,25,64.2,17.2,0
97.8,83.5,5556,6.3,96.2,75,77.0,22.33,0
98.8,74.5,7973,8.2,84.1,37,71.6,9.1,0
99.3,64.4,6187,8.1,120.0,45,75.6,13.8,0
96.11992794883926,80.3,5504,6.6,41.0,25,93.0,5.82000000000005,1
96.4,58.8,9337,6.6,84.4,25,82.2,11.3,0
99.2,80.4,9953,7.6,117.9,25,87.9,4.3,0
97.9,78.8,5655,7.8,94.4,25,93.2,14.2,0
94.8,81.5,17356,7.2,65.0,25,67.0,21.39,0
97.8,59.9,10314,6.6,98.3,25,85.6,2.4,0
96.4,82.5,5426,6.7,81.5,25,63.5,14.0,0
94.2,78.6,7732,6.4,57.9,25,89.0,12.59,1
93.8,66.5,6271,7.0,72.3,56,73.8,12.6,0
94.9,80.9,5619,6.4,79.7,25,93.0,0.920000000000016,0
96.0,77.1,5879,6.7,75.8,125,71.0,6.76000000000005,0
96.5,65.4,7350,6.7,62.1,36,83.3,18.0,0
99.9,89.1,7385,5.6,107.7,25,95.1,14.5,0
96.9,62.6,7917,8.2,86.4,25,99.6,11.1,0
97.4,71.8,7405,6.8,89.3,87,87.0,12.3,0
96.4,62.6,6788,8.4,110.0,26,74.4,20.6,0
96.4,62.6,4871,6.5,75.0,77,72.0,19.9,0
96.6,68.9,8518,9.5,90.4,70,67.4,25.9,0
99.3,65.6,2714,6.6,98.1,78,79.7,10.1,0
96.3,75.4,4675,7.3,115.4,31,76.2,10.7,0
91.4,94.5,3452,5.1,61.8,75,93.2,12.3,1
91.6,73.5,1394,6.3,93.1,25,80.0,5.69,1
93.3,82.2,9469,7.7,53.7,42,93.5,12.8,1
95.5,81.5,2524,7.7,78.6,135,85.5,-0.1,0
93.0,85.2,5025,6.5,71.8,27,81.1,12.3,0
95.0,81.5,6007,6.0,77.8,25,94.0,2.46000000000004,0
92.9,95.3,3156,6.2,93.4,25,98.7,2.4,1
98.1,52.6,9970,7.8,89.1,25,90.3,0.4,0
97.1,61.2,6834,8.4,89.4,37,74.2,4.5,0
96.3,59.0,6881,8.1,112.6,25,74.9,24.8,0
95.9,69.3,4793,6.9,96.9,25,98.4,4.2,0
99.6,88.6,4076,8.1,111.1,25,62.4,19.1,0
93.8,81.4,6025,5.8,74.3,25,62.0,21.8,0
99.9,87.3,6074,5.9,101.7,25,83.0,17.03,0
98.7,71.2,6602,7.5,98.0,25,74.3,10.9,0
91.3,109.8,983,3.7,47.9,25,94.6,17.5,1
96.0,87.3,8492,6.4,78.0,28,79.6,15.8,0
93.4,80.8,2418,8.3,70.0,25,77.2,3.4,0
98.1,80.9,8191,5.8,90.2,35,87.0,13.9,0
92.7,99.5,3804,5.3,93.0,133,76.9,4.8,1
94.2,74.9,7723,7.9,66.9,31,95.0,12.5,0
97.7,66.0,5280,8.7,80.3,80,79.2,18.2,0
96.9,89.5,5498,6.1,91.9,25,73.0,15.52,0
94.1,68.7,5770,6.5,56.4,25,87.3,2.9,1
94.3,89.4,5200,6.3,61.0,25,79.5,4.1,0
97.4,61.1,8184,7.6,120.0,85,80.7,22.5,0
92.0,93.7,3901,5.3,103.2,31,81.9,15.1,1
98.1,74.7,10241,8.1,81.9,54,96.1,14.1,0
96.3,73.7,7363,6.6,67.7,25,93.4,13.3,0
97.0,74.2,8125,5.8,112.0,29,81.4,19.2,0
92.7,79.6,1393,5.6,90.9,25,86.0,14.74,1
99.2,77.3,7438,10.0,93.9,30,81.0,10.0,0
95.7,70.3,3031,6.9,87.3,25,86.6,0.4,0
98.8,58.9,3112,7.1,112.7,25,93.9,13.4,0
98.0,75.0,3464,4.7,46.7,25,94.7,9.9,1
95.6,69.3,4134,8.1,120.0,33,65.0,20.2,0
93.3,111.1,3997,7.0,104.5,25,96.4,8.2,1
98.9,74.8,5278,7.7,97.1,25,96.9,14.5,0
97.2,74.7,11877,8.2,79.6,25,93.1,13.9,0
90.4,91.5,4802,8.7,54.6,25,71.0,14.14,1
93.0,78.1,8758,8.2,62.1,25,92.0,19.9,0
92.7,67.7,7370,6.6,65.6,83,95.1,7.5,0
93.8,80.1,2234,7.5,66.6,64,78.4,1.5,0
95.5,88.4,8156,7.7,82.6,25,80.3,4.1,0
97.1,90.4,6126,6.4,85.2,75,89.0,14.89,0
96.6,71.1,7364,6.8,86.0,60,96.7,4.4,0
92.6,78.4,840,6.6,89.3,25,92.0,9.83000000000004,1
92.7,82.5,5564,6.1,59.7,30,72.5,3.5,1
99.9,71.2,6109,5.9,109.6,74,61.9,25.5,0
97.1,77.5,11831,6.6,114.0,25,95.7,10.2,0
95.3,75.9,5282,6.9,88.7,27,85.4,16.7,0
99.2,75.8,7832,7.1,105.2,25,80.5,12.6,0
89.4,107.5,1601,3.8,46.3,25,92.1,8.5,1
97.5,69.8,10047,6.2,100.1,75,93.1,6.5,0
96.3,76.0,8295,7.1,112.1,33,92.6,15.9,0
94.8,92.1,5366,5.8,53.4,25,81.0,11.27,1
98.3,70.2,9095,7.6,102.4,66,47.1,29.9,0
90.6,82.2,1501,2.6,52.3,75,93.0,11.26,1
89.2,97.9,2562,5.3,43.2,25,95.9,15.8,1
98.1,71.8,4351,7.7,85.5,53,61.9,20.4,0
89.8,92.4,1871,4.8,62.7,33,82.2,10.1,1
96.0,64.4,7485,6.6,110.8,30,75.9,11.3,0
96.3,77.6,6603,6.1,88.4,53,59.7,17.4,0
97.1,72.3,5920,7.8,104.1,68,68.1,18.1,0
94.7,73.6,8433,8.5,65.8,25,91.8,16.7,0
96.1,83.5,5739,6.7,75.6,125,96.0,7.45000000000005,0
91.9,84.5,4920,7.0,61.6,175,87.0,21.15,1
99.4,67.5,9126,7.7,91.8,93,58.4,23.0,0
100.0,85.3,5731,6.4,108.6,75,63.0,26.84,0
99.2,76.4,4818,8.0,79.5,25,72.1,7.4,0
91.5,102.0,2831,6.0,78.4,34,85.4,16.2,1
93.9,80.0,8068,7.6,69.7,44,97.2,15.1,0
96.5,78.2,4784,7.2,83.2,25,90.8,14.9,0
96.2,68.7,5191,8.1,109.1,28,73.4,21.1,0
96.5,71.3,7535,7.9,80.1,69,80.5,18.0,0
93.3,83.6,3180,6.0,94.4,35,93.8,4.7,1
91.3,101.5,4113,4.4,64.0,39,90.3,13.0,1
97.3,63.1,9654,7.1,89.0,40,83.0,12.5,0
93.5,70.9,10842,6.5,61.0,31,87.4,6.7,0
97.7,58.8,7808,7.8,86.4,36,80.6,17.1,0
99.3,83.0,6131,6.1,94.8,25,89.0,12.61,0
97.9,79.4,1376,9.8,86.4,25,75.0,19.25,0
97.4,73.3,10853,8.0,87.3,84,88.8,18.2,0
99.7,79.1,8023,6.5,113.5,34,42.9,25.5,0
93.9,81.6,6550,7.9,67.4,25,96.0,9.6,0
90.2,80.5,5766,6.5,48.1,25,77.0,5.92000000000002,1
93.1,108.9,3751,5.5,85.5,43,89.8,13.8,1
96.77382630723478,88.0,5948,6.8,56.0,25,86.0,11.22,1
99.9,68.6,6148,7.2,96.9,32,96.9,18.3,0
94.7,87.8,11090,7.2,82.7,31,80.9,17.2,0
99.0,78.3,7983,6.8,95.9,25,86.4,15.5,0
94.9,79.0,6164,9.1,92.7,25,76.6,10.9,0
98.8,79.1,6884,6.9,89.8,32,85.8,9.5,0
99.3,68.3,5794,6.7,107.8,28,73.7,19.0,0
92.9,64.2,6894,6.2,56.9,25,81.1,6.4,1
98.4,70.1,5828,5.6,94.8,31,76.3,14.2,0
96.2,74.4,12751,8.1,103.4,37,81.3,13.1,0
99.1,74.8,4985,7.6,116.7,25,84.7,21.9,0
96.0,84.2,9569,6.8,79.9,25,83.7,12.8,0
92.5,91.7,6443,6.0,88.9,25,69.0,18.05,1
89.4,100.7,2912,5.3,49.4,25,90.7,5.5,1
96.75017538429836,100.7,1230,3.9,38.2,25,75.3,15.0,1
96.5,72.9,6783,8.0,93.8,25,80.7,15.2,0
97.6,84.7,5673,6.4,87.0,75,67.0,20.93,0
98.4,83.2,6139,8.2,111.8,25,94.6,6.9,0
92.2,93.3,4124,4.7,81.6,25,88.5,14.9,1
97.0,79.2,9997,7.9,86.9,73,74.7,19.6,0
99.1,66.0,9123,8.2,82.5,35,60.5,19.2,0
96.4,54.5,3000,7.5,86.6,124,95.6,9.3,0
92.1,52.1,6029,6.7,62.5,33,81.0,9.3,0
92.3,65.1,4645,7.3,73.5,94,53.1,19.6,0
91.3,94.0,2797,5.1,65.4,25,78.7,16.7,1
92.7,86.3,9519,6.6,64.2,75,85.0,10.68,1
89.7,102.5,2519,4.1,47.0,25,100.0,12.4,1
96.1,60.2,7572,5.7,92.7,171,62.3,27.4,0
96.1,64.7,3551,8.7,73.6,25,85.1,6.2,0
96.6,85.2,10633,6.8,90.6,25,72.4,6.5,0
96.3,83.4,9783,5.4,95.6,34,98.6,17.3,0
96.2,83.4,5641,6.3,107.3,25,79.0,12.76,0
89.3,108.8,554,3.0,38.5,26,75.9,11.0,1
92.1,71.1,6644,8.3,65.9,25,79.0,18.7,0
94.7,73.7,7442,6.3,66.1,26,76.8,1.0,0
96.7,72.4,8293,7.3,63.1,46,87.7,17.7,0
93.7,79.3,6122,8.3,63.8,72,93.4,3.2,0
93.3,75.8,7003,7.5,67.5,25,77.3,17.5,0
98.4,69.1,4240,7.7,100.7,32,100.0,15.9,0
98.8,63.9,7543,8.6,94.5,25,91.6,14.5,0
99.1,63.7,8487,6.1,111.4,25,89.6,15.3,0
99.1,60.9,7612,7.1,85.3,25,88.6,12.3,0
96.1,82.2,6978,7.9,83.5,43,84.6,17.1,0
98.0,71.9,10476,7.9,94.6,42,79.8,15.0,0
96.4,67.7,2000,7.0,81.2,26,84.6,19.5,0
97.9,69.0,4506,8.3,85.1,28,81.6,18.8,0
96.1,77.7,4749,7.8,85.5,182,62.4,24.4,0
92.8,100.7,2562,5.6,89.4,29,87.8,13.8,1
99.3,66.7,7711,7.3,90.7,25,82.7,16.5,0
99.0,65.9,10655,6.8,95.2,28,83.2,15.4,0
96.1,61.5,4559,7.6,120.0,56,58.8,29.5,0
98.0,63.7,7253,6.8,79.5,38,73.5,3.1,0
93.3,80.4,6062,5.8,79.4,25,93.0,2.55000000000001,1
96.8,70.8,8906,8.3,92.8,25,89.5,8.3,0
97.1,75.2,7840,8.1,77.6,27,96.3,6.5,0
92.1,72.7,4550,6.0,64.0,25,95.3,16.8,0
98.5,89.0,7302,6.8,110.0,25,60.9,13.7,0
97.6,74.5,5904,8.5,110.3,76,42.9,28.8,0
98.0,59.9,7162,6.7,92.2,25,86.9,14.2,0
98.0,51.5,9902,9.1,87.9,25,100.0,20.1,0
92.3,101.2,2546,4.4,115.2,71,74.1,14.8,1
95.6,66.1,7432,6.3,81.4,28,84.5,7.8,0
94.7,79.2,9817,6.1,53.1,84,67.7,1.3,1
98.4,66.2,7629,6.1,108.3,25,56.1,21.5,0
95.6,76.0,358,2.4,80.5,25,87.0,14.47,0
97.1,71.7,3998,6.6,79.3,25,84.4,8.2,0
98.8,66.0,8914,7.9,109.8,26,73.9,9.3,0
90.6,80.5,5036,6.8,50.1,75,86.0,14.84,1
97.0,74.1,8496,7.2,67.6,65,91.3,13.9,0
94.7,73.8,5292,6.5,65.0,186,100.0,8.4,0
93.1,77.1,6521,6.1,79.7,25,95.0,11.49,1
96.6,71.6,10114,6.9,93.5,27,93.6,14.8,0
92.7,55.1,6608,6.4,62.8,27,85.1,0.3,0
95.5,73.2,9976,6.2,96.1,34,79.9,15.6,0
95.9,56.3,3153,6.1,75.2,26,97.2,16.9,0
97.3,50.1,6844,7.2,89.1,25,86.2,17.3,0
96.1,77.2,6127,7.8,75.7,25,92.8,12.1,0
98.0,75.0,1960,3.1,49.1,25,79.2,17.3,1
91.2,102.5,3621,5.3,115.0,83,96.3,17.9,1
98.0,75.0,7113,6.7,55.0,175,100.0,3.69,1
98.3,78.3,7638,7.6,88.9,25,75.0,19.5,0
91.6,80.2,5684,6.3,48.8,25,76.0,17.46,1
98.2,76.7,10169,5.0,118.3,25,68.5,14.9,0
98.3,72.0,7057,8.5,112.2,58,77.3,22.7,0
92.2,89.3,3099,5.5,88.8,77,91.8,15.2,1
99.2,78.4,4408,5.6,120.0,26,79.3,14.1,0
92.4,98.4,3265,5.6,81.0,29,93.7,7.9,1
97.2,50.0,8292,6.1,120.0,43,69.2,22.3,0
96.82014513914856,109.5,603,4.3,38.8,25,84.2,18.2,1
96.6,83.2,16987,7.1,95.1,125,97.0,4.10000000000002,0
98.9,80.4,5746,7.1,88.5,81,100.0,12.2,0
99.2,84.2,5621,5.6,93.1,25,92.0,11.33,0
97.0,63.5,6650,6.7,87.2,44,94.8,6.6,0
96.3,86.2,5419,7.1,79.8,25,81.0,9.07000000000005,0
99.2,74.8,5033,8.5,120.0,33,82.0,15.2,0
92.1,99.3,2517,5.3,81.4,25,100.0,11.9,1
98.7,81.7,9285,7.4,107.6,45,61.4,22.2,0
97.0,81.9,10299,9.3,80.8,30,99.6,10.8,0
92.4,95.4,5580,5.9,60.1,25,77.0,4.88,1
91.2,101.0,1620,3.7,41.4,25,85.3,12.5,1
98.4,67.0,5568,7.7,103.5,25,51.9,15.6,0
93.8,67.1,7194,6.6,66.3,25,62.4,21.8,0
98.7,72.2,3708,7.1,75.8,29,78.0,13.4,0
92.3,65.2,6059,7.6,67.4,25,97.3,17.7,0
93.7,77.0,4843,6.3,77.3,113,74.3,5.8,0
97.8,79.0,5209,7.4,78.6,36,74.8,13.4,0
91.5,96.0,1317,5.3,94.8,25,92.2,15.1,1
92.9,79.5,5682,6.2,88.9,25,89.0,19.17,1
92.1,64.4,4458,7.7,70.5,25,96.7,1.8,0
92.8,69.7,10079,6.4,70.2,76,55.2,29.7,0
98.2,72.4,5826,6.5,94.2,75,97.0,12.84,0
96.9,86.9,7098,6.8,94.6,25,69.3,15.3,0
95.4,85.4,6400,6.4,75.0,75,85.0,4.06,0
98.4,65.4,3768,7.3,117.0,25,83.5,16.7,0
92.2,82.3,5739,6.5,69.2,25,96.0,8.47000000000003,1
97.9,64.0,6683,6.8,108.3,25,84.4,16.6,0
93.4,82.5,1621,4.7,92.4,25,90.0,13.79,1
89.9,86.4,19457,5.2,54.5,25,90.0,5.77000000000004,1
89.2,68.2,54,3.7,56.7,25,86.0,2.74000000000001,1
95.6,85.5,6333,6.3,79.7,25,84.0,7.73000000000002,0
98.6,84.3,3539,7.0,83.3,39,77.3,17.8,0
92.8,78.7,972,6.9,98.0,25,92.0,13.03,1
95.7,67.2,7580,6.8,81.9,25,90.1,17.7,0
93.9,76.2,4586,8.3,80.5,77,100.0,7.8,0
94.5,77.3,6508,8.5,67.9,28,91.4,9.9,0
97.6,65.3,6032,6.3,93.7,25,96.6,2.0,0
98.0,75.0,5561,6.2,44.0,25,74.0,17.93,1
94.6,84.5,8264,8.7,74.8,25,75.6,4.0,0
99.0,80.3,9167,8.4,88.6,30,89.4,14.5,0
95.5,82.4,5898,6.5,88.6,25,72.0,16.73,0
91.6,99.3,1979,6.2,56.4,25,88.7,3.7,1
94.6,84.0,5588,7.1,73.5,35,87.7,10.8,0
96.9,66.4,5830,7.7,92.7,27,86.5,2.1,0
97.2,60.4,4332,7.9,87.1,36,96.3,0.7,0
90.4,107.1,1552,4.4,56.8,25,98.0,3.8,1
90.6,105.3,1715,4.6,47.9,47,82.7,10.2,1
98.6,54.0,7079,7.1,84.7,25,85.2,17.8,0
97.8,76.6,9191,6.7,95.9,34,92.0,10.2,0
96.4,69.5,7269,8.4,88.2,200,83.8,17.9,0
93.4,71.0,5635,6.1,69.7,25,91.7,12.3,1
96.7,67.9,7936,7.2,81.3,46,96.8,19.4,0
96.0,76.2,8163,7.1,80.0,26,83.3,18.3,0
94.6,75.1,9173,8.6,68.3,81,95.3,7.6,0
97.2,79.8,8795,5.4,109.5,25,99.5,18.3,0
92.3,70.5,7424,6.7,68.5,62,72.5,23.7,0
97.2,62.2,9463,8.2,115.7,25,75.2,15.7,0
96.3,77.6,6555,8.3,102.8,29,74.2,25.4,0
94.8,71.8,9530,7.8,60.1,25,85.2,17.5,0
99.2,66.8,2206,6.2,97.8,25,84.0,7.25,0
88.3,114.1,408,3.7,25.0,41,90.4,11.0,1
97.3,67.2,5739,6.9,78.3,29,76.0,20.3,0
92.0,63.9,6010,6.0,73.8,25,94.5,13.4,1
99.1,69.8,2398,6.0,90.8,25,94.0,8.24000000000001,0
95.1,76.0,7257,7.3,86.2,25,95.8,1.3,0
97.3,72.8,9178,7.6,99.6,25,81.2,17.9,0
92.3,85.9,18621,7.5,65.0,25,79.0,10.98,0
97.0,71.9,9627,8.2,83.6,86,84.9,15.1,0
99.4,79.1,10092,7.4,76.8,66,84.1,11.7,0
90.4,97.6,3524,6.3,67.0,25,90.3,8.1,1
91.2,105.6,3285,5.9,69.6,25,77.6,19.8,1
98.4,68.2,8462,7.6,87.2,46,71.0,15.7,0
96.1,80.8,5412,8.3,73.2,26,81.7,6.8,0
96.1,70.1,6355,8.2,112.8,38,68.8,18.1,0
96.2,68.5,5739,7.3,92.0,97,100.0,-3.0,0
97.9,84.1,6172,6.2,109.6,25,80.0,9.70000000000005,0
97.9,74.8,10871,5.9,87.8,25,65.8,14.7,0
98.7,53.9,11971,7.1,94.9,44,89.6,5.8,0
91.7,101.7,3820,6.3,88.8,25,98.0,16.6,1
96.2,73.2,7931,6.0,88.4,69,94.0,-1.6,0
96.50658503099373,74.1,9007,7.8,58.4,28,97.4,7.9,1
98.0,79.0,5385,6.0,95.5,25,75.0,17.49,0
96.2,67.9,4250,8.5,116.6,25,63.3,19.1,0
96.0,65.3,7808,6.0,86.7,67,91.4,13.0,0
96.3,57.7,7687,5.3,110.3,25,85.0,15.4,0
91.4,82.9,5685,6.3,53.8,25,88.0,17.85,1
97.4,71.6,5707,7.3,111.4,28,91.4,14.3,0
99.0,71.1,8664,8.7,92.0,25,90.4,16.1,0
95.3,56.3,5731,8.1,89.0,85,66.9,22.4,0
92.2,74.0,646,8.4,94.0,75,85.0,15.2,1
95.6,67.2,6043,7.2,84.1,25,74.1,17.3,0
92.4,81.3,5436,6.2,109.1,25,88.0,13.8200000000001,1
92.4,86.5,5952,5.9,62.2,25,83.0,10.49,1
96.4,77.0,7938,7.6,105.8,71,97.2,13.9,0
94.2,73.0,4751,8.5,81.6,25,76.4,8.7,0
100.0,79.8,5866,6.3,112.6,75,50.0,28.79,0
97.3,84.3,2000,7.2,80.5,30,96.3,17.0,0
95.8,69.7,7866,6.7,81.5,38,79.7,18.8,0
97.6,76.2,5587,6.4,92.5,25,95.0,14.69,0
98.0,73.2,4043,7.3,114.8,38,70.9,17.0,0
97.5,84.5,8327,8.1,100.7,32,80.7,14.7,0
96.5,79.0,5638,6.2,118.2,25,93.0,7.30000000000001,0
98.1,75.5,9991,7.6,112.8,25,75.4,1.2,0
98.4,60.9,4358,8.5,75.7,153,92.7,2.9,0
96.9,87.6,3762,9.4,113.8,56,89.5,18.6,0
91.3,112.7,492,4.2,36.8,25,87.9,3.0,1
89.9,99.9,1452,4.8,35.8,26,100.0,16.0,1
93.4,64.8,7069,9.1,60.1,25,86.4,6.0,0
95.7,71.3,5585,7.5,89.7,26,80.8,15.5,0
99.3,66.5,11842,8.2,93.3,76,62.0,25.4,0
95.1,72.0,6466,6.7,105.4,93,85.6,14.2,0
98.8,66.3,6223,6.1,85.2,63,100.0,9.5,0
98.7,66.9,6435,7.9,120.0,25,58.8,18.3,0
94.6,90.0,5918,6.6,64.3,30,87.2,3.9,0
94.2,66.8,13205,6.5,70.7,74,66.6,20.8,0
95.54578439148581,95.6,850,4.9,51.1,69,100.0,13.2,1
97.1,83.9,5916,5.7,109.6,25,66.0,13.23,0
96.4,72.7,9841,7.9,104.6,26,97.0,16.5,0
95.6,64.3,5247,7.1,78.6,26,80.6,10.0,0
96.8,70.4,9905,6.7,91.7,25,93.8,13.6,0
92.7,104.2,2191,4.2,58.3,25,83.5,10.1,1
97.8,73.8,3489,7.7,79.7,25,75.8,17.5,0
95.7,65.0,4180,8.3,81.2,96,87.8,5.0,0
99.4,61.4,6736,6.5,96.7,25,100.0,14.7,0
97.7,55.5,7981,7.3,97.3,32,95.0,17.2,0
97.2,72.3,5876,6.7,119.6,25,80.3,15.2,0
95.35325324867043,81.4,1672,4.7,51.8,75,93.0,16.83,1
98.5,68.0,7625,8.7,112.5,25,61.4,25.8,0
93.3,64.0,7103,7.8,67.7,37,77.0,21.2,0
96.3,65.8,8590,6.6,95.2,55,78.9,14.7,0
96.1,67.1,5553,7.8,75.1,71,89.8,19.2,0
92.4,86.8,3900,5.5,97.6,25,91.2,0.9,1
98.3,57.2,8263,6.6,80.9,25,60.2,3.9,0
98.6,76.1,8873,7.1,94.3,25,89.9,9.9,0
94.3,80.5,5559,6.3,76.7,25,87.0,11.5,0
90.4,73.9,5812,6.9,49.1,25,75.0,16.14,1
91.2,85.5,3001,4.5,69.1,25,61.2,20.9,1
95.1,74.8,6067,7.1,87.1,25,75.5,17.5,0
95.4,66.7,9403,8.3,76.9,115,89.9,-0.8,0
98.0,75.0,1563,4.6,59.4,25,94.0,14.7,1
92.9,71.4,9433,6.7,66.5,43,80.7,4.7,0
95.7,69.1,8193,7.7,67.8,25,80.6,14.8,0
95.0,66.8,7042,7.5,74.8,86,85.6,9.8,0
96.7,74.1,7613,6.4,82.4,25,79.7,13.8,0
91.4,93.1,1552,6.1,57.6,25,82.6,2.9,1
91.7,87.2,5751,6.4,64.8,25,85.0,13.38,1
99.4,60.4,6099,7.7,95.6,25,77.2,18.2,0
98.0,75.0,1980,5.7,57.0,86,82.9,1.8,1
99.6,71.5,6613,6.2,88.5,76,91.3,17.5,0
98.0,79.5,6577,6.5,107.6,35,70.5,11.6,0
97.0,76.7,6240,6.3,99.2,80,81.1,16.0,0
99.4,65.7,7309,7.9,102.1,32,91.2,10.7,0
93.2,92.8,3776,5.6,96.0,33,81.9,3.9,1
96.35731854839808,73.4,6397,8.0,58.9,25,81.9,12.5,1
99.6,58.4,10730,7.0,109.7,33,53.1,22.6,0
97.4,61.2,8378,7.0,91.5,25,83.4,21.0,0
98.3,86.8,4278,9.8,91.6,70,62.7,19.9,0
92.9,105.8,2744,4.7,95.9,26,84.0,10.8,1
95.2,72.6,6206,8.5,82.1,25,93.8,12.1,0
99.0,61.7,7827,7.4,72.9,25,73.1,6.8,0
92.9,84.7,6130,5.9,86.7,75,67.0,20.68,1
92.9,72.1,8702,7.1,62.1,120,91.0,10.6,0
92.9,61.3,9757,7.6,54.2,30,94.8,5.2,1
91.8,104.8,2040,5.4,79.6,44,92.5,17.0,1
99.2,63.7,9489,8.0,101.1,25,90.7,10.1,0
96.0,75.9,10693,6.9,120.0,31,75.4,23.2,0
96.8,68.8,5889,7.0,104.4,32,61.6,18.4,0
96.6,59.1,5390,8.4,101.6,25,82.7,8.0,0
96.7,64.7,10594,8.3,75.0,66,93.8,5.1,0
96.9,69.9,7483,7.7,81.0,166,97.4,1.4,0
91.7,83.9,5713,6.3,56.8,25,84.0,7.10000000000002,1
97.6,89.9,11031,6.8,82.8,25,77.0,9.1,0
92.8,84.7,5448,7.4,74.3,62,78.0,21.5,0
92.0,99.6,3428,5.1,95.2,41,80.6,17.5,1
89.2,112.4,2311,5.0,56.6,171,84.8,16.8,1
95.4,76.8,4851,6.5,81.6,48,87.6,6.3,0
95.9,67.6,6773,7.9,75.4,87,88.3,11.3,0
96.4,69.8,12926,6.7,80.9,55,84.5,5.7,0
94.3,67.3,7256,7.1,71.2,25,89.0,10.2,0
97.0,72.6,5929,8.1,103.2,74,92.3,16.6,0
97.6,72.3,9519,7.0,84.6,61,72.7,17.9,0
92.7,81.6,7185,7.7,81.0,76,81.7,5.6,0
93.9,66.7,7754,8.3,67.5,25,93.9,9.5,0
98.7,55.3,4527,6.7,89.6,30,80.1,16.1,0
92.1,80.3,1777,7.2,93.1,25,93.0,14.51,1
95.4,71.7,9724,8.5,74.0,40,85.3,7.1,1
93.8,91.0,5723,5.8,76.9,75,80.0,2.43000000000001,0
97.1,55.5,4339,6.6,94.1,45,90.8,4.3,0
99.1,64.0,9964,7.4,83.7,41,90.7,14.4,0
98.0,75.0,2903,5.3,46.7,25,90.9,3.1,1
98.8,71.7,10307,6.6,98.2,33,87.1,16.5,0
99.5,72.7,8618,8.5,92.3,29,99.0,8.7,0
97.7,72.1,6819,7.6,91.7,25,74.0,20.6,0
98.9,84.8,8668,7.9,93.1,65,87.9,0.9,0
96.2,73.6,8795,8.2,120.0,25,82.7,19.5,0
99.4,63.7,9475,7.2,96.1,35,88.6,13.1,0
98.2,79.8,4860,7.7,86.0,25,80.6,15.0,0
97.0,83.7,6200,6.4,109.6,25,80.0,8.96000000000004,0
95.8,84.0,8767,5.9,96.3,25,89.1,4.9,0
95.45761712874278,109.8,2136,4.8,52.5,71,70.7,0.3,1
93.3,93.4,2391,5.9,74.0,25,97.9,15.4,1
91.7,98.2,4044,5.1,82.0,25,80.9,17.3,1
92.3,99.0,2064,6.6,98.6,54,100.0,14.2,1
89.2,86.9,1966,1.8,54.3,75,93.0,10.01,1
96.2,72.2,6745,7.1,86.2,30,81.0,15.6,0
93.3,78.9,7412,5.6,67.9,30,88.8,4.6,1
96.7,77.3,6607,8.4,80.1,25,78.5,16.8,0
94.3,78.7,9881,6.7,73.5,25,77.2,15.3,0
98.0,65.7,6763,7.3,96.3,25,72.2,22.5,0
95.6,68.2,6560,7.6,114.3,27,95.2,6.2,0
98.0,75.0,1623,4.0,52.5,25,92.5,1.5,1
94.7,90.0,3957,7.2,71.4,25,76.1,17.2,0
93.0,82.5,779,2.2,89.3,25,82.0,15.09,1
95.6,82.9,5980,7.6,111.6,26,100.0,7.7,0
95.1,61.2,4773,7.1,69.7,173,89.6,8.0,0
96.1,90.0,7922,7.7,79.8,25,73.9,9.3,0
98.5,77.4,5272,7.7,88.0,33,91.9,13.0,0
92.8,106.1,3540,5.4,61.8,73,94.4,11.0,1
89.1,88.5,2229,4.1,47.6,25,68.5,20.0,1
92.8,66.6,9673,6.3,56.7,25,73.9,18.5,1
96.5,69.4,10372,7.3,88.9,25,72.6,5.7,0
97.1,85.9,7028,6.6,109.8,113,39.8,26.8,0
91.6,98.6,3576,6.3,60.4,42,89.2,12.4,1
96.2,71.9,4585,7.1,91.1,91,77.0,10.4,0
91.0,79.6,5755,6.8,59.4,25,87.0,16.03,1
98.8,59.9,3426,8.6,100.8,25,85.0,9.9,0
98.1,71.4,9332,7.3,108.1,65,63.5,13.2,0
99.4,90.0,8519,6.0,106.7,96,45.2,25.4,0
95.4,86.0,12061,7.9,77.4,30,89.6,10.9,0
97.6,55.7,9630,7.6,120.0,87,53.8,27.8,0
98.7,84.0,8342,6.8,85.6,26,75.3,12.0,0
94.0,65.4,4695,6.0,69.3,37,90.3,0.2,0
96.8,80.3,11645,6.6,116.8,25,75.5,5.6,0
94.9,67.3,5211,5.9,72.2,25,58.6,20.9,0
92.0,60.2,2012,6.7,65.8,25,91.7,-0.3,1
96.0,83.7,4302,6.6,87.7,25,76.7,13.2,0
89.6,82.5,4008,6.2,50.3,75,81.0,12.3,1
96.4,59.6,2357,7.2,94.3,52,67.5,22.7,0
97.6,74.7,11100,6.4,77.9,25,78.2,0.5,0
96.4,88.9,9249,6.2,68.7,26,98.8,12.3,0
97.2,71.2,6763,6.9,104.0,42,79.3,9.0,0
96.4,78.9,6968,7.3,92.0,25,58.9,17.3,0
97.7,81.2,11666,6.6,95.2,25,83.8,10.9,0
98.6,72.2,8324,7.0,113.8,25,78.6,15.5,0
94.8,72.6,10373,6.8,61.8,32,72.3,6.0,0
96.8,72.0,7919,8.4,71.2,174,94.1,2.3,0
95.7,67.1,6457,7.7,102.0,25,85.8,6.0,0
97.7,86.0,7510,6.6,115.1,81,38.6,31.0,0
94.2,82.5,5847,8.0,79.2,27,91.6,8.7,0
98.8,63.2,10745,5.1,89.8,25,68.0,15.5,0
96.5,82.0,8856,7.2,84.8,62,59.7,14.6,0
99.1,74.2,8040,7.2,79.7,49,99.1,4.1,0
95.3,64.9,9994,6.8,95.8,25,88.2,14.2,0
97.7,75.5,4400,6.0,86.9,34,94.8,15.9,0
90.1,78.8,18112,7.2,41.0,25,72.0,20.45,1
96.80945632839916,87.3,8245,6.3,59.4,66,73.9,13.4,1
94.4,74.6,10986,6.0,64.0,29,87.8,2.1,0
98.6,65.8,9000,6.3,96.2,47,86.6,15.2,0
96.1,72.0,4002,5.7,79.0,192,78.8,10.0,0
95.6,65.8,6472,5.7,120.0,27,73.3,20.1,0
89.1,100.4,2783,3.6,54.4,47,96.1,9.5,1
96.2642736517775,78.6,6353,6.1,44.5,25,89.0,10.76,1
98.9,67.8,7381,7.1,112.9,49,77.9,18.5,0
95.1,61.7,5564,8.1,91.9,31,82.7,17.9,0
95.0,75.4,2161,6.6,77.5,53,83.1,21.5,0
98.5,60.7,7013,7.6,111.4,58,35.3,27.1,0
97.8,79.4,7731,7.8,73.7,25,90.9,12.1,0
99.4,69.5,7109,7.2,110.0,25,46.8,21.6,0
98.9,64.6,6237,7.6,111.4,35,97.2,3.0,0
94.8,88.7,3543,6.5,63.0,25,87.0,17.1,0
96.7,75.1,6737,7.2,84.4,25,73.2,14.5,0
97.9,56.8,3792,7.0,102.0,46,81.6,16.7,0
89.5,120.2,1676,5.2,54.0,28,89.5,17.4,1
99.4,66.8,3030,6.8,88.1,70,79.6,11.7,0
95.3,64.9,11875,8.0,81.3,84,92.4,10.8,0
95.3,78.0,9503,8.0,83.6,124,97.7,-1.4,0
99.8,76.1,7491,8.4,103.5,52,66.4,24.7,0
96.7,73.3,7767,6.9,96.7,25,84.8,17.2,0
91.8,93.3,3595,5.8,98.9,25,62.7,18.2,1
97.2,63.8,6393,7.8,106.3,33,66.4,19.4,0
95.20122943216528,111.4,1851,5.4,56.1,25,92.8,2.3,1
97.08995247163068,72.1,7741,8.1,53.9,25,58.1,16.5,1
98.9,84.8,4485,7.4,100.1,31,81.4,17.4,0
97.5,71.4,10745,7.0,87.8,33,84.2,21.0,0
97.5,69.2,3357,7.5,78.8,25,87.3,13.2,0
91.5,108.5,2100,6.1,56.5,28,100.0,16.1,1
99.3,79.7,9848,7.5,87.6,25,84.1,9.2,0
97.3,83.6,12554,8.2,116.1,28,82.1,12.3,0
96.3,72.9,8255,8.0,78.1,30,77.8,6.3,0
98.9,76.5,5926,7.2,90.5,25,94.2,10.2,0
97.0,78.4,6965,7.1,98.8,25,92.4,3.0,0
95.2,59.4,4456,8.1,86.9,166,70.6,21.2,0
98.9,67.2,6435,7.4,83.1,37,97.2,11.6,0
96.83436270630395,76.1,5851,6.4,57.1,25,96.0,15.02,1
93.1,80.5,5930,6.2,60.6,25,84.0,9.41000000000003,1
93.4,67.8,9068,9.1,63.5,25,78.2,12.7,0
97.3,74.2,5606,5.8,92.0,25,81.0,16.0700000000001,0
94.6,79.9,6827,8.1,74.4,25,90.9,8.0,0
99.0,78.6,4255,5.6,104.7,92,99.1,26.3,0
96.4,68.0,7652,7.2,114.8,28,78.9,14.1,0
96.2,89.4,5681,7.8,118.0,41,73.9,16.0,0
94.2,77.5,9965,7.1,51.6,85,95.6,15.8,1
99.2,74.0,7233,6.4,99.1,29,84.0,18.8,0
95.6,65.5,9706,7.7,97.4,25,82.6,16.5,0
98.6,68.7,9747,7.6,114.4,25,74.9,16.1,0
96.3,84.0,5091,6.1,76.8,25,63.0,14.39,0
99.1,68.2,9417,7.1,82.1,33,95.5,15.1,0
93.7,86.9,8323,8.2,70.4,37,90.2,1.6,0
92.9,69.1,5578,8.5,59.7,25,69.7,2.0,1
95.3,68.5,9007,7.9,94.4,25,86.9,18.7,0
98.0,75.0,2190,3.8,59.0,25,91.9,9.5,1
93.8,90.3,5993,6.2,79.4,25,93.0,11.79,0
92.3,94.4,3118,6.1,94.1,54,77.6,9.7,1
98.2,64.5,9712,8.3,99.8,27,88.9,14.5,0
98.8,70.5,5736,6.6,89.9,25,93.9,17.5,0
95.5,70.5,8309,7.7,83.3,25,77.0,12.2,0
99.0,86.1,10599,8.0,104.7,35,86.6,16.2,0
99.2,79.4,9223,7.4,85.1,45,93.8,12.8,0
96.2,83.1,5101,5.6,95.6,25,88.0,12.42,0
94.6,64.7,8387,7.4,69.2,43,90.0,11.2,0
99.0,61.9,4614,7.2,81.8,48,95.2,20.4,0
98.0,64.6,6577,9.0,88.8,35,76.5,15.3,0
91.9,89.3,2491,5.0,66.4,27,89.6,19.0,1
97.9,75.4,3921,6.7,86.5,25,79.7,16.2,0
99.3,68.8,10560,7.8,90.4,25,79.0,10.0,0
98.0,75.0,1767,3.5,45.6,42,94.0,18.6,1
94.0,69.6,8573,7.8,73.9,25,92.9,4.5,0
93.1,88.8,5324,6.0,62.5,125,92.0,16.06,1
96.4,67.0,3944,7.4,80.0,46,83.5,10.5,0
93.0,70.4,11380,5.6,72.3,25,81.1,17.2,0
99.2,73.1,5168,8.3,93.6,27,81.6,18.7,0
92.0,94.7,2653,4.8,66.3,173,88.1,23.2,1
91.8,78.7,5792,6.5,42.6,75,98.0,17.36,1
90.8,102.9,1785,5.2,50.6,32,97.5,9.9,1
90.6,86.1,5283,7.0,55.0,125,93.0,10.7,1
94.5,86.4,3436,6.6,62.0,25,73.3,8.4,0
91.0,99.8,2212,4.3,57.3,43,88.8,10.2,1
92.5,81.8,986,6.4,83.0,175,57.0,25.56,1
97.2,66.6,5469,6.5,106.5,57,88.0,18.8,0
99.1,61.8,7606,7.7,81.5,31,95.1,6.7,0
93.2,70.0,555,8.9,89.4,25,96.0,8.25,1
96.2,66.6,8679,7.1,82.3,25,76.9,15.5,0
91.9,102.1,2221,5.7,46.3,25,95.3,17.2,1
98.2,82.4,5556,6.4,90.7,25,87.0,4.96000000000004,0
92.4,90.6,2786,5.4,85.4,192,56.0,26.3,1
97.0,81.7,10229,7.1,88.2,40,69.5,6.6,0
99.5,52.2,7311,7.9,112.7,25,94.8,15.9,0
99.0,74.4,8876,7.2,102.1,25,84.4,8.5,0
96.4,71.4,7195,8.3,78.7,32,82.0,14.7,0
96.02545205509362,68.7,8394,7.2,54.1,25,73.4,18.5,1
94.0,82.2,10388,6.7,59.0,25,94.4,11.3,1
95.6,69.7,5181,7.0,85.1,28,63.5,21.9,0
99.3,83.7,7838,7.3,108.5,25,87.2,13.4,0
100.0,55.3,6366,7.1,91.4,72,59.8,21.4,0
96.5,74.5,2000,8.4,79.9,25,98.4,7.9,0
97.1,66.3,8040,9.1,86.7,25,95.7,8.3,0
90.8,111.0,2107,4.3,51.4,87,97.4,12.9,1
95.52916095951866,81.5,8234,6.9,44.1,84,63.9,6.2,1
93.4,103.6,3190,5.6,89.6,77,75.8,11.2,1
92.1,73.1,3726,7.2,62.8,25,96.4,17.8,0
96.1,64.7,7660,7.0,68.8,25,93.5,11.3,0
98.4,75.3,7437,5.0,117.0,27,77.4,14.7,0
98.0,62.9,5162,8.2,101.2,32,91.8,2.7,0
97.7,75.3,7507,6.4,90.4,25,74.1,18.3,0
89.3,109.5,1807,3.6,37.1,25,81.0,5.3,1
95.9,85.6,5824,6.1,77.9,25,92.0,15.15,0
91.8,73.7,1957,7.8,83.8,25,86.0,15.04,1
94.7,56.8,6745,8.7,67.1,25,93.3,16.6,0
97.7,72.9,7848,8.4,115.1,28,72.0,10.4,0
90.5,103.7,2544,4.6,46.2,83,83.5,13.0,1
93.1,71.9,634,8.2,94.2,25,94.0,11.59,1
96.6,63.8,5641,7.7,72.7,25,99.1,13.3,0
97.4,81.7,5879,6.0,87.0,25,76.0,18.8200000000001,0
96.5,60.1,7141,8.3,79.6,51,66.9,23.7,0
96.0,67.6,8843,7.0,75.7,89,92.7,6.7,0
97.4,75.6,6316,7.6,83.0,28,91.2,16.7,0
95.7,65.0,6570,6.9,78.8,31,76.5,19.0,0
94.2,73.9,6294,9.1,74.2,33,74.6,18.0,0
98.6,75.3,7676,8.6,83.5,69,96.5,11.0,0
95.3,68.2,5823,6.5,76.3,136,86.2,-0.7,0
98.8,86.1,5915,6.4,93.1,25,87.0,13.91,0
96.0,62.4,9443,6.5,88.3,25,80.0,17.4,0
100.0,79.1,5265,6.0,98.7,25,85.0,5.42000000000002,0
94.7,85.3,8073,5.3,79.2,25,83.0,4.82000000000005,0
97.8,83.6,6929,6.8,87.8,25,92.0,12.8,0
95.9,75.6,5529,5.9,90.4,25,74.0,21.48,0
99.1,82.6,7470,7.4,74.9,25,99.4,10.8,0
95.1,70.9,7139,5.9,109.1,68,70.9,11.6,0
96.7,90.0,10537,5.9,87.3,25,82.5,15.6,0
96.9,79.4,3354,5.8,104.8,76,48.1,25.5,0
97.81048921797428,101.3,1138,4.4,57.2,25,77.4,1.5,1
96.1,71.3,9264,6.6,115.7,33,69.2,21.5,0
97.8,74.7,3508,6.8,80.8,31,86.0,14.2,0
96.7,77.4,8722,7.5,100.2,35,66.4,18.3,0
97.9,87.4,5720,6.2,100.1,75,57.0,25.54,0
98.0,75.0,1600,5.5,49.0,28,93.1,8.0,1
94.2,68.8,9697,7.6,76.9,78,86.7,1.8,0
99.3,74.3,7234,6.9,109.9,25,73.7,15.3,0
99.0,82.5,7027,6.5,99.3,66,83.7,21.2,0
96.9,68.1,8192,7.3,88.8,25,89.4,13.6,0
96.3,61.2,2275,7.7,116.1,38,68.6,16.0,0
96.7,75.2,5305,6.9,77.3,86,94.7,7.4,0
94.4,68.4,3493,7.5,68.7,85,88.7,3.1,0
96.0,56.6,8586,6.7,98.2,35,83.4,17.5,0
92.8,75.4,9092,6.4,65.0,70,50.9,26.5,0
94.4,86.6,20524,5.0,65.0,25,84.0,15.36,0
98.0,65.0,7723,8.1,100.6,25,95.9,7.1,0
91.2,97.0,17568,5.5,64.5,25,77.0,18.45,1
92.0,101.4,3557,5.1,106.8,25,85.0,15.5,1
96.69452339978785,99.8,1433,4.8,44.1,33,100.0,13.7,1
97.5,84.5,5321,6.6,84.1,33,81.5,13.0,0
96.1,87.1,5807,6.6,119.8,55,70.6,20.8,0
99.0,68.5,2932,6.9,83.9,88,93.5,1.6,0
94.1,88.8,4288,9.3,75.1,68,70.4,12.3,0
94.1,70.1,5994,8.2,74.2,25,91.4,10.6,0
98.8,55.2,5792,7.6,96.1,25,84.7,13.4,0
94.1,70.2,10422,7.0,67.0,25,53.3,17.8,0
98.3,75.0,5818,8.5,103.0,25,96.0,6.4,0
97.5,78.4,4250,7.8,97.7,37,87.4,17.5,0
90.8,120.2,1468,2.6,38.7,29,94.8,14.1,1
97.3,63.8,10834,6.9,99.1,28,67.5,24.5,0
96.6,68.9,4780,7.3,68.6,34,78.3,2.7,0
93.3,92.9,3223,5.9,97.2,25,97.8,13.1,1
96.8,63.8,5838,6.4,93.9,185,56.0,19.4,0
91.9,103.3,4097,5.4,91.5,25,38.6,25.1,1
95.5,68.7,5756,8.8,73.4,29,88.0,8.6,0
96.8,68.3,7994,7.1,80.8,200,90.3,15.0,0
96.8,78.6,5345,8.6,98.8,67,77.5,12.3,0
90.9,79.5,5978,6.2,48.2,125,93.0,14.3200000000001,1
97.9,62.3,6065,5.9,80.7,25,82.6,16.8,0
99.5,73.0,9790,8.8,114.2,89,39.5,22.3,0
96.1,72.0,6485,6.2,79.3,130,97.5,7.5,0
96.1,74.8,8332,9.2,79.4,25,96.5,13.1,0
96.2,69.8,6970,7.7,85.5,25,94.1,4.2,0
97.4,63.8,11727,8.0,95.4,92,95.6,8.7,0
96.4,84.2,5964,6.3,89.8,27,81.9,8.7,0
93.3,72.6,4015,6.8,63.6,25,95.9,9.4,0
94.8,75.5,10565,8.1,59.7,40,93.9,12.2,1
91.4,98.3,4158,6.1,80.2,25,73.5,16.9,1
94.9,71.7,7690,7.0,74.0,25,95.5,1.2,0
93.0,87.5,2120,5.1,94.4,35,86.1,18.9,1
93.5,75.5,4663,6.9,55.1,32,84.1,5.9,1
96.1,77.6,5463,7.7,69.9,113,100.0,6.0,0
93.0,63.8,8267,6.4,74.5,36,87.2,16.0,1
93.7,78.3,6957,6.4,71.8,32,71.3,17.5,0
94.0,75.4,5138,7.0,73.2,77,90.0,4.1,0
95.1,67.9,8446,8.2,83.8,25,75.6,16.6,0
89.2,108.0,784,4.0,36.6,25,70.8,16.5,1
96.2,80.8,9040,7.5,61.9,25,89.7,9.6,0
95.2,75.4,2181,7.1,92.1,25,86.0,11.5,0
97.6,57.0,4770,7.6,83.7,25,81.5,10.1,0
93.6,62.5,10162,6.5,77.5,25,81.8,7.9,1
96.8,66.0,7779,6.0,104.5,25,64.2,19.4,0
92.0,70.6,9958,5.7,63.6,25,61.5,22.6,1
92.5,79.6,1298,7.5,90.9,25,91.0,12.45,1
91.2,88.6,3541,8.3,52.7,25,80.0,-2.01999999999998,1
91.3,115.1,2730,4.1,53.1,104,96.8,9.8,1
97.4,91.3,8266,8.2,94.2,25,83.0,15.8200000000001,0
97.9,77.8,8560,9.1,77.7,51,91.0,8.5,0
96.7,79.0,10091,6.0,81.7,69,39.4,29.9,0
96.7,58.5,5805,7.7,112.4,79,93.2,16.1,0
99.3,85.9,6578,5.2,105.0,25,72.2,14.1,0
99.1,61.5,9079,6.9,94.9,46,90.5,16.5,0
97.8,77.1,5809,6.9,90.2,30,86.4,6.5,0
95.24839600377538,71.6,3919,7.0,56.2,40,86.1,8.1,1
98.0,81.8,5316,6.1,98.0,75,56.0,24.16,0
95.8,62.0,6647,7.1,71.6,25,93.1,0.0,1
97.1,65.2,2881,6.6,109.3,44,38.1,24.1,0
92.8,84.4,19678,7.2,65.0,25,77.0,6.11000000000001,0
91.6,102.0,2564,4.0,87.1,25,66.1,24.0,1
92.1,90.0,6230,6.6,73.5,38,78.2,18.5,0
96.9,63.3,5637,6.8,112.0,119,68.2,25.0,0
97.6,84.6,6210,6.6,82.2,25,80.0,14.89,0
99.9,76.1,8259,7.5,107.4,64,63.3,24.4,0
94.2,83.8,3707,7.7,61.7,25,79.5,18.4,0
98.7,60.8,7784,7.8,107.0,30,63.3,23.9,0
98.7,75.9,7721,5.0,116.6,45,89.9,7.1,0
93.0,74.1,4504,7.7,68.3,42,84.5,13.0,0
98.9,58.0,7575,8.2,120.0,25,79.3,14.3,0
92.5,79.3,5887,6.9,88.9,25,85.0,15.24,1
90.0,105.4,1787,5.4,48.7,25,87.5,9.3,1
98.0,50.0,7990,8.8,102.5,32,73.0,18.5,0
92.6,98.5,3160,5.3,106.0,40,75.9,19.0,1
95.1,87.1,5414,7.2,107.1,70,80.2,13.0,0
99.4,77.7,7726,8.5,78.6,25,88.1,10.9,0
93.6,73.6,4707,8.3,70.8,25,94.6,5.5,0
91.7,75.3,192,2.7,92.4,25,86.0,11.43,1
97.7,74.3,8691,7.6,111.5,25,40.5,29.1,0
95.9,66.0,3943,8.5,98.3,176,66.4,24.7,0
98.5,76.4,5842,6.4,87.5,25,78.0,15.91,0
98.7,76.7,4286,6.5,91.1,25,68.0,21.5,0
96.8,85.8,5961,6.4,94.8,25,86.0,5.39000000000004,0
94.1,81.6,5383,7.2,63.2,79,94.6,16.8,0
95.8,63.1,9749,5.8,104.1,158,90.9,16.6,0
96.0,64.9,10109,6.6,91.7,29,77.3,21.0,0
98.6,83.8,7068,6.8,98.3,25,80.6,11.3,0
96.8,80.7,11002,6.4,90.5,87,95.5,9.7,0
95.9,86.9,3533,6.4,89.0,65,96.8,5.1,0
93.5,71.9,794,7.4,63.6,25,89.0,9.56,1
96.2,72.5,7901,8.2,90.6,25,78.6,16.9,0
94.3,84.2,5725,6.4,71.1,75,91.0,1.62,0
92.7,96.7,3400,3.7,106.8,39,91.3,16.2,1
97.0,87.3,4662,7.7,82.5,25,88.0,9.84000000000003,0
95.5,72.0,11245,7.6,75.0,67,81.1,9.5,0
96.0,80.3,7691,9.2,90.5,43,78.8,19.5,0
96.0,78.4,7060,6.9,73.6,112,98.5,7.0,0
93.7,71.5,8451,9.2,52.8,81,83.4,10.5,1
98.2,73.3,4274,7.3,91.1,31,81.0,8.7,0
95.5,78.0,9271,7.2,74.7,25,92.0,11.1,0
96.1,77.5,6816,6.3,80.0,72,98.7,15.5,0
92.5,98.7,2920,5.4,68.1,25,90.0,17.8,1
89.7,103.9,1381,4.1,45.0,25,79.7,16.8,1
97.2,87.2,6279,6.5,105.9,25,34.0,26.52,0
89.6,88.5,3182,6.9,47.8,25,97.0,9.71000000000004,1
91.7,88.0,2892,5.6,89.1,41,99.9,10.2,1
97.0,64.2,7443,8.1,83.9,92,98.8,4.9,0
97.2,54.8,6538,6.9,97.6,40,82.5,14.2,0
96.9,82.6,6052,5.9,106.2,125,70.0,26.52,0
95.3,84.2,10585,7.9,86.7,34,77.1,14.5,0
99.1,58.2,4290,6.2,102.9,25,86.0,15.4,0
98.0,60.4,7281,8.2,94.9,26,93.3,10.0,0
93.0,79.2,1719,7.5,75.7,25,89.0,9.93000000000001,1
99.1,84.2,8297,7.6,103.6,61,91.5,-0.4,0
91.8,79.3,5873,6.2,114.5,25,86.0,4.34000000000003,1
92.1,80.0,4242,5.5,71.6,25,94.9,4.5,1
96.8,84.4,7949,8.0,81.0,25,89.2,14.8,0
95.8,70.7,7668,7.9,72.6,25,90.8,7.3,0
96.8,74.0,5184,7.7,105.9,90,96.6,15.1,0
95.4,69.2,5803,5.6,67.9,25,92.5,8.0,0
96.3,79.4,5634,6.1,100.7,25,72.0,15.9,0
94.9,90.0,6386,7.4,82.4,38,89.2,0.3,0
93.1,97.7,4151,5.5,92.2,25,90.0,7.7,1
96.3,75.9,5528,6.4,93.4,40,67.3,20.4,0
95.8,62.4,8955,7.2,85.7,25,95.8,9.8,0
97.8,69.3,7696,7.8,79.5,39,80.0,18.6,0
97.6,61.4,8138,6.1,74.7,25,92.8,9.5,0
97.0,74.5,5507,7.1,101.2,82,74.1,19.5,0
98.4,78.7,11998,5.6,83.9,29,80.9,21.1,0
98.4,73.5,8229,6.8,84.5,25,75.7,17.3,0
96.8,87.3,7473,7.7,117.7,29,75.5,14.3,0
98.0,75.0,2652,4.1,42.5,92,88.7,18.1,1
98.0,75.0,2103,4.2,55.9,25,91.2,14.9,1
98.0,57.5,6632,7.0,105.0,25,77.8,15.6,0
99.9,73.3,3793,8.9,90.9,71,55.3,19.2,0
94.0,85.5,7020,6.9,56.0,37,91.1,1.7,1
94.6,69.9,2000,6.9,65.2,30,87.3,13.7,0
99.9,62.8,4270,6.5,103.1,25,47.7,22.5,0
94.4,62.7,7502,7.7,57.7,25,83.0,-1.0,1
95.2,82.0,5895,6.8,85.5,102,59.9,20.7,0
97.8,79.6,11392,6.7,107.1,34,91.4,5.5,0
92.0,82.9,6245,6.7,80.4,25,64.0,14.1,1
91.7,96.1,2887,5.1,108.7,67,95.8,10.7,1
96.6,62.7,13006,7.6,83.8,27,69.5,15.3,0
91.8,78.6,4985,9.2,84.9,25,86.0,13.69,1
93.8,82.1,8672,6.8,62.0,70,100.0,1.5,0
96.3,75.1,8110,6.9,93.8,46,88.4,14.4,0
95.9,78.6,6636,7.0,87.0,192,62.7,25.8,0
96.8,52.0,9400,6.5,102.5,26,78.4,17.8,0
99.0,55.4,10146,8.6,92.2,25,92.3,16.6,0
95.3,72.1,6586,6.7,70.3,30,97.3,10.5,0
96.9,84.8,5649,6.4,95.6,31,92.5,16.9,0
100.0,62.5,6041,6.7,118.3,73,50.6,29.3,0
96.3,69.4,5353,7.6,92.5,65,85.5,8.7,0
99.4,84.3,7942,7.1,86.1,26,82.3,14.8,0
93.8,63.5,6131,7.0,63.6,41,68.0,23.3,0
93.5,59.8,3335,7.9,77.2,27,87.7,9.2,1
93.0,73.5,11066,6.4,54.0,43,81.6,19.2,1
94.7,70.2,6139,7.0,77.1,96,82.2,10.6,1
92.7,86.1,5639,6.2,109.0,25,89.0,16.34,1
91.2,91.7,7156,7.4,54.3,25,58.0,2.83000000000004,1
97.7,86.1,5534,6.4,103.6,26,92.9,20.6,0
99.5,66.6,6423,7.7,84.1,25,88.6,6.9,0
96.7,74.7,5866,6.1,85.1,25,75.9,15.1,0
98.6,79.7,5803,5.9,83.2,39,82.6,13.3,0
96.4,73.9,4848,6.5,77.6,27,62.3,13.6,0
93.7,81.8,6263,7.7,77.9,25,92.2,2.5,0
99.2,86.5,3162,5.8,111.2,25,74.3,14.2,0
94.7,75.5,9561,6.7,75.3,25,76.7,3.0,0
95.3,76.8,6588,7.2,84.0,25,73.4,19.8,0
89.9,122.0,1271,4.3,56.1,25,94.3,11.5,1
98.6,67.6,5252,6.0,95.6,78,90.1,16.1,0
95.2,84.1,4654,7.1,83.3,25,81.6,14.2,0
97.2,90.0,6623,7.0,64.2,78,86.9,13.9,0
90.1,85.8,4486,6.9,58.3,25,100.0,1.96000000000004,1
98.4,83.6,5686,6.4,80.8,175,93.0,0.78000000000003,0
96.3,83.0,7661,6.5,102.8,30,79.2,12.8,0
94.1,85.6,6016,5.9,66.7,25,93.0,12.22,0
96.5,66.2,9307,6.6,68.6,37,87.2,14.7,0
98.7,86.6,6105,6.2,119.7,25,80.0,11.03,0
96.3,75.4,11567,8.4,81.2,25,88.8,10.3,0
94.3,76.0,4973,6.8,68.2,118,86.6,8.9,0
96.6,86.0,10113,7.4,85.0,75,97.0,5.49000000000001,0
96.2,82.4,3087,6.5,72.7,129,100.0,5.2,0
93.7,68.8,5832,8.0,57.8,25,86.8,3.4,1
91.8,111.9,1116,3.7,40.4,25,86.6,-0.0,1
97.4,74.5,7145,7.3,83.5,29,75.3,20.3,0
93.9,65.1,6715,8.2,60.0,25,61.4,23.3,0
94.0,79.8,8791,7.3,79.5,25,81.4,14.1,0
95.6,61.0,4585,6.5,63.1,36,83.1,4.1,0
95.6,90.0,9549,6.3,78.9,32,80.5,14.7,0
96.3,77.2,2828,7.7,74.3,84,87.9,7.5,0
96.1,90.0,7919,8.1,105.7,44,72.1,19.5,0
90.8,111.8,813,4.3,39.0,39,83.0,4.7,1
91.3,87.8,2926,6.1,96.5,81,86.0,17.8,1
98.0,56.7,9642,5.6,80.4,25,96.8,8.0,0
93.4,99.0,1684,5.9,89.6,25,95.5,3.2,1
95.4,72.7,6625,6.9,79.2,31,91.6,9.1,0
96.4,73.4,6452,7.3,111.9,25,81.1,13.4,0
96.7,85.8,7391,8.1,91.7,25,79.8,11.2,0
98.0,75.0,1389,4.2,52.4,50,90.1,17.6,1
98.2,89.8,9220,7.4,106.5,25,86.9,11.8,0
98.2,75.3,7347,6.2,92.6,51,62.4,19.3,0
96.6,81.3,5355,6.6,84.6,75,59.0,14.34,0
95.3,76.0,10284,6.8,104.6,42,90.5,11.6,0
96.9,83.9,9381,7.7,91.4,25,69.8,3.9,0
91.1,83.4,9132,6.5,44.6,25,91.0,11.59,1
97.9,74.8,10434,8.0,77.6,25,70.9,19.4,0
99.4,90.0,5568,8.6,92.5,55,85.3,10.5,0
99.7,66.1,5997,5.9,107.1,52,97.2,21.0,0
92.5,96.0,2750,5.5,95.6,25,81.4,3.3,1
93.3,84.9,8037,6.0,74.0,29,78.1,14.5,0
96.0,54.5,8425,5.9,88.6,25,87.6,10.3,0
98.4,69.0,6311,6.5,109.3,25,52.8,15.8,0
91.6,99.4,4330,5.4,84.1,87,75.7,3.5,1
98.4,60.1,7819,7.4,81.9,35,79.6,21.8,0
96.3,61.8,6024,8.3,89.3,25,94.5,9.9,0
98.0,75.0,6266,6.5,52.0,25,81.0,8.22000000000003,1
91.9,93.3,4481,5.9,115.1,25,78.1,18.9,1
96.5,89.5,3127,8.6,77.7,41,81.4,4.9,0
98.9,54.1,9442,6.7,88.0,39,92.7,13.4,0
89.3,102.8,2549,4.1,54.1,25,89.7,7.5,1
94.1,81.2,6793,5.2,69.3,65,92.7,4.2,0
95.4,64.5,4378,8.5,81.7,28,91.1,11.0,0
99.3,90.0,9480,6.0,99.3,38,93.0,12.4,0
99.3,59.3,6447,6.3,95.7,31,84.3,11.8,0
97.0,63.0,10532,6.9,111.1,25,90.9,12.4,0
95.6,61.9,8068,6.6,77.5,97,81.3,10.4,0
94.2,83.2,7617,6.5,81.7,31,98.1,13.1,0
97.4,76.8,10313,8.2,76.3,25,68.2,21.0,0
90.4,106.3,1925,5.0,54.3,25,55.1,24.0,1
98.5,72.9,4139,8.1,97.7,25,80.1,19.1,0
98.3,60.1,6195,7.4,99.0,64,91.6,18.4,0
98.1,65.0,8816,7.8,89.0,25,82.7,14.7,0
98.7,64.3,2239,7.3,102.4,25,64.8,22.7,0
98.0,75.0,5840,8.2,58.2,73,93.5,5.0,1
92.7,83.2,1096,7.6,85.3,25,90.0,5.60000000000002,1
92.1,95.5,2295,6.2,94.4,25,100.0,12.3,1
95.2,67.6,6469,6.9,118.5,25,89.8,9.7,0
98.5,61.5,7532,7.2,98.3,48,85.1,10.5,0
91.7,94.4,2941,5.3,100.3,27,92.6,16.1,1
91.2,85.2,2078,4.0,51.8,25,95.0,18.0700000000001,1
95.4,89.5,2000,6.1,102.1,25,78.0,19.1,0
96.5,85.9,7829,6.5,81.8,25,73.7,19.0,0
96.0,83.3,10677,5.9,76.4,25,96.6,9.0,0
96.1,73.2,8575,6.3,79.2,25,93.0,13.9,0
96.8,71.8,2690,7.3,120.0,29,86.7,17.5,0
98.2,84.1,11971,7.7,84.9,25,85.8,8.6,0
97.1,75.9,2000,7.4,112.7,26,86.9,13.3,0
95.8,68.9,6349,6.3,71.4,42,77.9,4.0,1
93.6,104.4,1827,6.2,82.8,42,90.9,11.7,1
96.3,67.8,11719,7.0,120.0,25,83.1,20.9,0
93.2,94.0,3562,5.5,80.4,25,90.6,20.2,1
93.6,74.7,4927,5.9,66.3,162,74.9,5.2,0
96.4,61.0,6586,7.1,82.3,25,89.1,12.4,0
93.4,93.1,3196,5.7,92.5,51,95.1,10.5,1
99.0,91.4,5487,6.2,82.5,25,70.0,7.82000000000005,0
95.7,83.0,5869,6.4,77.2,25,87.0,1.94,0
98.8,67.5,4788,7.4,82.5,25,95.0,12.8,0
96.4,84.9,5571,5.9,110.0,25,49.0,24.8200000000001,0
98.0,75.0,1016,4.5,39.9,72,79.3,13.8,1
97.7,66.9,7912,6.7,81.3,25,85.3,13.7,0
96.6,69.0,7521,7.4,120.0,25,94.1,12.1,0
97.3,76.0,5386,8.1,85.1,25,80.8,19.3,0
92.7,76.6,4389,6.3,66.0,25,72.9,3.1,0
96.5,87.5,7725,9.4,92.8,37,72.8,17.4,0
98.3,55.4,6935,7.6,112.7,74,47.4,27.2,0
96.4,76.1,9255,7.5,108.0,30,78.1,0.8,0
97.4,75.1,5638,5.1,86.4,36,63.5,16.6,0
92.6,67.9,5502,7.0,64.6,31,78.9,15.6,0
98.5,65.5,8037,7.3,97.7,25,73.7,9.8,0
98.5,64.4,6488,8.3,115.6,35,91.2,18.4,0
92.6,74.3,2384,6.0,96.9,25,80.0,4.08000000000004,1
98.9,69.2,7212,7.2,99.6,62,94.8,19.8,0
93.2,108.5,3941,6.2,93.3,30,88.8,4.3,1
92.5,100.0,2805,4.7,113.4,25,69.6,23.4,1
97.9,67.8,5833,8.0,73.0,75,81.3,4.0,0
97.2,72.0,6753,7.6,102.3,25,72.4,18.6,0
96.69921392089068,98.0,2652,5.4,58.0,25,94.1,9.0,1
96.5,71.0,7245,7.7,120.0,25,68.9,17.2,0
95.2,80.8,5235,7.9,85.4,25,81.1,16.6,0
99.6,82.2,4254,6.8,95.2,30,89.0,19.3,0
92.6,60.8,2856,6.1,66.0,39,95.6,2.1,0
99.3,73.2,12377,6.6,93.6,25,85.6,6.6,0
98.6,83.0,5613,6.5,108.7,25,62.0,23.75,0
98.8,85.0,7015,8.0,108.6,76,100.0,19.3,0
97.9,59.1,5520,6.6,85.6,25,83.2,9.3,0
98.3,68.5,6121,7.1,93.5,87,87.2,18.6,0
89.6,111.2,1539,4.2,44.2,25,76.6,18.3,1
93.8,71.2,6418,7.3,81.7,49,80.2,2.3,0
97.2,60.3,4718,6.4,69.9,32,85.8,8.1,0
98.9,86.9,4996,6.1,83.3,28,82.7,17.2,0
91.4,99.7,2158,4.2,56.3,25,62.3,18.1,1
92.9,78.0,2009,7.3,62.0,27,77.6,2.8,0
92.0,98.1,3361,4.6,108.1,25,78.8,15.0,1
91.5,108.3,859,3.4,39.2,25,97.6,19.1,1
93.6,77.6,8557,6.7,78.8,25,86.0,7.06,0
96.4,85.0,4633,5.6,117.2,200,32.5,35.3,0
97.4,75.1,10718,6.9,89.5,25,83.5,15.7,0
98.1,70.3,6830,8.8,94.0,37,92.4,13.4,0
92.4,72.5,1220,7.0,80.4,25,96.0,14.24,1
98.2,83.1,8834,7.3,91.0,38,81.5,13.2,0
95.9,60.7,3939,6.0,115.9,32,71.5,16.5,0
96.5,69.8,3220,6.7,78.1,25,84.0,13.0,0
99.2,77.8,5735,7.5,84.6,31,93.2,16.8,0
98.6,90.0,7922,8.3,93.3,25,87.9,14.6,0
95.8,71.9,6954,7.9,65.5,83,97.3,2.6,0
96.6,61.6,4607,7.8,64.7,46,100.0,0.3,0
93.3,88.5,20718,6.2,65.0,25,93.0,15.97,0
98.0,72.9,14462,6.0,94.2,43,68.0,14.2,0
93.7,70.4,8284,8.0,84.8,25,82.9,12.3,0
98.5,77.7,10420,6.1,108.8,78,38.7,28.2,0
97.8,61.7,10521,6.6,90.5,25,81.7,12.7,0
95.0,61.8,7021,7.5,77.6,73,80.3,8.7,0
95.9,82.4,6125,7.1,75.8,25,96.0,8.38,0
99.2,78.8,7230,8.0,117.6,25,87.2,4.2,0
97.4,81.6,8245,7.5,91.3,25,77.9,15.1,0
93.9,90.0,8002,5.4,71.6,44,95.6,11.4,0
95.8,83.8,10967,7.0,83.5,63,72.6,2.0,0
91.9,83.1,2718,5.6,78.4,28,86.9,13.4,1
98.5,87.9,3202,8.3,101.6,25,81.1,18.3,0
93.3,79.1,5822,6.0,72.8,25,97.0,5.53000000000003,1
97.5,71.0,8370,7.7,115.6,25,93.8,10.8,0
99.0,58.1,8342,7.4,105.4,88,82.7,14.2,0
98.7,62.0,5684,5.9,85.0,31,76.2,16.7,0
97.7,66.3,7068,7.2,113.6,25,82.2,10.0,0
95.3,90.0,5082,6.1,93.5,25,71.2,16.5,0
97.3,70.7,9571,7.3,97.0,25,84.5,15.5,0
98.7,64.9,10407,7.0,107.3,25,94.1,5.9,0
90.7,108.9,1358,4.3,54.4,145,97.0,11.5,1
95.7,65.2,5211,7.7,72.5,59,85.5,10.9,0
93.6,61.1,10692,8.0,82.6,25,83.1,6.8,0
97.1,81.1,6768,7.6,84.9,25,91.0,16.56,0
96.0,78.3,4645,6.4,116.2,49,65.0,25.6,0
96.1,72.4,6731,6.0,90.3,25,80.8,11.7,0
94.4,58.4,7963,6.3,67.2,171,100.0,8.4,0
94.9,51.3,3750,7.7,66.0,28,68.8,6.4,0
97.2,71.5,4624,8.9,87.7,44,77.1,15.9,0
98.5,67.1,7467,7.5,89.8,40,74.9,13.9,0
96.0,75.5,8788,6.8,78.1,37,95.1,11.8,0
93.0,79.5,8623,7.6,61.3,32,89.8,12.8,0
97.2,71.7,10429,6.8,82.6,25,87.7,2.5,0
96.5,75.8,4329,7.1,111.8,184,40.1,34.5,0
96.9,69.1,10499,6.8,85.6,25,78.8,8.2,0
97.3,76.0,3788,7.4,116.5,30,80.7,9.1,0
98.1,63.4,4857,6.7,99.5,25,67.0,18.3,0
95.07615906698103,88.9,6546,8.4,54.3,25,89.3,11.8,1
99.0,75.9,7946,7.2,99.3,25,91.7,1.7,0
97.0,76.2,5713,6.6,72.8,57,92.7,4.3,0
94.2,74.1,9489,6.0,72.7,41,92.6,10.0,1
99.0,81.3,5719,6.9,108.4,25,77.0,9.0,0
91.7,77.9,666,5.8,98.0,25,97.0,14.23,1
91.2,100.8,2890,4.3,49.8,25,91.1,9.1,1
92.9,101.8,1564,5.1,49.2,25,58.4,15.4,1
99.5,80.5,9251,6.8,94.3,33,84.8,10.6,0
92.6,92.4,2014,6.7,67.5,25,82.5,11.4,1
96.2,69.6,6713,8.4,96.3,33,64.1,17.6,0
97.3,66.4,9739,7.4,85.6,42,65.6,24.3,0
94.2,72.2,9258,6.7,59.7,27,88.3,10.9,1
98.9,68.0,3652,9.0,79.0,30,67.7,4.4,0
94.8,90.0,10024,6.3,68.0,50,74.2,20.3,0
93.3,95.9,2701,5.9,98.8,34,96.1,13.7,1
93.5,64.3,9380,7.2,83.3,58,91.4,8.0,0
97.9,74.1,8195,6.4,88.3,25,71.5,18.8,0
95.1,61.2,4588,8.8,77.7,25,95.3,5.8,0
95.8,54.1,7980,7.9,103.8,28,96.3,1.4,0
98.0,74.3,6879,7.6,89.3,45,84.4,16.2,0
97.6,64.0,2000,7.5,76.2,30,88.3,10.8,0
93.1,71.9,5243,6.9,66.9,30,81.4,17.8,0
95.4,90.0,7338,6.4,91.4,86,82.8,20.8,0
94.3,66.3,7541,7.4,69.2,60,73.5,8.1,0
97.9,71.9,6140,7.0,100.4,66,51.9,25.6,0
98.8,72.9,4074,6.5,86.0,25,88.4,9.3,0
97.8,69.5,5128,6.5,84.5,105,91.6,8.1,0
92.0,76.3,5766,6.2,42.9,25,85.0,17.81,1
95.8,78.7,7990,6.4,94.2,28,92.7,7.9,0
96.5,84.9,5926,6.8,86.2,25,83.9,11.2,0
99.1,74.8,9432,5.7,98.8,36,93.2,16.7,0
91.1,80.4,5558,6.4,62.6,25,89.0,9.79000000000002,1
96.1,78.3,8718,6.9,79.6,25,78.3,12.6,0
95.5,77.6,5680,7.6,72.4,28,91.6,14.7,0
95.8,63.7,5417,6.6,84.7,92,87.2,7.2,0
92.3,71.7,8409,7.7,60.0,42,94.7,17.3,0
97.1,87.0,7030,6.3,99.4,25,45.1,27.1,0
97.1,53.4,6174,8.2,77.0,34,82.5,11.6,0
97.7,76.3,4198,7.2,117.1,25,77.4,15.9,0
95.6,83.9,5575,7.0,119.2,25,66.0,16.96,0
91.7,93.9,4561,5.7,87.1,29,84.4,15.0,1
92.1,100.7,3507,4.8,71.5,29,77.3,10.0,1
96.1,67.5,5496,5.5,95.0,89,31.2,28.3,0
91.9,97.7,3582,4.7,79.4,25,69.6,13.6,1
97.3,85.1,3207,8.1,115.0,65,51.9,26.5,0
97.2,67.1,8765,8.2,99.6,33,72.4,15.1,0
91.5,84.1,5993,6.2,111.8,25,78.0,18.96,1
94.1,69.3,9546,6.6,77.6,25,90.2,7.2,0
93.5,84.9,10174,7.2,86.6,25,95.0,17.31,1
90.5,93.9,5709,6.2,53.6,25,87.0,8.26000000000005,1
96.4,80.6,5368,6.3,71.7,25,95.0,14.05,0
91.3,109.9,2416,4.1,49.4,72,82.2,-0.7,1
96.2,65.3,10622,7.9,97.9,25,67.7,20.3,0
96.2,69.2,7950,8.1,88.0,25,81.2,13.4,0
99.1,77.5,5724,6.3,109.6,25,86.0,15.41,0
98.0,75.0,9384,7.0,56.8,25,91.0,7.70000000000005,1
99.6,57.0,5841,8.1,93.0,25,93.1,6.5,0
97.3,84.4,9013,8.7,105.5,64,29.0,28.7,0
89.8,94.7,2856,5.3,61.9,25,81.8,18.6,1
90.6,94.5,11051,6.9,57.9,200,83.0,20.95,1
96.6,61.3,9641,8.0,89.1,25,67.0,12.4,0
99.4,79.5,6396,5.7,99.8,25,86.0,12.61,0
95.1,69.8,4959,7.9,114.6,89,77.1,16.0,0
93.1,64.2,3626,7.2,58.1,25,100.0,4.7,1
96.4,62.5,8208,6.4,74.8,79,64.4,24.0,0
96.1,82.5,6275,6.5,118.4,25,76.0,11.74,0
97.1,81.2,6003,6.5,103.8,25,83.0,4.85000000000002,0
96.5,62.7,8169,6.4,108.0,200,40.8,34.1,0
96.9,71.7,5827,7.0,105.2,28,86.3,12.7,0
96.0,74.1,6085,7.0,77.0,25,79.9,6.0,0
96.0,65.6,10278,6.7,96.2,25,80.4,18.6,0
96.0,69.2,3457,7.9,90.3,36,91.6,15.3,0
97.5,67.9,9476,5.0,90.7,38,73.4,16.6,0
93.8,65.0,6665,7.1,78.0,57,95.8,9.1,0
98.6,74.0,7982,7.4,92.8,128,83.0,20.0,0
96.5,71.1,11743,7.1,93.6,26,87.7,10.1,0
99.5,78.7,5853,8.5,116.8,25,95.7,16.9,0
89.9,103.6,1975,5.2,59.9,25,79.0,3.5,1
95.03298748597544,111.3,2265,3.7,51.4,27,73.7,14.2,1
89.6,102.0,1843,5.1,57.6,25,82.2,8.5,1
97.0,69.1,5762,8.4,79.1,25,88.0,9.3,0
96.1,75.4,10976,7.2,95.2,25,93.2,12.8,0
95.7,82.2,6646,7.1,77.7,58,87.9,2.5,0
95.7,84.2,6762,8.7,66.5,72,90.4,9.8,0
96.3,73.6,8347,6.1,80.2,68,87.4,7.3,0
96.2,75.4,7255,8.1,74.9,25,85.7,11.2,0
98.6,88.7,5671,8.1,101.6,25,67.6,13.7,0
96.7,79.5,5811,5.5,84.8,25,79.6,14.2,0
94.2,66.4,7593,7.2,72.5,41,75.6,12.5,0
97.2,50.0,6210,6.3,73.5,43,91.1,10.4,0
97.4,67.7,8013,7.5,110.7,25,39.0,29.8,0
98.5,66.9,2000,6.7,110.3,25,90.3,11.7,0
92.9,80.6,7796,6.3,70.5,28,71.9,18.4,0
96.6,69.1,6962,7.2,71.2,31,85.5,2.9,0
96.0,62.3,8132,8.1,88.6,72,96.0,12.8,0
89.7,99.8,1440,4.9,55.8,25,66.8,22.5,1
93.0,103.3,3590,5.5,90.8,188,99.3,12.9,1
99.2,60.5,4902,7.0,92.2,164,84.9,20.2,0
96.2,65.2,5047,6.8,97.3,79,94.4,7.8,0
96.5,76.8,9569,7.9,89.0,29,74.6,16.5,0
93.1,64.0,2000,7.9,64.3,25,89.0,17.1,0
95.9,64.1,5508,7.2,88.9,25,74.9,20.4,0
96.0,84.9,6120,7.9,87.7,25,83.0,18.38,0
97.7,81.2,5535,6.1,83.1,25,87.0,12.47,0
93.8,86.1,6201,7.3,79.8,81,94.0,2.4,0
95.4,54.2,6790,8.3,73.4,26,87.0,5.2,0
95.61926381528181,94.8,1865,6.0,51.1,28,83.7,0.8,1
93.5,100.0,3983,5.9,90.3,52,79.1,12.7,1
97.7,75.0,8411,7.8,82.3,25,91.6,16.0,0
92.8,104.9,4916,4.8,100.2,37,80.3,18.2,1
97.1,66.7,6725,7.8,92.9,35,83.4,15.0,0
99.1,76.9,6168,7.1,92.2,36,100.0,10.5,0
93.3,91.9,2153,5.3,87.3,25,100.0,13.8,1
96.0,63.6,8275,7.2,103.5,63,50.3,27.7,0
98.8,76.8,4675,7.3,95.6,25,93.5,6.7,0
96.7,64.8,8300,7.9,100.5,200,87.2,13.0,0
96.9,85.2,7316,6.2,107.3,25,67.4,19.4,0
98.0,75.0,1442,2.3,36.6,30,86.8,15.6,1
96.5,71.4,4278,7.3,105.1,42,71.3,24.6,0
94.2,70.5,10873,6.2,64.0,84,76.9,14.3,0
99.4,85.2,425,1.4,109.6,25,92.0,15.2,0
96.5,74.2,9600,7.4,75.7,73,69.3,23.8,0
99.2,81.4,5228,6.5,111.6,25,74.0,18.5,0
94.6,77.1,5023,7.8,68.3,25,78.2,4.2,0
98.6,86.1,9056,5.7,94.8,25,88.2,7.5,0
98.5,54.6,11622,6.7,104.5,27,100.0,18.6,0
97.2,77.3,6832,7.6,89.1,25,69.1,20.3,0
90.3,110.2,2261,4.3,47.7,27,70.5,14.2,1
97.5,77.2,7900,6.0,92.2,25,84.9,0.7,0
99.1,60.2,10752,7.4,114.1,25,76.4,11.1,0
96.4,73.3,10223,8.6,81.3,66,90.7,5.7,0
96.1,80.5,549,6.4,79.8,25,98.0,13.01,0
92.3,99.9,3546,5.8,70.3,25,90.0,3.7,1
95.5,77.4,4795,8.2,85.9,71,95.2,19.0,0
97.0,71.4,8863,7.7,93.4,41,64.0,18.4,0
96.1,81.0,5045,7.6,119.7,33,58.3,20.1,0
96.0,79.5,5668,6.4,91.4,25,83.0,15.7,0
97.0,78.8,4832,8.3,67.0,75,95.2,7.0,0
89.3,97.0,1344,5.5,46.7,25,96.5,9.8,1
96.4,70.0,3872,7.8,73.2,127,89.5,1.2,0
91.8,92.7,2869,4.9,79.2,132,72.0,7.6,1
96.8,84.1,3485,7.8,119.5,25,80.0,9.3,0
95.1,78.8,6057,6.1,84.2,25,79.0,17.1,0
96.2,68.4,9371,6.1,79.4,173,89.9,5.3,0
96.7,78.5,5943,6.6,93.1,25,81.0,11.6,0
93.1,90.0,8616,6.4,63.3,113,60.5,25.5,0
93.5,79.4,1171,6.0,87.8,25,85.0,6.70000000000005,1
89.8,86.7,3502,5.8,64.0,31,100.0,2.1,1
96.3,72.0,6916,7.5,84.5,28,54.3,16.4,0
94.6,87.1,5232,6.5,73.2,25,91.0,10.98,0
98.7,66.7,6201,5.9,87.3,90,77.9,16.0,0
90.2,85.6,6087,6.7,41.7,75,95.0,16.68,1
92.1,89.1,2726,5.0,86.7,25,84.8,4.1,1
96.77088482754442,78.8,5345,5.8,55.7,75,71.0,12.23,1
95.3,74.7,5839,6.4,72.0,63,93.2,10.8,0
95.8,69.5,8242,8.8,83.8,25,70.4,16.7,0
97.0,75.3,7754,6.6,93.8,40,70.8,20.3,0
93.3,56.1,9892,8.1,49.9,25,99.5,7.5,1
93.0,72.7,649,8.0,94.0,25,93.0,6.74000000000001,1
100.0,75.0,6709,6.9,104.1,25,57.5,25.8,0
96.2,83.7,6032,6.2,119.1,75,87.0,15.72,0
96.6,88.5,6490,7.7,82.0,25,82.3,16.3,0
97.4,90.0,9307,7.7,85.3,46,76.8,13.7,0
94.8,88.2,8648,7.3,89.7,25,86.9,5.4,0
98.9,85.6,5712,5.9,78.3,25,97.0,12.5,0
97.9,87.5,6293,7.3,92.1,125,60.0,26.15,0
93.9,79.5,7793,7.1,80.1,58,87.1,2.6,0
91.7,86.6,5949,6.4,88.9,75,88.0,18.72,1
98.9,68.0,5126,7.4,84.6,29,61.0,13.3,0
96.0,75.3,5830,7.6,93.9,29,93.0,13.9,0
93.8,78.3,7926,8.0,70.6,25,93.3,14.3,0
96.1,67.4,10647,5.6,93.0,25,94.3,13.2,0
93.2,51.7,7385,6.9,63.2,121,57.7,24.3,0
98.5,81.8,5641,7.8,86.6,25,76.4,17.6,0
94.2,70.7,5468,7.3,80.3,40,82.2,15.1,0
96.8,70.3,7180,6.2,93.3,25,80.7,19.0,0
99.4,58.1,4003,6.0,106.1,26,84.8,11.1,0
96.2,77.8,9047,7.5,94.3,25,95.2,5.6,0
96.1,76.7,3500,7.0,93.4,81,98.4,19.9,0
96.3,75.9,6589,7.2,75.3,25,82.0,10.9,0
95.9,87.7,6890,5.8,109.0,25,82.8,12.3,0
91.3,97.8,4643,6.0,64.4,65,77.4,16.6,1
90.6,94.7,2541,4.7,70.0,187,97.1,5.2,1
96.0,63.4,3990,7.1,95.9,41,50.2,20.9,0
95.54430630526939,64.4,6980,6.9,59.8,25,90.3,8.3,1
96.6,72.3,8177,7.6,119.1,36,89.8,17.8,0
94.2,66.2,3117,7.7,60.0,35,78.2,16.1,0
94.8,77.3,4430,7.8,62.9,26,83.2,16.1,0
98.3,56.6,6964,5.0,86.1,25,87.1,11.4,0
96.5,90.0,8484,7.1,78.3,36,86.0,10.8,0
92.6,68.7,5329,7.6,68.1,69,71.6,1.8,0
98.3,70.8,3363,6.5,100.1,25,95.7,17.1,0
92.6,93.8,3404,5.4,98.0,162,81.3,3.3,1
92.9,84.6,3138,6.7,82.5,25,88.6,9.6,1
98.0,58.0,10650,8.2,111.8,25,69.8,12.3,0
97.7,80.7,8315,5.9,78.2,25,67.2,19.6,0
96.2,61.4,5269,9.1,84.0,25,90.4,11.8,0
94.3,68.8,6868,6.8,66.6,28,84.6,12.3,0
92.0,85.1,6393,5.9,50.0,125,39.0,36.78,1
96.3,76.0,8518,8.8,97.5,30,82.2,15.2,0
97.0,79.6,11162,7.5,88.5,47,91.0,11.0,0
95.3,90.0,7732,9.0,89.9,25,89.0,7.5,0
96.67892099392465,105.6,2238,4.7,49.4,25,90.8,7.2,1
98.4,56.2,6177,7.6,101.5,27,83.7,13.3,0
96.72886508050044,113.7,1692,4.8,57.5,25,90.8,8.6,1
98.2,79.2,10777,7.8,89.3,25,94.5,1.5,0
91.9,89.1,3012,4.3,67.0,35,87.0,12.7,1
99.6,65.5,6440,7.3,81.7,25,99.7,0.5,0
93.5,58.7,6619,6.5,67.3,25,74.5,4.7,0
98.7,78.4,4027,5.7,98.5,36,79.6,9.0,0
96.8,79.7,5146,6.2,83.8,46,88.7,15.0,0
91.4,87.3,5170,7.5,56.3,75,93.0,9.91000000000003,1
91.1,76.4,5589,6.5,99.6,25,85.0,11.51,1
96.3,57.9,4623,6.9,83.3,32,69.0,13.5,0
92.4,88.2,2551,7.0,76.5,25,93.0,13.2,1
97.5,91.5,6039,6.3,81.6,75,73.0,16.04,0
98.7,68.0,11281,8.0,110.1,33,86.5,15.4,0
97.7,81.5,5642,6.7,110.5,25,82.0,17.92,0
92.5,104.4,4062,6.6,120.0,25,66.2,20.0,1
97.8,81.3,1973,6.8,85.0,75,77.0,19.28,0
92.8,81.0,5508,6.3,77.2,25,68.0,17.39,1
93.7,79.8,10271,6.6,65.2,79,92.9,3.9,0
98.3,61.7,4743,6.7,78.9,78,99.4,10.7,0
97.0,90.0,6169,7.3,83.8,25,59.4,14.2,0
94.8,72.8,2563,5.6,74.2,34,85.8,6.0,0
91.3,94.0,2023,3.7,44.7,25,62.9,18.6,1
96.1,85.6,10507,8.1,60.0,25,79.5,16.8,0
91.5,105.2,3438,6.3,100.6,25,99.5,13.0,1
99.9,75.9,4359,8.4,81.6,77,81.5,16.9,0
94.6,76.2,9628,6.5,71.4,31,63.2,20.8,0
95.2,53.5,4113,7.0,88.5,193,71.4,26.3,0
97.9,67.7,7447,8.1,90.0,28,96.4,14.6,0
98.7,79.3,7606,6.3,115.6,25,76.9,10.3,0
97.9,82.9,5285,6.1,97.8,25,72.0,19.69,0
96.4,68.6,7990,6.4,108.8,25,72.4,15.3,0
90.4,105.1,2042,3.9,56.4,35,97.8,12.9,1
96.0,79.7,5286,7.0,75.0,25,75.9,1.2,0
90.5,104.8,3299,4.4,49.0,39,85.6,18.9,1
91.4,84.5,4881,6.7,59.5,75,75.0,8.15000000000003,1
92.2,90.5,4658,5.9,85.9,38,83.5,22.4,1
96.41620083533,105.0,1608,3.9,56.1,25,72.3,7.6,1
98.6,83.7,5958,9.0,90.8,30,91.7,12.2,0
94.4,63.7,7330,6.4,57.2,59,92.2,2.5,1
98.0,75.0,1541,5.2,46.6,49,95.5,-1.2,1
97.9,73.8,9564,6.1,111.8,25,76.9,8.9,0
94.7,84.0,7774,8.4,62.6,69,70.2,5.1,0
91.0,106.5,2158,4.8,53.3,25,88.2,5.2,1
97.2,72.4,4013,6.9,116.4,25,79.0,21.8,0
98.6,73.3,7220,8.2,99.0,25,89.6,10.5,0
97.9,72.9,4842,7.0,80.7,67,99.9,9.8,0
99.0,64.5,5971,6.4,79.2,25,100.0,10.8,0
98.9,70.1,4875,8.1,95.3,83,66.8,10.8,0
96.3,85.4,8045,6.3,81.2,180,91.8,2.5,0
97.6,58.4,7653,8.0,93.7,67,70.8,16.2,0
90.6,87.2,5922,6.5,45.6,25,87.0,10.93,1
93.2,64.3,3813,6.0,72.5,25,77.4,16.4,0
90.8,89.4,2994,6.4,62.8,34,88.0,3.8,1
95.2,63.3,7564,7.0,72.8,25,81.7,14.2,0
98.0,75.0,5664,7.9,50.4,25,86.8,11.1,1
90.9,117.7,2220,4.2,55.7,128,95.3,16.9,1
94.5,69.9,8352,7.3,87.6,99,81.9,9.8,0
97.9,79.5,5288,8.2,112.5,25,76.2,15.0,0
95.4,60.5,7198,5.7,86.2,32,91.5,6.8,0
98.4,63.1,5323,7.4,90.7,32,92.9,7.1,0
92.3,77.7,713,0.8,87.3,25,95.0,3.36000000000001,1
97.8,79.5,8256,7.6,79.8,49,87.3,11.3,0
97.3,75.2,5531,6.5,96.6,25,84.0,18.37,0
97.5,77.8,5648,7.8,84.9,25,83.4,17.0,0
96.5,72.7,6282,7.9,86.0,28,75.5,16.5,0
95.8,65.4,6432,8.1,111.3,29,73.7,17.5,0
95.9,69.3,6839,7.9,76.7,132,67.0,8.7,0
92.8,81.0,896,5.7,93.6,25,89.0,13.37,1
96.0,90.0,9661,8.1,78.0,25,93.4,8.1,1
94.4,80.4,4975,6.5,60.0,25,85.2,0.8,0
97.6,79.9,11721,7.9,112.0,25,74.7,13.1,0
97.8,70.5,10979,6.2,95.2,25,91.9,9.9,0
96.3,68.3,4417,7.0,102.0,91,96.3,12.0,0
97.0,76.3,6253,6.7,96.1,34,86.8,15.3,0
98.6,77.0,6636,7.4,99.1,59,91.3,9.8,0
98.0,78.0,9194,6.3,104.5,73,57.4,27.8,0
98.3,84.0,10910,7.1,119.3,25,73.0,11.7,0
93.1,92.2,3039,4.9,95.1,32,100.0,9.4,1
89.7,81.7,16690,6.3,54.1,25,64.0,26.79,1
93.0,96.9,3695,5.4,96.5,73,80.3,10.8,1
94.8,88.4,5727,5.9,70.7,25,83.0,8.14000000000004,0
96.8,89.6,8144,11.0,82.7,25,64.0,16.8,0
97.0,73.8,5333,7.0,103.1,87,72.4,18.4,0
93.5,93.5,3431,4.1,91.7,25,83.4,17.1,1
97.3,85.7,5738,6.0,86.4,25,79.0,11.89,0
89.8,99.1,2105,5.2,59.1,25,72.3,3.5,1
92.5,105.2,4169,5.5,66.5,171,59.6,26.2,1
98.5,82.7,2000,6.7,94.4,35,96.0,5.8,0
92.0,98.8,3789,6.3,79.9,25,94.9,15.3,1
91.7,76.8,213,2.3,82.2,75,97.0,7.01000000000005,1
98.5,81.4,9850,6.6,80.4,39,80.1,6.9,0
95.5,79.8,9566,5.2,71.1,25,82.9,8.5,0
95.2,71.8,3873,7.9,78.2,28,83.0,15.5,0
96.89679286375859,68.6,6805,8.3,56.8,91,77.2,23.4,1
96.6,84.1,6085,6.2,87.2,25,92.0,13.13,0
97.3,61.6,4959,8.0,117.1,25,60.7,17.0,0
93.1,89.1,4623,7.2,57.2,25,100.0,5.73000000000002,1
98.5,79.4,7454,7.8,110.1,33,73.1,15.8,0
95.3,67.4,4358,7.0,76.2,25,97.4,4.8,0
93.7,66.3,4222,6.7,86.3,25,87.4,8.1,0
97.7,63.2,10117,7.3,120.0,27,40.6,25.7,0
96.5,79.8,7930,8.9,120.0,25,98.1,7.8,0
94.0,62.2,6854,9.0,77.1,25,91.6,7.2,0
99.4,68.7,5778,6.6,119.0,38,69.8,12.1,0
93.6,58.7,8979,8.0,87.2,25,86.9,5.7,0
93.2,95.3,3793,7.0,96.1,26,88.6,12.2,1
96.97677182573045,88.8,6049,6.7,42.5,75,85.0,15.97,1
97.1,77.2,4864,7.3,84.3,35,86.4,17.2,0
96.0,75.1,5385,6.3,89.3,25,54.7,20.2,0
96.2,89.0,14255,6.8,94.3,25,96.0,11.02,0
96.6,66.2,3822,7.4,116.4,39,79.1,14.6,0
97.6,82.0,8911,7.4,103.2,25,94.7,17.2,0
97.5,81.9,5166,6.4,86.8,28,75.1,16.5,0
94.5,81.5,7192,8.1,72.6,75,46.0,25.9,1
96.9,84.0,8301,7.5,75.3,85,81.1,21.7,0
97.9,87.1,11511,7.2,82.3,75,94.0,6.48000000000002,0
97.5,54.4,4388,7.1,112.4,25,62.7,26.2,0
97.4,72.9,4949,5.8,106.4,25,68.5,15.8,0
96.2,65.5,10208,5.1,72.6,25,93.7,9.6,0
98.9,58.4,11149,7.7,81.2,37,93.9,17.7,0
98.5,63.5,6310,6.7,89.4,76,92.4,8.1,0
96.3,90.0,9273,7.5,74.0,25,62.0,13.7,0
92.4,72.4,3304,9.2,64.6,195,90.7,3.2,0
98.1,67.1,8773,6.4,93.5,25,89.1,11.6,0
96.6,69.3,9002,8.0,88.9,27,88.3,13.1,0
99.4,73.4,6471,7.5,99.3,47,68.9,23.1,0
95.9,66.6,9811,6.0,86.5,49,91.6,3.1,0
98.6,67.8,6610,6.3,82.4,54,87.8,12.8,0
93.1,86.1,1964,7.0,90.2,33,90.9,13.2,1
96.0,87.0,11834,8.3,93.4,25,100.0,8.6,0
96.5,70.9,5795,8.7,82.0,36,79.4,17.3,0
95.9,87.9,5968,6.1,83.3,25,85.0,3.53000000000003,0
97.3,83.9,12052,8.0,116.7,36,84.0,5.2,0
97.7,66.0,6183,7.0,89.0,25,93.2,17.6,0
96.4,62.8,7998,7.5,110.1,39,51.7,23.0,0
96.2,68.0,4303,8.2,87.4,25,86.2,15.2,0
96.78523379210077,101.7,2105,5.7,58.5,25,77.9,19.9,1
97.7,78.7,4773,7.2,90.5,25,79.0,10.91,0
99.2,70.2,2069,7.4,75.8,193,83.2,20.6,0
97.3,84.6,4509,6.3,97.1,27,77.8,5.4,0
99.2,67.8,4135,8.3,100.8,25,76.9,17.3,0
94.1,65.3,6289,8.7,62.4,25,84.7,8.7,0
98.5,78.4,6591,6.3,88.4,25,76.4,13.2,0
96.74176505083413,112.4,2728,4.2,54.2,42,90.2,2.3,1
99.1,77.6,8518,7.3,98.4,25,95.7,15.1,0
90.6,96.3,3221,5.2,65.0,29,81.1,6.2,1
96.3,69.5,4671,7.7,81.8,25,84.0,11.6,0
96.9,59.6,9638,8.0,88.5,25,95.8,11.7,0
99.3,73.2,8261,6.5,94.0,158,76.6,10.5,0
98.1,62.7,2787,6.3,112.6,25,56.7,14.8,0
97.9,62.0,9134,7.7,91.0,71,88.2,9.2,0
99.1,90.0,9157,6.6,98.8,25,95.6,13.3,0
99.4,67.3,9317,7.7,103.1,69,67.6,21.1,0
96.0,68.4,6767,6.4,77.2,36,79.9,10.7,0
91.0,105.0,4010,6.8,66.2,87,92.7,7.6,1
100.0,63.1,5657,9.1,110.9,67,50.9,29.3,0
96.6,82.7,6061,6.5,99.8,25,98.0,6.67000000000002,0
89.5,98.4,3366,4.3,60.5,25,98.8,4.7,1
96.9,73.4,2557,6.5,83.3,119,90.3,5.2,0
97.0,84.9,4633,5.8,98.1,75,72.0,18.87,0
99.4,85.3,4916,5.1,100.9,25,94.0,16.38,0
93.1,81.0,7801,8.4,75.1,71,94.2,6.2,0
95.3,74.2,7117,6.2,62.6,25,85.2,9.3,0
96.0,73.1,7012,6.5,100.1,38,80.0,19.2,0
93.8,87.5,5863,6.5,87.9,25,94.0,14.26,1
97.9,72.9,8183,7.3,97.5,25,96.6,4.0,0
94.3,57.4,7480,6.6,73.0,80,66.3,19.2,0
94.5,73.9,6362,5.7,69.7,32,96.0,10.2,0
92.8,99.0,2954,4.9,89.4,25,99.5,6.7,1
92.9,65.8,886,3.5,96.1,25,88.0,10.8,1
99.2,56.3,9585,7.8,110.7,46,79.3,13.8,0
98.2,65.7,4896,5.0,84.5,82,91.0,14.8,0
97.4,82.8,6039,6.7,90.1,32,89.3,18.1,0
97.9,61.2,8869,6.1,113.0,25,72.7,20.9,0
95.4,82.4,5813,7.2,72.2,25,98.0,-2.37,0
97.7,60.9,3106,7.5,80.8,43,61.1,16.9,0
90.6,99.4,1384,6.5,55.4,25,58.5,23.3,1
94.7,70.2,9022,6.6,69.3,45,84.9,18.2,0
91.6,77.2,819,5.8,106.4,25,87.0,12.97,1
98.7,74.0,7238,7.6,74.6,25,81.3,19.9,0
94.3,78.3,3957,7.2,64.6,56,69.8,13.5,0
96.8,60.2,7700,7.2,88.2,25,83.4,13.3,0
91.5,82.2,991,7.3,100.7,25,79.0,15.46,1
99.0,74.4,7300,5.7,119.6,25,75.2,10.8,0
93.1,99.2,3167,5.0,87.0,25,89.2,12.9,1
97.6,78.5,5153,7.9,89.3,25,75.9,16.5,0
96.8,88.5,5585,6.0,80.3,75,94.0,10.48,0
96.1,66.7,7651,7.0,72.4,86,95.2,9.6,0
96.1,62.3,10513,6.9,88.2,50,61.9,14.4,0
90.9,100.8,4398,4.0,62.2,28,86.4,11.0,1
98.3,68.2,7398,8.3,120.0,25,54.0,14.9,0
93.9,87.0,4937,6.0,78.5,25,59.0,20.23,0
99.7,78.4,8042,7.4,95.9,41,79.1,15.4,0
96.5,66.8,9063,7.3,77.0,25,57.6,15.5,0
96.3,69.5,6236,8.2,74.1,25,83.7,13.1,0
92.5,100.1,4216,4.8,79.5,36,86.5,19.9,1
97.8,72.6,9354,7.8,90.7,76,81.8,24.2,0
92.7,78.5,1418,6.1,97.1,25,72.0,18.99,1
99.2,74.9,8825,7.1,103.3,25,74.7,17.4,0
95.9,66.9,8624,6.3,117.9,81,62.2,26.0,0
96.5,78.2,5860,5.9,94.0,25,95.0,14.61,0
98.7,66.1,5254,6.5,87.6,31,82.5,9.1,0
96.5,70.5,6896,8.4,93.9,34,76.8,6.0,0
96.6,82.5,6712,6.3,89.7,25,94.5,13.1,0
96.0,77.8,9635,7.4,77.3,25,90.9,13.0,0
93.3,58.1,6686,6.5,64.8,30,86.4,18.2,0
96.5,86.9,5146,6.5,76.7,125,94.0,7.40000000000003,0
98.5,79.8,7636,7.4,97.6,37,76.5,13.3,0
96.7,74.1,9312,6.0,102.2,29,89.1,14.8,0
97.76749814353188,107.2,1776,4.6,48.3,25,78.3,19.1,1
96.1,66.5,7729,7.4,81.1,25,71.2,19.4,0
91.6,99.0,4161,6.5,75.4,36,77.9,15.5,1
92.3,60.4,7280,7.7,68.6,41,92.1,15.6,0
91.8,80.2,2527,8.4,90.1,25,97.0,10.78,1
96.0,69.2,8431,6.6,82.2,37,93.7,15.7,0
92.3,70.3,6076,7.0,62.0,38,73.7,12.4,0
95.0,60.9,5376,7.7,87.8,25,84.1,13.4,0
96.0,90.7,24678,8.0,92.1,25,79.0,18.84,0
94.8,54.2,7858,7.6,52.8,49,70.6,5.4,1
98.0,75.0,2778,5.3,58.4,55,100.0,10.5,1
93.9,74.8,6946,7.4,82.8,25,90.5,13.3,0
99.2,72.9,9434,7.3,101.2,27,86.5,15.2,0
96.9,77.4,4016,6.2,86.5,77,76.2,17.1,0
98.5,67.4,6263,7.8,92.5,25,95.0,11.7,0
90.7,93.5,1605,3.5,45.4,58,83.5,10.1,1
96.4,69.1,7878,6.8,109.9,199,41.0,30.9,0
92.3,71.6,48,4.1,82.2,25,92.0,11.89,1
97.2,86.2,6235,7.1,115.8,25,83.9,11.1,0
98.3,70.0,6737,6.6,83.8,25,87.7,12.7,0
96.3,62.1,4332,8.1,93.6,29,77.7,16.0,0
98.1,69.7,5949,7.5,91.4,25,80.7,14.7,0
93.5,81.8,2285,8.3,65.0,25,86.0,9.95000000000005,0
91.6,97.4,4244,5.6,101.9,57,88.8,11.2,1
92.8,73.7,5952,6.3,55.7,25,90.8,8.6,1
97.1,87.6,6602,8.3,78.2,178,92.1,-0.2,0
96.3,79.3,8795,7.8,79.7,118,86.9,7.0,0
91.5,81.9,1274,7.5,95.6,25,88.0,11.93,1
98.4,76.5,5980,8.0,98.6,51,85.1,12.0,0
95.3,70.2,8591,7.8,82.3,37,93.1,12.3,0
97.8,78.9,7992,7.5,104.0,35,91.6,1.8,0
98.1,62.5,2000,7.2,89.6,38,99.9,5.2,0
95.6,71.0,3589,7.0,86.1,41,72.6,18.3,0
96.2,75.0,7798,7.6,74.7,35,90.8,5.5,0
95.5,68.9,6425,8.2,68.1,80,77.5,7.4,0
96.8,69.7,6045,7.7,92.6,78,59.9,20.9,0
97.4,87.5,5993,6.7,85.9,25,80.0,21.89,0
99.1,78.8,8152,8.8,91.5,26,86.4,13.2,0
94.1,65.9,10331,5.1,76.8,38,90.4,7.0,0
94.2,70.1,6215,7.1,72.8,30,81.5,6.9,0
96.4,69.8,4169,7.3,84.7,116,56.9,22.1,0
98.4,68.0,6208,6.5,115.1,25,91.6,4.7,0
94.0,68.7,3947,5.9,65.4,28,97.0,9.0,1
98.5,72.4,6798,6.2,108.9,28,59.2,23.0,0
99.6,63.7,7874,7.1,95.6,25,94.0,14.1,0
91.9,83.9,5484,6.1,119.9,25,71.0,17.14,1
97.1,83.9,6654,7.6,107.7,81,76.6,17.6,0
95.1,62.3,9171,6.0,67.4,25,92.5,7.9,0
93.1,80.5,2884,8.3,65.0,25,85.0,18.09,0
96.6,54.7,4017,5.8,117.6,25,84.0,17.1,0
90.5,103.6,2492,4.7,59.0,39,99.7,13.6,1
96.9,79.2,6210,7.0,116.1,25,79.1,16.0,0
98.5,87.4,7037,6.9,101.1,25,95.6,12.8,0
98.7,89.8,6548,7.1,109.7,32,67.0,17.3,0
93.1,70.8,5222,7.0,73.2,32,88.4,10.0,0
92.8,67.1,5817,6.3,63.2,58,83.0,14.1,0
93.5,74.8,552,7.5,67.7,25,87.0,14.42,0
94.9,71.9,10331,8.0,69.2,25,72.8,19.0,0
92.4,73.0,2305,6.2,94.2,25,96.0,8.77000000000004,1
91.8,91.2,3220,6.3,93.7,37,92.0,8.6,1
96.0,74.9,8779,5.6,102.1,28,76.6,17.3,0
96.0,78.9,6807,6.1,75.7,192,93.6,1.5,0
98.0,66.7,6615,6.8,92.9,25,84.3,8.6,0
96.0,79.2,12259,5.6,84.0,25,91.3,-0.2,0
95.3,65.6,5357,7.4,69.9,25,89.4,5.1,0
97.9,77.3,6080,5.0,109.7,25,78.7,13.5,0
96.0,90.0,9207,8.1,97.5,39,83.4,22.4,0
97.4,81.8,7383,6.8,77.4,79,81.8,12.3,0
97.1,69.6,11080,7.9,112.3,25,29.0,28.8,0
96.3,70.8,8408,7.6,112.8,28,65.5,20.8,0
91.6,72.6,861,8.3,87.3,25,95.0,12.18,1
92.2,83.8,1061,7.0,91.6,75,96.0,16.02,1
98.5,71.9,3587,7.4,91.6,28,91.8,12.2,0
92.9,77.9,16354,6.2,65.0,25,84.0,18.43,0
93.6,82.8,7394,8.8,72.8,25,92.7,11.2,0
98.8,79.8,9456,7.0,110.8,25,78.3,15.6,0
89.4,96.7,2173,5.5,44.6,29,86.4,19.7,1
89.7,107.9,1394,4.9,50.0,25,92.7,-0.5,1
95.3,66.5,5593,7.4,94.0,34,92.6,10.2,0
96.6,60.6,3940,6.8,120.0,28,84.4,6.9,0
93.6,93.9,3548,7.0,96.8,61,91.5,2.6,1
96.2,81.3,5484,5.5,78.8,66,62.3,23.9,0
93.4,82.9,5778,5.9,57.3,38,84.3,8.8,1
95.3,80.5,5779,6.2,78.9,25,72.0,13.54,0
97.5,70.1,9033,6.7,79.7,99,73.1,19.3,0
98.5,62.6,8590,8.2,86.8,38,88.3,14.0,0
94.7,68.9,6105,5.0,59.9,76,46.5,26.6,1
96.5,66.1,6543,7.8,117.2,35,77.6,12.7,0
97.9,68.1,8104,6.7,89.5,39,70.2,18.5,0
97.2,85.6,3660,6.2,110.8,25,92.8,6.2,0
93.3,63.5,11508,6.4,66.2,30,73.6,9.7,0
96.7,59.9,8320,7.5,91.5,25,86.0,15.4,0
96.5,73.6,10858,7.2,87.7,76,67.5,23.5,0
92.0,66.1,7939,6.9,67.2,42,72.6,3.2,1
95.9,56.5,4719,8.1,81.9,72,92.0,4.2,0
94.5,67.8,5469,7.5,60.6,25,85.5,14.0,0
96.3,72.2,7007,6.5,104.5,25,79.6,21.6,0
95.6,76.1,10796,7.6,90.3,25,57.5,19.1,0
98.0,75.0,2381,4.4,57.9,45,100.0,12.6,1
97.8,70.0,7294,7.5,95.0,74,71.9,6.8,0
95.7,63.7,8988,6.2,76.2,44,87.6,12.6,0
91.8,95.6,1470,5.7,106.8,25,95.1,15.4,1
97.2,90.0,8125,6.9,92.4,26,69.0,17.5,0
93.0,64.3,8217,7.4,64.5,119,88.2,10.2,0
97.0,90.0,6512,7.8,97.3,25,90.6,7.5,0
93.4,77.1,1571,6.7,79.8,25,89.0,11.36,1
90.3,91.5,11675,6.8,51.1,175,83.0,16.64,1
96.3,79.3,6766,8.0,84.9,25,97.7,10.2,0
97.1,50.0,10105,6.8,94.3,36,86.3,9.4,0
98.4,79.8,4865,7.1,97.5,38,87.4,10.7,0
95.6,81.6,7954,7.3,81.4,36,86.4,6.1,0
97.2,86.1,6909,7.0,112.2,81,76.2,25.6,0
96.0,68.8,9357,7.1,71.9,130,69.0,4.4,0
95.5,81.9,7583,6.5,88.4,25,95.0,4.0,0
96.61218680881377,91.9,5706,7.0,54.6,25,66.0,3.05000000000001,1
90.4,103.6,1420,4.4,52.9,79,92.2,15.7,1
98.4,67.3,7166,5.8,96.2,78,79.7,14.4,0
96.8,64.3,7481,6.2,117.0,25,78.6,18.7,0
96.7,69.8,7442,5.9,77.1,26,93.7,1.9,0
96.3,88.1,6076,6.4,102.6,25,74.0,10.92,0
99.2,64.9,10112,6.0,106.4,25,73.5,20.7,0
99.0,74.9,6920,7.0,86.4,25,82.8,15.9,0
96.5,68.8,6656,8.5,90.6,25,91.1,11.4,0
97.1,70.2,5806,6.6,120.0,32,82.8,19.1,0
97.7,73.0,10718,8.9,118.8,82,37.3,27.2,0
94.1,79.2,7689,6.5,69.5,25,94.0,2.9,0
99.4,50.0,7494,7.3,109.0,59,73.5,16.1,0
90.1,96.9,2260,5.2,49.8,45,91.9,14.2,1
98.9,67.5,7645,7.6,92.5,60,94.0,7.7,0
97.2,67.0,6429,5.9,91.3,25,70.6,14.1,0
98.0,69.2,6434,7.9,91.9,79,74.9,5.4,0
97.0,60.7,6805,7.0,96.5,49,90.9,1.1,0
95.1,63.9,11194,8.1,67.5,197,91.1,9.8,0
98.3,73.5,6470,8.2,100.6,25,93.4,11.2,0
98.7,84.4,3374,6.2,88.2,120,89.1,17.9,0
93.4,58.8,3145,7.6,76.4,25,90.1,8.0,0
96.8,59.5,8496,8.0,77.3,25,66.5,16.2,0
92.9,87.1,2557,7.0,64.5,25,98.1,13.6,1
95.7,76.7,8679,8.3,83.4,28,60.6,22.8,0
92.8,84.4,5855,5.8,80.6,25,92.0,1.17000000000002,1
95.8,75.6,3730,6.3,78.8,47,91.4,8.9,0
96.9,76.0,5499,6.9,75.1,174,89.5,0.9,0
96.9,75.3,6670,7.1,109.6,25,85.5,14.0,0
97.3,60.0,9637,7.4,102.4,35,87.0,8.6,0
95.2,54.7,11808,7.6,89.6,88,80.8,22.2,0
92.5,97.0,2449,4.2,87.5,31,100.0,4.9,1
93.3,58.6,17,3.4,89.6,25,84.0,5.57000000000005,1
96.8,60.7,9080,8.3,68.2,25,89.2,11.6,0
99.4,70.0,7472,6.9,107.9,25,42.0,22.0,0
98.7,63.7,2937,6.1,98.9,25,88.6,17.1,0
95.6,76.8,6058,6.4,71.9,25,81.0,5.15000000000003,0
96.9,73.8,6298,7.9,99.5,25,85.0,9.3,0
96.4,67.0,5046,9.3,116.2,44,97.6,13.6,0
97.4,84.1,4199,8.0,93.2,38,88.1,21.0,0
94.8,76.2,3110,6.9,59.4,25,85.6,13.2,1
93.8,60.2,7238,6.1,89.1,25,87.5,9.9,0
95.3,71.0,6177,6.9,68.1,30,95.2,-3.0,0
96.5,78.0,6655,7.4,111.0,25,90.5,6.7,0
99.1,76.7,6389,6.5,89.9,25,97.8,11.1,0
96.8,80.7,5938,6.7,118.2,25,78.0,17.6,0
97.9,81.6,6253,6.8,109.9,25,89.0,16.91,0
99.4,88.2,5942,5.8,85.5,75,84.0,11.89,0
91.4,92.2,3283,4.9,90.2,98,93.6,18.9,1
97.9,66.4,9465,6.7,96.3,26,86.7,10.8,0
99.6,70.1,6896,7.2,87.4,26,91.6,1.9,0
97.0,87.6,5763,5.6,73.2,75,89.0,13.15,0
93.7,79.1,8568,6.9,72.4,28,84.8,6.9,0
98.0,75.1,7702,7.1,92.2,25,99.5,14.6,0
95.3,83.9,9380,6.6,76.4,25,93.0,12.4,0
99.4,66.3,6827,6.5,82.2,29,69.2,15.6,0
93.0,80.7,802,7.1,81.9,25,97.0,12.03,1
96.1,73.4,5624,7.7,111.5,38,68.1,14.1,0
98.4,76.3,5759,7.8,98.6,46,88.4,9.3,0
95.6,76.9,5608,6.1,119.8,25,74.0,19.79,0
92.3,78.8,7737,5.6,62.1,66,60.1,24.6,0
97.7,65.3,5206,7.1,86.1,25,99.9,15.9,0
90.9,91.2,5598,6.1,50.1,25,75.0,18.28,1
95.5,73.8,6414,7.1,78.7,29,88.7,13.3,0
94.1,70.2,5260,7.0,65.8,33,86.2,-0.7,0
98.4,67.9,5210,7.8,94.8,36,85.6,18.4,0
92.6,70.1,8854,6.9,34.1,75,69.4,9.6,1
92.4,93.4,1632,4.5,76.5,25,93.2,14.3,1
99.0,64.0,4731,7.7,99.5,85,89.0,1.0,0
91.5,71.0,130,4.1,68.9,25,96.0,9.01000000000005,1
97.8,57.2,8154,6.4,95.7,25,69.5,22.4,0
96.1,60.8,9074,7.5,102.0,35,93.4,9.0,0
98.0,75.0,604,4.0,38.7,42,99.6,11.8,1
97.2,65.9,7405,9.0,100.1,25,81.0,6.4,0
96.2,83.1,8529,10.5,86.5,25,92.0,16.5700000000001,0
98.5,59.6,6224,6.8,89.8,25,93.3,16.4,0
96.9,79.8,8317,8.9,110.3,28,52.7,28.8,0
97.6,75.9,6337,6.7,93.3,80,69.5,19.9,0
97.1,62.8,10561,9.3,93.4,25,75.4,4.5,0
97.3,88.4,9763,6.3,101.8,25,87.9,19.5,0
93.0,87.3,2328,6.3,67.5,25,87.0,9.8,1
99.3,64.5,8360,7.6,92.2,25,86.5,6.5,0
97.3,56.3,7431,5.8,101.8,30,83.5,3.0,0
98.2,82.1,5721,6.3,78.2,25,95.4,7.4,0
97.8,60.6,6544,6.6,89.0,62,82.7,24.4,0
97.4,90.0,10526,7.3,107.7,25,68.0,18.2,0
93.3,100.6,2655,7.0,88.8,38,86.0,14.6,1
96.9,64.1,4669,7.9,103.1,63,95.3,10.5,0
95.5,70.9,3998,8.1,74.7,90,75.2,4.1,0
96.4,67.0,11644,6.8,102.3,68,92.9,11.1,0
94.6,85.7,9533,7.2,68.0,25,77.7,2.1,0
90.8,109.6,1692,4.1,56.2,25,77.8,3.4,1
96.1,73.1,9212,7.4,76.6,124,71.5,8.4,0
97.8,81.7,5778,7.2,86.7,60,74.3,18.2,0
92.7,95.5,2288,6.1,64.0,43,67.9,19.1,1
95.7,73.7,8341,7.5,71.9,78,97.1,6.1,0
98.8,75.1,7378,7.8,98.1,33,84.3,13.8,0
95.3,73.2,7659,6.9,70.3,25,90.8,4.5,1
95.9,78.2,7363,8.7,102.1,179,99.3,19.0,0
97.2,86.4,5772,5.9,90.2,25,44.0,14.76,0
96.4,87.1,3557,7.5,91.0,25,78.0,16.93,0
92.2,72.0,6888,7.1,75.1,25,88.8,17.5,0
95.7,80.7,5293,6.8,103.0,45,91.6,5.4,0
94.0,71.0,5842,6.2,72.0,25,86.5,-0.1,0
96.4,69.4,9438,7.3,91.9,25,66.2,26.0,0
93.6,53.7,11207,5.9,67.5,58,82.8,1.5,0
96.1,90.0,4326,7.3,88.3,26,93.8,3.5,0
93.7,74.3,9379,6.0,72.7,25,93.3,4.2,0
100.0,61.2,4302,6.7,114.0,60,52.6,30.8,0
98.4,57.3,6979,7.4,84.4,26,81.1,18.7,0
95.2,73.6,6659,8.6,83.7,25,86.7,6.4,0
97.1,75.2,7368,7.2,90.1,64,91.9,2.6,0
96.0,60.2,5062,6.4,96.6,39,80.6,18.4,0
95.4,73.7,10762,7.0,81.7,25,84.4,13.4,0
92.9,82.0,10073,8.6,64.4,29,77.5,21.2,0
95.6,67.2,6474,7.3,112.1,25,71.1,18.4,0
91.6,96.1,2347,4.5,92.8,65,78.7,11.5,1
98.6,68.6,6264,7.0,78.1,25,78.2,17.2,0
95.7,71.4,6763,7.3,92.8,32,91.6,9.5,0
93.7,80.1,5709,5.9,100.6,75,36.0,27.19,1
93.0,74.2,10675,6.6,56.7,79,93.2,3.4,1
93.2,92.5,3590,5.0,96.5,27,89.9,12.8,1
97.58535686304054,89.2,2302,4.5,48.4,67,97.6,17.4,1
98.1,70.5,7617,8.3,91.6,25,80.0,13.2,0
93.6,59.7,9327,7.2,66.5,25,85.2,4.1,0
99.0,75.4,4322,7.6,99.5,25,94.0,8.0,0
89.1,96.7,6345,6.8,49.7,25,87.0,5.04000000000002,1
96.7,67.6,10629,5.9,71.9,85,93.7,8.9,0
98.4,68.9,7116,7.7,86.2,25,98.0,15.7,0
91.9,91.6,5458,6.6,88.9,25,93.0,17.88,1
93.8,50.0,8836,6.0,68.4,25,75.1,8.9,0
97.2,69.7,6788,7.1,100.1,25,44.8,15.3,0
95.2,76.6,8062,7.0,97.6,83,79.7,21.1,0
95.3,74.4,6308,5.9,94.7,32,88.2,12.4,0
96.7,64.6,7593,6.3,88.2,25,69.5,17.6,0
100.0,79.7,5150,7.6,112.3,25,78.8,11.0,0
98.1,57.1,7995,5.0,92.2,48,92.5,10.7,0
92.5,70.2,2475,6.1,100.6,175,90.0,1.85000000000002,1
93.1,100.5,3284,5.8,115.2,25,76.7,20.3,1
99.0,73.2,6651,8.0,87.2,34,85.8,13.2,0
96.3,66.4,6603,5.9,120.0,85,90.8,15.7,0
96.0,67.3,9031,7.6,86.0,89,90.5,16.2,0
96.9,71.2,5595,6.3,86.1,25,83.7,15.0,0
96.3,77.2,8860,6.1,75.4,25,94.7,6.4,0
97.3,82.9,3531,7.3,91.6,25,94.2,17.9,0
100.0,74.7,7704,7.2,112.0,35,63.2,22.7,0
96.8,65.6,10814,7.6,105.5,76,33.2,27.9,0
97.2,79.5,10608,7.4,114.1,36,63.1,10.7,0
93.5,73.4,3283,7.9,69.6,44,89.8,11.8,0
97.0,90.0,11368,7.6,80.3,25,89.3,3.4,0
96.2,72.9,6100,6.2,86.4,35,78.4,14.2,0
98.8,81.5,7289,6.0,116.4,45,74.5,15.3,0
98.3,79.4,5273,7.9,89.3,31,93.9,4.3,0
96.3,83.2,7711,6.6,85.8,68,61.6,23.2,0
99.2,68.3,3414,7.5,97.6,25,86.4,14.4,0
99.0,76.6,5610,7.2,99.4,25,97.5,1.2,0
94.2,69.9,4958,7.8,78.6,39,98.7,5.4,0
96.0,68.1,4533,8.9,79.3,32,80.0,10.0,0
96.7,69.4,11419,6.2,108.2,74,72.3,24.3,0
93.2,69.5,8887,6.4,66.9,121,53.4,25.2,0
93.3,62.3,6751,8.3,69.0,27,82.2,11.3,0
96.0,54.3,6396,6.4,83.0,61,92.8,15.0,0
98.0,90.0,5501,6.1,86.3,25,79.7,15.0,0
92.3,72.6,5633,7.3,66.9,31,76.6,14.5,0
98.3,64.4,6617,5.9,82.8,36,78.1,17.4,0
91.7,99.0,3103,6.3,79.1,25,84.6,18.2,1
96.0,52.9,4685,6.4,78.7,27,78.4,9.1,0
94.7,88.7,10672,6.8,76.7,25,85.0,17.65,0
90.5,103.0,1839,6.0,61.9,25,80.9,3.5,1
93.5,75.9,6363,7.1,74.1,25,90.9,14.5,0
94.6,86.6,9359,7.4,63.2,25,78.0,18.3,0
95.1,72.4,6685,7.8,84.4,38,92.1,-2.1,0
96.1,73.3,8401,6.9,98.6,76,92.7,7.0,0
96.8,78.1,9749,6.8,90.6,25,85.5,12.6,0
95.64482113577228,86.2,6311,6.8,58.3,25,93.0,8.67000000000002,1
97.8,76.5,5528,7.1,94.6,25,92.4,12.8,0
93.7,82.4,9520,6.3,64.0,25,65.5,21.8,0
98.6,86.7,7784,7.6,107.7,30,88.9,5.1,0
98.4,72.6,8654,8.0,89.8,25,79.3,16.3,0
96.2,83.8,7254,7.1,79.1,93,85.1,5.5,0
93.3,82.6,1031,8.3,98.0,25,88.0,12.88,1
92.3,84.7,6105,6.5,60.1,25,80.0,15.74,1
91.5,90.5,6938,6.6,51.5,25,89.0,6.47000000000003,1
99.0,75.3,10651,8.6,109.5,25,89.9,13.3,0
96.4,71.9,11424,7.7,114.6,50,79.8,6.2,0
98.5,70.8,7258,7.5,78.9,185,89.5,0.8,0
95.3739880436098,106.7,2488,4.7,47.4,25,94.2,2.2,1
97.2,76.1,8849,8.1,111.6,25,82.5,9.2,0
92.9,87.7,4086,6.1,72.3,31,95.1,15.6,1
97.3,72.8,8102,5.4,78.6,25,78.6,13.8,0
97.5,71.0,5511,7.1,105.5,25,73.3,18.5,0
95.6,72.5,9653,7.0,75.7,38,84.4,6.1,0
89.3,84.2,2388,3.9,44.6,39,65.3,2.5,1
95.6,58.1,9104,8.3,63.8,25,76.0,5.4,0
95.9,87.0,7712,5.9,91.7,179,92.3,16.8,0
97.6,65.4,8357,6.4,74.7,45,75.0,16.4,0
96.1,80.8,8881,7.3,83.7,179,78.4,11.4,0
92.5,76.7,1254,8.2,95.6,25,89.0,15.5700000000001,1
92.5,90.3,2712,5.4,84.5,25,98.2,6.8,1
94.6,78.0,5743,5.9,71.6,25,78.0,2.88,0
98.1,90.0,10731,7.4,78.7,35,95.1,5.6,0
93.9,65.3,3376,6.4,80.3,25,80.6,5.0,0
99.2,78.8,2994,7.3,102.2,37,72.3,13.8,0
96.5,73.4,6149,9.1,76.2,78,76.7,19.8,0
97.8,60.3,5541,7.4,103.1,25,91.3,18.8,0
97.9,68.6,7091,7.1,92.5,25,72.5,17.5,0
92.6,102.5,2894,5.0,65.2,65,85.0,10.7,1
91.7,99.9,2831,4.9,86.8,25,85.2,16.6,1
91.7,87.4,5161,5.9,61.9,75,97.0,8.22000000000003,1
96.8,74.7,5720,7.2,76.5,77,85.2,9.5,0
93.3,93.3,3172,5.2,76.4,39,85.5,12.5,1
96.16788684212592,90.8,1209,3.4,46.5,38,93.7,-1.3,1
96.3,86.9,5152,6.3,79.6,25,83.0,5.59000000000003,0
99.9,65.0,3087,6.2,110.9,35,62.8,24.3,0
97.9,70.0,9719,8.0,94.7,25,69.4,13.6,0
93.3,95.7,3001,4.9,92.0,29,88.4,15.2,1
95.2,86.3,8144,6.4,83.2,25,74.4,22.3,0
98.1,79.6,7297,7.4,81.3,67,87.1,8.1,0
96.2,76.3,5759,7.6,78.9,31,79.5,9.7,0
96.4,86.5,5495,6.5,114.3,25,53.2,25.4,0
98.7,85.8,6194,8.0,115.6,25,90.9,7.9,0
92.2,81.5,4449,7.2,65.0,25,90.0,8.08000000000004,0
89.1,95.3,8964,1.7,57.6,75,100.0,7.79000000000002,1
96.3,66.8,7800,7.1,79.4,28,83.5,5.5,0
98.1,54.7,4097,6.2,92.9,25,54.2,3.0,0
92.6,83.3,957,6.3,84.7,25,96.0,12.91,1
99.0,88.5,7851,7.8,120.0,25,72.8,7.3,0
95.8,82.0,6835,7.2,79.0,30,72.2,13.6,0
92.2,60.7,6682,7.4,62.5,35,86.2,20.8,0
99.1,89.8,8297,8.6,94.0,57,77.2,12.7,0
94.3,74.4,3354,8.1,71.8,94,78.0,12.9,0
97.0,80.4,8444,6.9,84.4,25,78.3,7.9,0
96.8,74.3,6531,8.5,97.0,26,88.2,15.9,0
98.2,56.8,7011,8.0,81.0,25,74.7,15.3,0
99.6,62.9,9023,8.2,112.6,25,100.0,16.6,0
92.8,93.3,7478,6.5,60.7,25,74.0,3.89000000000004,0
95.8,85.4,6841,8.4,75.0,144,96.2,6.0,0
98.1,71.2,7727,6.9,78.7,46,90.2,11.4,0
91.0,94.3,2820,4.7,49.2,25,88.9,10.1,1
96.9,74.5,5979,6.7,120.0,25,78.8,19.1,0
98.7,75.8,6279,7.1,120.0,41,78.4,16.3,0
96.8,74.7,10774,7.0,111.2,36,83.6,17.9,0
99.1,75.0,4828,7.6,120.0,36,82.7,14.6,0
96.0,85.0,4690,7.4,96.9,40,82.1,9.8,0
95.6,70.6,6456,8.5,64.1,36,79.5,7.7,0
96.1,67.4,6645,7.7,91.2,26,76.5,22.4,0
92.8,96.0,2793,6.2,110.7,27,59.2,16.6,1
97.5,90.2,15263,8.1,82.2,25,92.0,11.34,0
97.9,82.5,4584,7.3,100.5,25,89.0,1.6,0
91.0,110.8,2725,4.5,54.0,78,58.9,21.4,1
93.0,107.4,1438,6.0,55.1,32,97.0,13.9,1
93.4,60.2,5861,5.4,68.8,25,88.6,10.7,0
96.8,88.5,8510,7.8,106.9,76,68.4,19.2,0
95.7,69.9,9590,8.3,90.2,30,100.0,13.1,0
99.4,61.9,6275,7.3,92.4,154,66.9,3.8,0
95.1,64.7,11751,7.2,101.6,29,84.1,11.8,0
90.1,95.2,4649,4.4,63.9,90,72.4,6.0,1
98.3,70.7,8075,6.7,104.6,84,76.1,15.7,0
97.6,65.6,8596,7.7,85.3,25,95.7,10.9,0
98.0,75.0,3044,7.1,48.6,39,74.3,4.0,1
95.2,71.4,4646,6.6,80.1,25,84.2,16.3,0
93.1,76.4,5596,5.5,65.0,25,94.8,13.3,0
92.9,93.2,2835,7.0,90.4,25,94.6,14.9,1
95.9,64.3,2520,7.3,75.5,44,93.5,16.9,0
96.9,72.2,8643,7.1,87.2,25,63.1,19.1,0
98.5,61.6,6706,7.7,102.1,25,76.0,15.9,0
92.7,92.1,3149,5.7,107.7,25,90.6,17.0,1
98.2,83.6,6099,7.1,84.6,25,55.2,3.0,0
95.2,76.1,7820,8.1,77.3,41,100.0,12.8,0
95.9,77.7,3417,6.9,86.2,25,87.2,2.5,0
90.6,94.7,2206,4.3,57.1,27,92.2,9.4,1
98.7,69.6,1412,7.3,95.4,25,86.0,9.37,0
97.7,73.7,2000,8.4,82.0,45,71.1,15.9,0
95.1,70.9,8233,6.8,112.6,58,80.9,17.5,0
96.0,83.3,7867,8.1,77.6,60,87.2,9.9,0
92.0,85.8,22976,5.1,65.0,25,56.0,22.37,1
95.0,69.6,5096,7.4,74.2,34,88.3,13.5,0
95.6,73.6,5056,6.9,115.2,33,62.4,17.3,0
93.4,85.6,6188,8.1,58.3,25,92.1,10.3,1
92.6,83.6,5822,6.4,79.7,25,66.0,21.96,1
99.1,76.0,5969,6.5,98.1,25,85.0,15.15,0
95.1,55.5,5709,9.0,82.4,177,89.0,7.0,0
92.1,95.0,1295,4.5,84.7,66,83.6,13.7,1
95.1,80.2,10808,6.5,84.8,170,92.4,7.4,0
98.1,67.9,8153,8.1,118.1,94,73.6,18.5,0
97.0,64.3,7158,5.6,68.3,34,92.3,4.2,0
98.9,83.4,6272,6.0,96.0,25,86.0,1.22000000000003,0
93.9,75.5,10223,6.5,75.8,25,88.9,9.1,0
99.1,68.6,6355,7.6,82.8,39,94.6,5.3,0
98.5,79.4,9967,8.0,95.1,40,90.6,13.6,0
96.4,82.7,2069,7.1,86.3,43,98.6,5.9,0
90.1,83.7,6244,6.7,57.3,25,63.0,14.16,1
94.3,71.4,5895,8.1,63.5,195,96.4,0.9,0
99.5,52.2,4822,6.6,78.1,25,95.7,4.7,0
96.7,79.7,5861,5.3,90.3,25,76.0,12.65,0
95.535633986163,101.6,1585,5.4,49.4,25,74.1,20.6,1
91.3,87.5,10845,7.2,44.4,25,90.0,1.86000000000001,1
98.5,82.6,5783,6.5,92.4,25,78.0,15.67,0
98.7,62.7,4653,5.0,85.2,26,90.4,10.2,0
92.4,78.3,960,5.0,88.7,25,89.0,5.27000000000004,1
97.0,69.0,6450,8.4,112.6,50,86.1,20.5,0
98.1,72.4,7658,7.9,79.4,52,87.9,6.9,0
97.7,56.7,4303,6.4,99.2,26,90.0,13.8,0
95.9,75.3,4473,6.5,81.5,81,100.0,4.8,0
95.4,69.8,10332,8.0,84.7,49,90.5,11.0,0
98.3,55.3,4424,8.4,118.5,25,87.9,15.9,0
94.5,87.6,8951,7.3,66.3,25,87.7,16.0,0
92.0,60.9,11536,7.3,69.7,25,50.5,24.3,1
98.8,71.5,8095,9.1,98.6,25,96.3,19.0,0
94.3,72.9,7548,8.8,77.4,25,82.7,3.7,0
98.1,80.9,5265,5.8,93.1,25,84.0,11.85,0
94.3,90.0,6063,8.1,79.4,25,75.7,1.2,0
96.2,86.0,5573,6.4,99.3,25,73.0,20.1,0
96.8,65.3,6450,6.9,81.4,64,93.7,8.4,0
95.7,63.7,6485,6.1,106.5,33,67.6,16.0,0
98.1,70.6,8433,8.2,114.5,102,57.1,24.7,0
97.3,64.8,7345,6.7,105.8,33,70.9,15.2,0
98.2,68.9,8276,6.3,117.8,25,70.1,13.6,0
95.0,73.2,7571,6.6,71.9,46,77.6,13.3,0
96.0,68.1,7077,6.9,80.5,68,66.4,1.4,0
96.1,78.0,5986,6.3,95.7,25,90.0,12.81,0
93.8,57.8,9410,7.0,83.7,25,100.0,13.5,0
97.5,75.2,7609,7.2,112.8,50,95.2,16.6,0
96.3,66.8,6168,7.0,93.0,35,84.6,14.0,0
96.6,65.6,9070,7.2,90.7,25,93.5,9.4,0
98.0,75.0,1755,5.1,55.1,136,93.2,16.2,1
96.2,82.9,6725,7.5,103.6,25,81.1,18.3,0
97.7,76.6,6394,8.1,78.4,27,84.1,11.6,0
97.1,63.5,8487,8.6,101.8,36,99.3,9.6,0
98.3,54.9,7656,7.1,103.9,26,93.1,14.1,0
97.3,76.8,7619,7.1,92.0,77,96.1,0.1,0
92.4,91.0,3386,4.4,91.8,25,67.7,18.6,1
97.6,65.6,8645,5.9,96.9,25,97.1,17.4,0
99.4,80.0,3367,7.2,91.4,28,87.8,11.4,0
97.6,62.1,12032,6.3,98.5,44,76.8,7.0,0
96.4,82.9,5206,6.8,94.0,25,67.0,21.53,0
99.0,74.9,5288,5.1,77.8,25,87.8,16.1,0
98.8,76.0,10532,7.0,92.7,25,92.3,8.3,0
89.6,104.3,1936,3.6,51.8,25,90.8,6.1,1
96.1,77.4,5731,7.1,109.2,76,90.3,18.2,0
96.6,82.5,7286,7.5,70.5,27,87.2,7.7,0
93.5,67.9,7617,5.3,68.4,49,82.8,20.1,0
92.6,79.2,2244,7.7,70.9,88,71.1,2.8,0
93.9,75.2,6815,5.3,67.3,67,75.3,5.5,0
96.3,68.0,7331,7.8,120.0,25,85.0,20.2,0
97.6,67.0,5700,6.4,109.3,25,78.0,15.8,0
94.4,77.0,6376,6.0,77.6,75,43.0,20.37,0
98.9,67.9,4616,7.1,98.6,41,85.4,1.8,0
97.8,56.6,9806,7.7,80.2,25,89.7,1.4,0
94.9,82.7,20786,6.2,65.0,25,70.0,6.07000000000005,0
99.5,65.0,7912,8.8,87.1,192,67.9,10.3,0
93.1,81.5,4934,6.7,61.4,48,100.0,4.9,0
97.7,84.6,4736,8.1,92.4,26,69.0,19.1,0
96.7,83.5,8159,5.9,93.0,25,73.2,11.2,0
94.9,82.9,4306,6.0,66.5,31,86.7,16.3,0
92.3,80.5,1162,7.8,88.0,25,87.0,13.3200000000001,1
96.3,74.5,6924,7.0,104.3,36,76.8,22.1,0
96.0,75.1,5932,6.0,72.8,32,94.5,10.3,0
96.8,70.9,5816,6.5,98.3,34,91.7,13.1,0
95.8,76.2,11787,8.0,80.6,31,88.9,2.6,0
96.1,68.7,7659,5.9,79.6,38,88.3,17.1,0
94.7,68.2,6374,6.7,71.4,38,93.2,9.0,0
91.4,84.0,11080,5.2,54.2,25,82.0,17.5,1
98.0,65.9,7950,6.7,112.4,40,69.2,21.3,0
89.8,87.5,5466,6.1,48.9,25,99.0,12.6,1
92.0,103.9,3607,6.5,101.7,25,99.6,12.5,1
96.4,90.0,5232,6.9,98.7,25,66.8,8.6,0
96.5,67.5,6776,7.6,84.4,85,59.4,21.7,0
98.7,81.5,9233,7.2,79.9,31,86.9,6.6,0
97.6,75.1,4285,7.0,87.6,25,100.0,9.8,0
98.3,65.0,4438,8.7,91.9,25,81.3,17.2,0
98.0,68.4,7454,6.2,81.1,37,76.1,7.1,0
91.4,78.0,5540,6.7,54.3,25,84.0,15.01,1
96.7,72.2,9435,6.8,72.3,121,99.4,6.2,0
91.1,108.6,783,4.2,58.1,30,93.5,16.2,1
97.4,85.3,3185,7.8,115.3,25,69.1,26.5,0
96.4,55.7,3789,7.3,83.9,27,68.5,15.1,0
95.1,70.5,10368,8.3,94.6,25,65.0,18.1,0
99.1,50.0,7786,6.2,120.0,25,65.2,9.6,0
98.0,75.0,1482,4.6,41.5,25,76.2,12.6,1
91.7,68.0,88,5.0,78.2,25,91.0,8.32000000000005,1
93.9,71.5,7855,9.6,63.5,44,61.7,18.6,0
99.1,75.3,5974,6.8,84.5,25,87.0,15.89,0
97.0,72.1,4306,7.5,80.5,25,85.4,9.9,0
96.5,88.2,5386,6.8,116.1,25,92.7,7.5,0
98.9,87.2,6219,6.4,105.6,75,99.0,15.95,0
95.7,82.2,5976,6.1,80.6,25,89.0,11.51,0
96.5,67.4,7918,7.6,112.7,198,38.2,31.6,0
93.3,69.1,4643,7.3,66.8,42,84.9,6.3,0
92.0,62.2,4770,7.1,71.8,25,89.2,9.0,1
91.1,120.9,1970,4.5,52.7,100,78.8,1.3,1
98.9,83.8,7099,5.9,103.8,25,85.2,9.6,0
97.0,65.5,7938,6.0,96.2,33,81.9,13.0,0
93.4,85.7,912,6.1,83.3,25,84.0,10.42,1
98.9,59.3,6931,7.8,90.9,32,85.9,8.9,0
98.5,55.4,6014,7.2,114.9,42,91.5,4.9,0
97.3,73.8,4768,7.5,103.6,30,70.6,19.8,0
97.7,71.6,10411,6.9,74.1,25,85.0,13.3,0
96.6,71.0,13187,8.1,83.8,29,79.3,10.6,0
95.2,66.8,6722,7.8,76.3,25,88.1,12.5,0
96.9,86.5,6548,6.9,88.3,88,76.7,19.7,0
96.4,71.7,7652,6.7,119.4,181,37.6,33.2,0
94.0,94.5,4985,9.0,79.7,25,79.0,16.2,0
95.8,76.7,7203,7.5,73.5,88,92.6,14.9,0
97.2,67.6,4276,6.3,80.1,31,96.3,1.3,0
99.8,63.6,5141,7.9,92.4,57,66.0,20.9,0
98.4,85.7,6973,7.7,90.7,35,73.9,17.8,0
96.9,81.1,6310,7.2,109.5,37,68.4,23.4,0
99.2,81.3,9051,5.7,86.8,25,87.9,9.3,0
98.0,78.0,9654,6.4,98.3,37,93.7,2.8,0
96.6,54.8,3145,5.9,95.1,29,94.6,17.0,0
92.4,78.2,5443,5.8,86.3,25,71.0,14.51,1
98.6,74.9,7807,7.2,105.2,26,43.7,24.4,0
96.6,66.8,9011,8.5,99.9,38,91.0,16.8,0
97.0,66.9,6761,7.6,85.4,32,77.4,15.0,0
98.3,76.6,4463,6.8,93.0,38,89.7,12.1,0
99.4,68.5,9247,7.3,92.5,25,80.4,16.8,0
96.6,80.0,10051,8.0,87.3,25,93.2,15.6,0
93.0,82.4,5686,6.5,62.0,25,88.0,8.47000000000003,1
97.7,57.8,6273,8.2,77.7,28,85.3,13.4,0
99.3,76.0,7453,7.4,111.0,29,75.6,16.6,0
98.6,74.1,10254,6.2,94.1,36,90.6,9.3,0
96.8,85.2,5939,7.2,84.8,152,92.4,7.8,0
96.4,62.3,7271,7.5,109.9,32,74.9,24.1,0
95.8,70.1,6317,8.6,84.6,25,83.4,20.3,0
98.9,78.3,5699,6.6,104.2,25,80.0,11.88,0
93.0,107.6,4980,4.4,94.9,34,87.9,10.7,1
98.5,78.6,7346,10.0,109.4,25,94.6,13.4,0
94.7,66.7,5951,5.4,78.8,25,84.6,9.0,0
96.9,71.7,7917,6.6,75.5,33,92.4,6.8,0
93.0,70.5,8924,7.9,63.8,112,85.4,10.2,0
95.8,71.4,7736,6.2,81.9,77,100.0,1.4,0
97.0,65.5,4855,6.4,78.7,70,64.2,18.8,0
96.8,65.1,6835,7.9,86.7,39,92.2,11.5,0
96.8,72.3,5582,7.2,70.0,26,86.1,9.5,0
99.1,66.6,4182,7.2,86.5,43,87.3,17.8,0
97.4,66.0,5088,7.0,100.0,65,54.8,28.5,0
97.2,82.4,9074,8.0,116.3,25,76.0,5.6,0
98.9,53.9,5747,7.6,81.5,32,84.7,18.3,0
96.7,82.1,5599,6.5,98.2,25,93.0,14.3,0
93.8,91.5,3318,5.4,88.7,34,100.0,14.8,1
92.0,88.9,2879,4.8,102.2,38,97.2,10.6,1
99.3,76.0,9006,7.0,108.1,25,48.9,26.5,0
90.5,81.5,5646,5.7,46.8,25,83.0,0.860000000000014,1
99.0,77.2,6128,6.6,106.7,69,88.8,-1.7,0
98.2,50.0,7688,7.7,100.7,34,66.6,13.7,0
96.3,67.0,6358,5.2,90.7,39,88.6,13.0,0
97.9,85.3,5933,6.2,112.6,25,72.0,22.65,0
94.5,61.2,9147,8.8,67.6,25,80.2,7.8,1
89.8,88.1,5163,7.2,56.0,25,80.0,2.79000000000002,1
97.3,98.6,5469,6.3,82.5,25,83.0,19.01,0
92.5,61.4,6939,8.4,62.6,199,96.5,7.9,0
93.1,94.4,3077,6.0,64.6,25,80.8,14.2,1
98.5,72.2,5945,7.8,120.0,25,72.5,13.8,0
97.9,85.8,6398,6.8,92.2,25,89.0,13.25,0
98.5,86.8,4379,2.1,85.6,25,95.0,11.2,0
95.9,64.8,5508,8.6,100.0,34,97.6,8.3,0
92.7,87.5,3802,5.0,75.0,163,65.6,2.3,1
95.9,89.0,5450,6.2,105.3,175,94.0,16.91,0
89.8,98.2,1843,5.0,26.4,25,91.1,9.3,1
92.0,65.4,6566,8.3,80.9,25,97.3,13.8,1
93.1,70.8,6567,6.2,70.3,32,84.2,22.1,0
96.8,87.2,4592,6.9,86.0,25,84.9,19.8,0
99.8,50.8,3956,5.9,95.2,76,76.8,14.5,0
96.9,62.1,5866,7.2,90.4,81,74.7,16.3,0
97.3,53.2,6158,7.5,93.5,25,85.3,16.7,0
96.6,70.7,6710,7.5,97.1,148,89.3,15.3,0
98.6,66.0,4900,7.7,82.2,31,78.2,2.4,0
99.3,86.6,12203,7.5,80.6,25,87.0,14.9,0
94.6,70.6,6837,7.7,61.8,25,92.0,2.4,0
98.4,87.4,10618,7.6,90.1,25,78.6,13.5,0
92.9,64.0,3924,6.3,64.4,84,96.0,1.2,0
99.3,66.9,4018,6.4,80.3,25,91.8,8.3,0
96.2,67.0,8990,6.9,96.6,79,34.8,30.3,0
98.0,78.6,6674,7.1,83.9,36,92.9,11.3,0
93.4,74.8,5351,6.7,68.4,30,56.8,20.8,0
96.06701814939484,81.5,3740,5.5,51.5,25,87.0,2.61000000000001,1
90.1,83.9,12404,7.0,59.9,25,85.0,6.54000000000002,1
92.1,61.0,9824,6.1,67.5,33,90.9,16.5,0
97.1,61.9,7253,6.0,87.3,25,72.5,19.9,0
98.4,80.0,3746,7.3,85.6,67,84.7,16.4,0
97.7,85.0,6311,7.3,86.3,25,85.5,2.5,0
94.6,83.4,3128,7.6,64.7,25,77.5,18.2,0
96.9,72.9,3538,6.7,87.5,84,94.0,8.3,0
98.4,67.7,7330,8.9,119.7,25,48.7,25.8,0
96.7,67.1,2433,5.9,88.9,25,77.6,19.8,0
91.8,89.2,2074,5.2,91.8,25,69.5,5.0,1
98.9,70.9,6154,6.9,112.5,68,72.7,12.6,0
97.7,70.8,3582,6.4,92.5,84,66.1,24.0,0
94.8,68.4,8713,7.6,68.1,40,65.8,20.7,0
98.9,83.7,5740,7.8,88.9,106,55.7,25.0,0
96.7,61.7,4199,6.1,79.4,25,95.8,8.0,0
93.1,91.3,3258,5.3,84.7,37,86.3,9.5,1
99.5,71.7,11543,7.0,96.1,25,90.4,12.2,0
89.5,86.5,5040,5.4,56.4,25,84.0,15.45,1
98.9,76.1,10951,6.4,94.6,51,91.5,17.2,0
93.3,82.5,6148,6.0,65.6,25,98.0,9.68000000000001,0
91.7,98.9,3720,5.8,76.7,32,94.5,9.8,1
94.2,68.8,7172,7.2,60.6,29,77.1,18.9,0
91.6,81.7,1258,6.9,112.9,25,94.0,14.4,1
97.9,79.5,6826,7.3,101.2,25,97.6,15.6,0
93.6,85.3,9293,8.5,74.2,41,80.6,14.7,0
97.4,86.6,5763,3.1,87.3,25,72.0,14.49,0
98.9,75.5,8779,7.9,93.8,37,85.0,12.7,0
92.1,66.2,8335,7.6,68.9,25,98.6,12.4,0
96.0,68.8,11108,6.5,95.7,25,90.7,8.7,0
96.3,73.9,9402,5.8,107.9,30,80.7,16.5,0
99.0,88.0,8545,7.6,100.9,25,84.0,16.0,0
94.2,63.1,10874,8.1,79.1,78,73.3,19.4,0
95.5,61.2,4793,9.3,92.4,25,97.8,4.8,0
96.3,75.8,5731,5.9,104.6,25,94.0,16.35,0
94.7,68.0,6677,6.3,62.1,25,66.9,20.6,0
94.5,77.4,5962,7.9,61.0,83,89.4,18.9,0
93.7,79.6,2845,6.9,66.7,25,64.5,25.6,0
93.4,90.8,2952,3.8,69.1,31,78.0,5.4,1
97.8,59.7,8057,8.6,81.2,25,81.2,20.9,0
96.5,79.0,5985,6.6,84.0,75,66.0,23.63,0
98.0,75.0,8261,6.7,58.2,38,87.7,8.1,1
96.9,74.4,9660,8.2,114.5,73,77.3,15.2,0
92.0,117.3,2307,4.1,54.1,33,85.6,11.7,1
95.9,83.1,10580,6.8,70.3,25,92.6,15.3,0
92.7,84.1,6293,7.9,57.9,75,86.0,13.12,1
98.4,78.5,8959,7.6,79.0,25,94.1,9.5,0
92.8,79.2,596,7.2,89.3,25,76.0,21.25,1
93.1,63.8,5696,7.1,66.6,73,84.6,4.5,0
96.4,68.1,7098,7.2,69.0,33,79.3,13.7,0
91.6,94.2,3760,4.6,83.1,34,89.5,15.2,1
96.7,74.0,10088,6.4,99.8,25,94.0,13.5,0
99.4,82.6,6096,4.0,92.3,75,88.0,4.30000000000001,0
98.9,65.3,10297,5.3,107.0,101,87.4,14.6,0
98.6,81.0,7184,5.4,87.6,30,98.2,9.9,0
96.5,60.8,5641,6.0,114.3,29,85.6,6.8,0
90.3,63.1,0,5.7,57.6,25,80.0,2.43000000000001,1
99.4,62.2,9027,8.0,85.7,77,60.4,-0.8,0
91.1,102.4,1917,4.3,54.7,50,73.3,-2.1,1
89.1,98.4,3912,4.7,65.0,25,79.8,6.7,1
96.5,76.3,8383,6.8,101.9,25,77.3,15.7,0
95.5,71.7,8072,7.9,72.6,115,95.2,-0.8,0
98.1,67.1,5828,7.0,87.8,32,89.2,12.2,0
97.6,79.1,5555,6.3,98.1,25,69.0,20.5,0
96.9,80.5,5825,6.3,82.5,25,74.0,6.13,0
97.1,79.7,5627,6.2,67.9,25,95.2,2.7,0
96.2,81.7,5700,6.6,74.9,26,75.9,16.8,0
99.9,87.5,7411,7.3,110.5,25,50.4,21.1,0
96.9,73.6,7324,7.3,84.1,25,62.4,15.5,0
95.3,65.7,6968,8.6,85.9,26,78.9,14.2,0
95.7,91.0,1885,5.9,110.0,25,76.0,21.35,0
98.2,89.1,5960,6.4,101.6,25,75.0,12.19,0
89.3,81.5,12316,7.4,55.5,75,49.0,30.22,1
95.8,83.6,5838,6.3,100.3,25,90.0,7.82000000000005,0
90.7,89.0,4792,5.7,53.4,75,83.0,10.18,1
91.6,73.8,171,3.2,101.6,75,90.0,10.96,1
92.6,85.6,3114,6.7,93.4,25,89.3,15.1,1
96.5,72.7,6413,5.6,79.9,34,72.8,17.4,0
98.3,59.5,4892,6.8,90.4,34,93.8,11.8,0
92.8,66.3,5105,5.9,66.4,25,88.4,18.0,0
97.0,73.8,5101,8.1,93.2,25,85.7,4.4,0
97.7,78.8,4045,8.1,86.4,25,66.0,18.24,0
98.8,69.0,4751,8.3,104.5,34,59.8,22.8,0
92.9,60.6,5763,5.7,44.1,25,96.0,12.5,1
97.5047907103979,91.9,974,5.3,48.7,25,89.4,9.6,1
91.8,106.9,3407,5.9,89.0,25,96.2,8.0,1
95.9,85.7,8636,7.3,82.2,25,97.0,11.44,0
96.3,82.4,3857,7.3,100.9,25,84.7,13.1,0
95.7,79.0,6538,5.9,102.5,28,93.3,8.8,0
99.0,61.3,6447,7.0,84.4,25,92.8,8.7,0
92.7,86.7,5181,5.4,65.0,25,78.0,14.88,0
93.8,65.0,8859,7.7,74.2,54,79.4,5.2,0
92.1,88.5,3493,4.3,99.0,91,90.7,12.8,1
91.9,80.6,10422,6.6,62.2,25,85.0,16.7,1
96.9,69.5,10716,7.4,103.9,80,79.0,22.7,0
99.3,71.1,5863,6.8,81.3,73,61.6,-2.6,0
99.3,77.7,5766,6.1,113.4,25,92.0,4.30000000000001,0
95.4,53.3,7852,6.7,85.7,25,95.0,15.2,0
98.6,66.3,8927,8.3,87.6,32,86.9,11.4,0
92.8,93.6,2751,4.4,90.2,36,77.1,0.6,1
96.6,84.9,11348,7.7,105.9,63,73.5,6.5,0
92.9,85.7,17615,5.9,67.8,25,96.0,16.67,1
94.9,77.4,3400,6.7,105.6,30,82.9,14.2,0
99.0,76.1,9600,6.6,95.8,38,84.3,1.8,0
92.1,104.5,4176,5.1,73.3,25,93.5,11.1,1
96.2,77.4,5077,6.2,91.2,81,98.6,0.9,0
100.0,75.5,8213,7.8,120.0,72,62.8,28.2,0
97.1,87.7,5719,6.7,89.2,38,64.4,21.5,0
99.4,74.2,6134,6.1,96.6,25,88.5,10.8,0
89.6,76.8,632,4.5,56.3,25,90.0,10.11,1
92.9,65.8,886,3.5,94.6,25,90.0,12.15,1
96.3,90.0,8359,7.7,86.4,32,89.0,15.3,0
98.1,67.3,8430,6.7,81.4,25,90.6,2.9,0
95.41065689020643,110.3,1477,5.4,56.0,79,47.5,31.8,1
94.3,78.0,7447,7.5,78.3,25,77.0,11.6,0
94.2,58.5,9584,7.4,58.4,86,98.7,6.1,1
98.4,79.5,2000,7.3,91.0,25,79.3,19.7,0
93.3,78.1,6155,7.2,67.9,25,100.0,9.7,0
97.2,82.4,8284,7.7,82.5,33,92.7,0.5,0
96.3,77.4,7802,7.4,82.0,25,77.7,6.6,0
97.2,64.2,7548,7.0,99.4,68,90.6,12.6,0
96.8,93.1,15780,7.8,86.3,25,81.0,15.04,0
97.5,75.5,4782,5.0,103.6,25,81.3,7.7,0
92.1,77.6,13687,7.3,69.4,75,93.2,18.9,0
91.0,85.6,9529,7.2,51.0,25,77.0,13.83,1
99.5,63.7,8292,6.4,91.8,25,90.3,16.7,0
95.9,75.6,6929,7.6,106.5,25,92.1,8.5,0
98.6,82.4,3433,6.4,80.6,25,86.8,14.8,0
94.7,68.3,5594,6.8,69.1,25,92.2,11.7,0
91.2,104.5,1613,3.9,53.6,38,97.1,6.5,1
92.8,106.7,1636,3.6,57.9,64,87.0,11.2,1
96.9,57.8,8575,6.6,91.1,34,61.9,5.6,0
97.2,87.0,6046,2.4,85.4,25,77.0,17.71,0
98.9,82.7,6734,7.2,86.7,36,83.4,17.9,0
98.8,81.2,7172,8.3,120.0,27,86.0,12.8,0
99.1,85.0,8290,7.8,91.9,25,80.1,9.5,0
99.0,64.5,5155,7.4,103.5,25,95.4,7.7,0
95.2,73.0,4341,6.8,80.4,25,68.3,19.8,0
98.0,84.1,6038,6.2,81.1,25,74.0,18.61,0
99.2,83.9,7814,7.7,108.6,25,87.2,13.0,0
99.5,76.4,5352,8.4,96.5,25,86.1,10.9,0
99.5,80.6,5494,6.2,102.1,25,48.0,23.05,0
98.0,75.0,2334,8.6,57.6,25,87.8,7.0,1
97.3,72.3,4531,5.4,88.5,26,89.8,9.6,0
96.4,85.1,5952,6.1,90.1,25,79.7,16.2,0
99.8,80.8,5642,7.9,112.4,25,59.2,24.1,0
95.2,64.3,6410,8.5,70.1,74,94.5,12.3,0
97.3,67.0,5661,7.1,110.1,49,77.4,23.6,0
96.3,80.0,6055,5.9,78.6,75,87.0,7.30000000000001,0
98.6,73.9,8024,7.2,108.2,25,87.5,8.4,0
98.1,80.5,9044,6.5,101.7,34,46.3,22.3,0
92.8,67.2,2521,7.9,69.9,63,81.5,5.4,0
94.0,58.4,7980,6.2,75.8,36,59.9,18.7,0
92.7,74.0,2200,6.0,103.4,175,86.0,3.56,1
98.4,52.9,8344,7.2,85.9,69,81.2,10.4,0
90.7,98.7,1312,5.7,51.0,31,83.7,17.5,1
96.8,70.5,7953,7.1,74.2,59,88.1,8.7,0
97.6,83.8,5796,6.4,103.5,25,80.0,9.17000000000002,0
99.1,75.6,9530,6.2,100.9,25,95.7,0.8,0
96.0,61.4,3801,7.4,76.4,43,91.3,7.4,0
93.1,104.4,4157,5.4,92.2,35,86.9,13.6,1
96.2,71.5,2544,7.1,79.4,65,84.4,6.8,0
99.9,72.4,9292,5.2,104.8,35,57.1,19.5,0
98.6,75.7,8270,7.8,104.7,46,69.8,18.6,0
96.0,85.5,5556,6.3,93.0,25,78.0,11.58,0
91.3,95.4,1901,4.6,57.7,25,86.6,0.6,1
93.7,50.0,6513,8.3,67.6,25,76.0,11.0,0
98.4,85.9,6538,7.9,80.0,25,87.0,13.0,0
98.3,51.5,2000,6.0,107.3,25,58.9,18.7,0
98.8,71.2,6918,7.0,117.6,25,81.2,16.5,0
91.5,89.5,2228,4.8,85.6,25,81.0,19.8,1
96.5,59.1,7897,7.0,119.9,25,100.0,12.0,0
91.9,80.3,5614,6.1,41.3,25,68.0,12.51,1
92.1,97.0,3594,6.1,106.5,25,92.8,12.8,1
97.1,55.5,5006,6.2,96.4,35,78.6,16.1,0
94.1,84.1,16725,6.4,65.0,25,53.0,21.98,1
93.9,75.3,5378,7.6,75.4,25,90.6,7.7,0
97.8,71.0,7528,7.4,108.6,25,85.2,5.5,0
96.3,75.9,6061,6.7,90.1,29,77.6,21.8,0
96.3,76.6,6994,8.0,96.6,25,90.2,11.7,0
96.4,77.7,10836,7.5,86.3,30,93.2,3.3,0
97.31273661123747,67.6,7648,6.4,57.1,72,92.8,1.7,1
91.6,93.7,3240,5.8,60.2,30,93.0,11.3,1
96.5,78.2,4984,8.4,86.1,80,59.6,14.4,0
97.4,90.0,7928,8.1,88.2,25,100.0,18.7,0
95.5,80.8,9570,6.5,76.2,65,92.9,19.9,1
97.8,62.1,9151,7.6,75.0,31,86.9,8.7,0
97.8,86.2,10242,5.9,98.5,25,77.0,8.26000000000005,0
95.9,70.0,10986,5.6,91.2,83,90.5,14.9,0
96.7,61.8,6560,7.6,102.9,34,67.7,5.5,0
93.0,98.3,4073,5.7,79.2,25,93.3,2.4,1
98.7,75.9,9052,9.5,91.1,25,88.9,17.2,0
97.0,69.3,6143,7.3,91.1,25,48.4,26.5,0
96.0,84.4,3784,5.7,103.1,72,30.3,31.0,0
91.9,99.0,2481,4.7,55.5,164,81.7,20.4,1
93.6,74.3,5611,7.3,55.1,81,97.9,3.6,1
97.2,85.4,5455,6.6,93.6,25,78.0,14.6,0
99.2,71.6,7997,7.0,94.4,31,76.3,6.8,0
96.3,80.2,6061,6.1,94.0,25,84.0,15.63,0
98.1,78.1,6927,9.1,81.9,25,87.4,17.6,0
94.2,61.5,5482,7.1,63.7,29,84.3,12.9,0
98.0,75.0,6026,7.5,53.6,25,80.0,8.33000000000004,1
95.7,61.7,7740,7.7,105.8,25,72.0,11.6,0
92.6,90.3,2952,7.0,98.4,25,80.8,4.2,1
93.1,84.5,6481,8.2,83.6,25,89.0,16.92,1
92.1,78.1,5908,6.0,65.8,25,95.0,12.69,0
99.0,73.0,3678,5.4,106.3,85,94.0,17.2,0
96.7,78.4,6264,8.0,92.3,40,81.1,4.0,0
94.5,90.0,5457,6.0,67.0,25,75.0,8.63,0
92.6,73.6,2238,6.7,70.8,83,73.2,6.4,0
92.7,78.6,5817,7.8,68.0,68,82.0,12.7,0
90.1,109.1,2639,5.0,51.1,29,76.8,15.2,1
93.2,83.4,5814,6.3,88.9,25,93.0,17.78,1
94.3,59.9,11718,8.8,67.9,25,59.5,17.9,1
92.4,89.8,5250,5.6,65.7,75,73.0,3.51000000000005,0
92.0,84.0,3311,5.5,84.6,46,97.4,12.0,1
93.8,81.4,6764,7.8,65.6,36,87.1,14.0,0
94.4,82.2,2000,8.4,56.4,77,90.8,17.2,1
96.2,85.3,6223,7.1,97.8,25,100.0,9.5,0
93.4,96.3,3692,5.9,87.8,31,91.7,12.7,1
96.9,68.7,9019,7.7,109.7,27,83.7,18.8,0
98.6,66.7,5532,6.7,75.1,30,78.0,11.7,0
90.3,108.9,2699,6.1,50.5,25,76.6,0.3,1
96.0,76.0,482,3.8,81.7,25,96.0,15.45,0
96.3,71.6,7212,8.3,69.4,27,93.5,9.4,0
96.1,60.4,5023,6.9,109.4,59,84.8,15.6,0
93.3,93.0,3234,4.2,113.7,34,44.6,25.3,1
96.5,64.2,3329,7.5,84.7,25,77.7,18.0,0
98.9,68.8,3264,5.8,90.6,35,98.9,3.4,0
96.99101349608794,90.1,1272,5.5,46.6,40,84.2,6.5,1
92.4,84.8,1516,6.4,95.6,25,77.0,14.09,1
95.6,77.3,4666,6.4,101.2,36,79.8,12.1,0
89.8,115.2,1325,5.9,51.8,43,61.9,24.3,1
91.5,88.2,1513,5.1,42.8,25,100.0,16.5,1
96.4,62.0,8610,7.3,85.4,35,66.6,16.8,0
93.0,118.6,2626,6.3,55.6,58,86.6,8.1,1
97.0,81.4,6583,7.3,78.5,88,84.4,14.3,0
99.5,64.8,5665,5.0,90.9,25,93.3,3.8,0
93.1,83.7,6265,6.1,96.6,25,87.0,16.97,1
96.1,77.1,2519,7.2,82.6,31,95.1,13.7,0
97.0,63.1,7287,6.4,109.2,83,42.1,27.0,0
99.5,78.5,5709,6.1,81.4,175,66.0,2.86000000000001,0
97.0,64.9,6238,8.5,67.8,81,86.1,12.1,0
92.1,92.1,2716,5.5,100.1,25,93.0,13.9,1
91.4,104.3,2147,4.5,59.4,29,100.0,0.6,1
92.5,83.5,4543,5.6,60.3,175,92.0,5.70000000000005,0
96.0,76.3,5032,7.3,80.1,37,74.5,11.5,0
96.9,74.1,6320,8.7,93.0,25,67.8,18.9,0
96.57317080798273,52.6,9376,6.9,53.5,25,76.8,11.6,1
95.5,77.6,8740,7.3,79.6,30,85.2,15.2,1
95.6,90.0,3838,6.9,84.7,35,91.5,8.9,0
94.8,70.5,4814,7.9,47.1,84,71.6,5.1,1
97.7,62.4,8507,7.4,114.0,79,40.3,27.4,0
96.0,73.4,3787,8.2,77.8,138,73.9,7.6,0
97.0,76.6,8747,7.0,83.8,90,92.5,1.6,0
92.1,85.8,5917,6.0,66.3,75,49.0,19.16,0
93.9,74.6,10628,5.5,69.1,35,86.3,9.1,0
96.7,84.3,5788,6.5,87.8,75,43.0,28.39,0
100.0,52.2,6147,8.2,104.7,75,63.0,24.5,0
96.9,71.9,4764,6.4,101.5,98,77.1,18.4,0
97.1,73.8,12253,7.1,98.2,71,86.7,14.8,0
93.8,76.6,7846,7.6,59.9,25,96.1,11.9,1
95.4,80.5,5574,5.8,71.4,25,90.0,8.14000000000004,0
97.6,75.8,5694,6.1,93.7,25,93.0,17.0700000000001,0
89.9,84.6,6309,6.4,54.6,25,76.0,13.89,1
90.7,101.3,2013,5.0,47.2,82,87.7,8.6,1
96.2,88.3,9971,7.4,120.0,31,66.2,21.3,0
93.2,84.6,5292,6.9,103.4,25,78.0,11.96,1
95.4,73.5,6283,7.7,74.9,25,90.3,2.2,0
95.8,61.0,8098,5.5,100.0,39,88.6,5.8,0
96.6,69.1,7308,6.1,81.8,37,78.8,19.4,0
96.9,68.4,5854,8.3,72.1,25,92.4,11.5,0
96.6,66.7,8349,6.0,73.6,25,77.7,8.2,0
89.6,100.7,2378,5.1,49.3,25,84.8,0.4,1
96.2,71.7,6170,8.6,94.3,25,72.8,18.4,0
93.2,81.4,1891,5.9,87.2,30,81.7,11.7,1
89.6,111.9,1285,5.3,50.7,25,68.1,19.7,1
91.8,82.1,4436,5.1,97.2,25,94.0,11.06,1
98.9,76.4,9732,6.0,101.2,25,99.7,20.6,0
98.9,86.7,5073,7.7,106.7,73,70.1,13.2,0
91.7,90.8,2910,5.8,75.1,42,95.3,12.6,1
99.0,60.9,6158,6.5,91.2,36,77.1,9.7,0
95.7,79.1,6689,6.4,84.8,26,78.6,20.7,0
95.6,88.7,5631,6.3,99.8,25,97.0,5.04000000000002,0
92.2,94.9,1968,4.3,58.1,44,70.3,3.0,1
97.6,88.3,5978,6.5,109.6,25,78.0,21.0,0
97.0,83.1,9914,6.4,120.0,31,78.0,18.8,0
96.8,75.7,5632,6.4,105.5,75,94.0,14.94,0
95.5,68.0,10817,5.0,103.1,25,74.6,21.7,0
98.0,75.6,2465,8.7,90.4,32,89.8,9.9,0
95.0,81.1,8952,6.6,74.9,77,89.1,10.0,0
99.2,74.7,6521,5.0,98.2,32,76.1,16.4,0
94.5,65.3,6311,6.4,61.1,25,88.0,12.9,0
92.1,96.0,3130,5.2,103.5,28,73.0,16.5,1
96.0,78.6,7533,6.7,99.2,32,95.0,14.6,0
99.0,74.4,7243,6.4,91.8,25,71.1,8.9,0
91.8,87.0,5465,6.3,48.6,25,92.0,2.66000000000003,1
96.1,53.6,8831,8.4,76.4,37,79.1,14.9,0
96.0,71.1,9273,7.0,103.4,25,90.1,14.4,0
99.2,66.3,8324,7.1,112.5,82,35.2,31.9,0
96.4,76.0,4004,8.0,76.5,25,92.7,12.1,0
98.7,72.7,5015,6.2,72.2,25,84.8,6.9,0
89.4,98.3,1613,4.9,50.0,25,81.6,8.3,1
95.5,87.3,6201,7.0,111.1,25,88.3,17.4,0
95.1,83.8,8233,7.0,91.8,25,83.2,10.6,0
97.9,63.1,13711,6.6,89.0,74,92.5,11.1,0
96.7,86.0,2362,6.2,86.2,26,68.2,4.8,0
89.1,83.9,3013,7.4,51.5,25,94.0,11.24,1
94.8,81.0,3792,6.2,62.6,25,84.0,16.5,0
89.5,105.5,1689,3.8,55.1,25,82.5,6.3,1
98.6,67.9,6131,7.5,90.5,27,79.0,15.5,0
91.5,78.2,5928,6.5,56.4,75,96.0,15.92,1
98.0,75.0,1166,3.6,45.3,95,86.0,16.1,1
96.1,66.2,5415,6.5,94.6,40,79.0,15.6,0
97.9,76.8,12621,8.6,79.6,40,80.0,13.1,0
94.6,82.5,8884,6.2,55.2,62,49.2,24.1,1
98.4,84.3,10559,7.3,81.9,25,75.4,19.5,0
97.8,75.2,7371,8.7,101.1,26,94.1,15.1,0
93.3,73.8,8273,7.6,56.7,38,97.2,9.9,1
94.3,54.3,8516,5.5,53.9,25,77.2,17.3,1
89.4,105.0,2382,3.6,50.3,34,76.0,16.9,1
96.4,74.9,6090,7.4,75.7,25,81.4,9.2,0
91.0,92.7,5277,7.3,54.6,25,97.0,7.70000000000005,1
96.0,67.9,7737,6.8,87.3,25,81.4,17.7,0
92.6,105.4,3807,5.2,93.1,25,89.5,15.4,1
96.3,77.4,8110,6.0,85.0,38,74.6,16.9,0
97.9,70.1,2000,7.3,83.1,84,80.2,7.1,0
94.7,67.4,2883,6.8,63.9,30,81.9,14.9,0
96.9,81.8,4664,7.6,85.5,75,73.0,19.35,0
97.9,76.2,7277,7.6,95.7,40,81.5,18.0,0
98.3,76.3,6971,7.2,96.2,66,95.6,17.3,0
99.2,74.5,4020,7.6,99.5,25,73.1,6.7,0
97.0,75.1,5805,7.7,77.0,93,90.0,14.2,0
99.0,85.9,5666,7.2,116.2,25,74.0,11.39,0
96.0,65.8,6133,8.0,61.0,25,91.7,11.9,0
96.0,67.2,7301,8.0,79.4,51,78.0,12.4,0
97.0,73.4,3482,8.5,64.4,66,86.7,14.3,0
96.2,85.6,6121,8.0,88.1,35,90.8,15.9,0
95.8,74.4,2794,6.7,94.3,174,91.6,19.6,0
97.62167023268755,71.0,5913,6.3,57.9,35,99.4,5.8,1
95.9,53.8,9797,7.5,67.0,45,82.9,3.3,0
90.0,91.0,15304,4.9,43.9,25,72.0,3.75,1
98.0,77.3,7290,7.3,82.7,72,86.1,8.1,0
92.6,91.8,3521,5.4,108.9,36,91.8,16.7,1
96.3,66.4,6921,6.8,90.8,37,68.2,23.6,0
95.9,68.4,2000,8.1,83.1,44,83.0,3.7,0
94.1,72.0,8126,6.7,69.8,25,92.1,11.9,0
96.6,78.7,5504,8.2,93.2,25,76.5,19.1,0
99.0,87.2,8583,6.7,80.6,25,95.0,16.0700000000001,0
96.0,66.8,6004,8.3,116.1,28,69.8,9.6,0
91.4,89.9,5498,6.1,49.9,25,93.0,16.08,1
95.6,70.0,4886,7.6,74.7,31,71.9,16.2,1
92.9,65.1,2030,5.6,56.7,102,83.1,8.6,1
92.8,85.1,4330,4.9,87.5,32,96.3,3.3,1
94.7,66.1,6970,7.2,76.2,69,85.5,7.4,0
98.9,83.9,4636,8.3,115.4,32,77.8,12.8,0
97.2,73.8,9016,7.3,92.7,29,82.7,18.2,0
97.6,77.4,5465,6.5,88.2,25,85.0,1.75,0
93.4,93.2,6154,6.4,61.7,75,93.0,7.93000000000001,1
97.2,81.9,9094,7.6,81.6,25,81.4,19.4,0
97.7,76.0,10497,5.1,94.8,34,88.9,16.3,0
97.7,70.2,6539,7.0,93.6,25,94.8,11.1,0
98.7,71.2,2000,8.7,87.3,28,81.5,16.6,0
93.5,79.9,1406,8.2,90.9,25,91.0,12.86,1
94.3,66.3,4691,8.5,58.2,25,83.7,12.5,1
96.9,63.1,8509,8.5,86.1,78,89.4,8.7,0
98.0,69.4,4767,6.8,77.9,25,97.2,21.9,0
97.6,79.3,8565,6.8,108.5,27,90.5,7.8,0
96.0,67.7,4010,7.8,78.4,25,81.9,9.0,0
92.4,79.7,7574,8.1,71.1,25,74.9,13.1,0
99.2,75.0,5748,8.0,100.2,40,77.8,6.2,0
97.1,78.8,6086,5.1,84.0,26,72.2,14.1,0
98.5,71.2,5223,7.8,85.4,25,81.0,17.8,0
98.5,76.7,7296,5.9,91.8,25,89.3,7.7,0
95.8,67.6,5589,6.1,79.2,34,70.0,14.3,0
97.3,75.8,6467,6.3,100.6,25,71.2,16.7,0
97.0,69.2,2000,8.1,114.5,25,98.6,9.7,0
97.9,74.4,5923,7.7,94.5,25,68.8,19.3,0
92.8,90.5,2595,5.0,96.4,25,90.8,13.0,1
95.4,63.4,2820,7.7,76.9,25,79.6,9.2,0
92.9,98.5,2205,4.5,73.4,32,60.8,16.3,1
95.7,77.6,8498,7.3,84.3,25,84.2,6.0,0
99.4,70.5,3944,6.8,112.1,30,91.7,15.6,0
92.4,78.4,3442,6.0,98.0,25,86.0,14.67,1
95.6,56.4,9893,7.0,81.1,31,75.2,18.6,0
97.9,85.3,5982,6.1,96.0,75,89.0,8.19,0
97.7,70.2,8379,7.5,94.9,25,61.5,13.9,0
96.4,59.6,5744,8.4,78.9,53,86.7,8.4,0
97.6,72.1,5997,8.3,114.7,26,80.0,21.6,0
92.0,76.0,452,5.7,108.4,25,76.0,14.9,1
98.7,68.1,6361,9.4,111.1,82,73.1,7.1,0
95.3,76.9,4615,8.7,77.7,25,76.7,18.4,0
97.7,73.4,7111,7.1,109.7,34,78.3,11.0,0
97.4,76.1,6975,7.1,84.7,25,92.1,11.6,0
91.8,95.9,4113,4.8,95.0,40,93.1,11.5,1
98.0,75.8,8330,7.5,91.2,25,100.0,16.7,0
99.5,72.6,12035,8.3,102.0,25,95.2,5.2,0
96.1,72.6,4025,7.4,85.1,25,95.4,9.0,0
93.2,55.5,3511,8.5,74.3,25,83.4,16.6,0
98.4,74.8,5536,6.2,93.1,39,95.2,10.6,0
93.9,69.5,11492,8.0,66.7,59,90.1,0.1,0
94.1,52.7,8328,8.1,76.6,89,86.4,4.3,0
96.9,73.3,6778,7.3,106.6,26,76.8,8.3,0
98.7,86.5,4694,6.0,80.7,25,75.0,14.8,0
95.3,93.1,5650,6.4,68.3,25,90.0,5.86000000000001,0
93.2,84.3,19021,7.0,65.0,125,58.0,25.58,0
99.5,78.7,6301,5.9,94.8,25,92.0,14.21,0
97.7,64.6,4441,7.8,109.4,25,83.3,6.8,0
98.4,64.3,7367,6.8,91.2,25,85.0,15.6,0
91.2,93.9,2254,6.5,58.9,72,67.2,11.2,1
97.20933270687416,102.5,2259,4.9,55.2,26,84.9,12.9,1
92.5,79.8,5598,6.3,73.3,25,97.0,8.77000000000004,1
97.3,53.5,5091,7.7,81.3,31,77.4,10.8,0
90.2,85.8,6631,7.9,59.4,75,91.0,5.93000000000001,1
92.9,82.1,1201,8.0,90.9,25,86.0,3.61000000000001,1
93.1,76.4,5344,8.8,69.0,25,84.1,14.1,0
95.3,55.0,3196,7.5,76.8,78,93.4,11.3,0
96.8,68.8,8299,7.6,107.3,67,62.1,21.9,0
89.8,91.0,2117,5.7,46.0,33,100.0,14.0,1
97.95320654211065,79.9,7326,7.4,57.7,39,84.7,3.6,1
95.5,59.6,6259,7.5,73.0,28,85.8,7.8,0
98.9,61.8,7945,9.3,87.6,42,66.2,19.3,0
93.1,74.5,7005,6.5,63.1,25,84.6,14.1,0
98.7,70.3,5489,7.3,113.7,25,80.0,5.7,0
92.3,83.1,4083,6.6,74.2,25,93.6,4.6,1
97.8,89.9,2000,7.3,104.0,47,82.2,16.0,0
96.2,75.3,4263,7.4,102.6,25,71.8,26.2,0
100.0,86.1,5735,6.2,93.1,25,88.0,4.44,0
92.3,78.2,9148,8.1,60.1,25,80.4,1.9,0
98.5,84.5,13436,6.7,95.5,25,85.3,12.0,0
97.6,75.9,7852,8.3,120.0,38,80.5,15.4,0
96.8,56.0,4959,7.2,104.6,81,75.3,20.1,0
97.1,70.5,8830,8.0,78.4,25,84.9,10.6,0
98.0,75.0,9562,6.8,56.6,41,88.6,3.0,1
95.4,50.0,6805,5.6,85.5,25,94.6,15.8,0
93.7,54.7,7164,7.6,87.8,26,85.5,10.6,0
96.6,78.2,11102,7.1,82.5,50,67.0,9.5,0
93.1,86.0,3711,5.4,100.2,25,82.9,7.8,1
98.1,82.1,6088,6.2,109.6,25,85.0,15.27,0
93.0,79.1,8690,7.8,62.1,25,94.7,12.0,0
98.6,70.6,6056,6.8,89.2,29,92.8,7.6,0
95.7,74.1,3166,7.1,72.8,25,79.3,5.2,0
93.9,63.8,2000,7.5,79.2,25,61.0,23.3,0
97.8,54.4,13277,6.7,103.3,25,80.5,11.3,0
99.5,72.4,8312,6.2,90.2,78,88.1,13.6,0
98.2,63.8,9356,6.4,83.1,54,95.8,7.2,0
98.2,84.8,5968,5.8,88.9,76,81.3,19.4,0
99.2,88.8,8536,6.6,85.2,179,79.7,19.6,0
95.8,77.0,11137,7.5,71.6,43,81.0,19.8,0
95.5,80.4,8568,6.5,62.6,25,84.8,6.3,0
95.5,80.9,7263,9.1,71.7,25,81.2,4.7,0
99.1,84.5,8629,7.4,80.4,75,94.0,1.70000000000005,0
96.0,71.9,5731,7.0,80.2,30,97.7,17.7,0
90.4,98.4,1840,4.9,57.5,25,93.5,2.7,1
92.4,75.1,2777,7.3,102.4,25,89.0,15.14,1
96.65614154255594,70.7,9415,7.7,58.2,27,64.9,19.7,1
95.5,90.1,5988,6.4,74.7,75,80.0,8.23000000000002,0
94.9,70.6,6722,7.6,50.6,70,72.6,5.1,1
99.2,61.5,3955,7.7,102.5,70,67.6,21.1,0
95.9,54.8,9541,7.1,80.2,25,84.3,7.1,0
93.4,75.8,6114,6.1,57.3,25,58.7,20.2,1
98.3,77.4,5161,8.3,80.2,25,76.0,18.0,0
96.6,88.9,12926,5.6,75.6,34,78.4,2.8,0
96.74912468290907,92.1,12540,4.8,43.8,75,79.0,14.48,1
96.5,61.9,2000,7.0,102.6,25,86.7,9.2,0
94.8,72.0,7538,7.0,68.2,30,68.2,19.9,0
93.0,93.5,3864,5.9,88.6,25,85.7,5.3,1
98.0,75.0,2382,4.0,44.0,34,84.6,19.8,1
99.7,84.9,5965,6.3,98.3,25,94.0,15.81,0
96.4,74.4,6683,5.8,120.0,58,75.1,20.9,0
95.7,82.4,6988,6.3,82.0,25,78.1,5.3,0
98.8,79.4,5399,6.4,93.7,125,85.0,16.73,0
97.0,79.7,7069,8.3,88.6,36,91.4,1.3,0
97.1,75.9,8711,6.7,79.7,46,74.9,19.0,0
89.5,101.7,1651,4.4,56.5,78,90.6,20.9,1
93.1,99.7,4331,5.0,83.0,38,95.6,15.5,1
96.9,66.6,5751,6.0,81.1,32,89.9,7.3,0
91.2,99.6,3376,6.0,60.2,29,94.5,15.2,1
97.3,62.9,7926,8.9,100.0,25,70.3,25.4,0
94.6,78.5,5229,6.9,62.8,34,70.4,18.6,0
97.4,75.0,7775,7.3,90.6,28,89.1,9.8,0
92.9,104.9,2849,4.5,68.0,25,91.3,5.2,1
89.5,104.2,2538,6.2,47.0,59,57.5,18.2,1
91.3,82.9,6318,5.8,105.8,75,94.0,16.7,1
93.9,62.6,6697,7.3,80.8,79,91.8,12.5,0
96.1,59.0,10920,6.2,86.4,25,69.0,19.8,0
99.9,61.9,4857,8.1,112.4,25,56.9,22.9,0
98.0,75.8,6215,6.5,97.4,25,79.0,16.21,0
90.6,79.7,5745,5.7,51.1,25,91.0,2.10000000000002,1
96.3,82.5,5810,6.2,81.1,125,92.0,3.17000000000002,0
96.5,82.1,7634,7.8,74.4,25,76.1,13.0,0
96.2,61.6,8919,6.0,93.6,35,77.5,17.1,0
97.7,80.8,7412,7.2,120.0,25,79.5,20.5,0
98.2,78.4,9512,7.3,111.2,25,59.1,12.1,0
99.0,68.3,5598,6.9,99.7,172,82.9,11.0,0
96.2,76.6,12351,6.4,93.5,102,42.4,31.1,0
95.5,65.7,7419,6.9,99.7,60,69.1,20.5,0
99.5,66.1,3181,8.2,103.1,56,76.5,14.5,0
94.1,83.5,4893,9.1,72.0,26,82.3,10.6,0
97.4,80.2,5943,6.6,94.8,25,91.0,11.29,0
98.3,76.5,4796,7.5,84.9,64,75.5,11.9,0
95.8,64.8,11270,7.4,77.9,33,96.8,15.5,0
99.3,63.1,10880,6.3,81.4,25,79.1,14.1,0
89.8,103.2,975,3.8,39.3,41,85.3,13.5,1
96.3,65.2,8948,7.6,93.2,30,91.1,14.6,0
94.4,80.5,10322,7.4,83.6,75,66.3,16.7,0
92.7,81.7,5681,6.0,82.5,25,75.0,17.65,1
96.8,77.7,6157,6.3,114.0,25,78.0,19.64,0
97.4,90.0,6253,7.3,120.0,101,55.7,26.8,0
94.3,72.2,11395,6.9,62.5,25,88.5,16.6,0
99.2,59.2,9301,7.3,88.7,30,91.3,16.7,0
92.6,56.0,6659,8.5,64.0,71,73.0,23.3,0
98.9,84.5,5592,6.7,92.5,25,94.2,14.5,0
95.82216566206162,98.8,1880,5.5,55.6,66,92.3,3.3,1
92.9,67.7,3188,8.0,67.3,26,80.6,8.1,0
95.4,72.7,7718,5.8,86.2,31,87.1,12.6,0
97.0,66.3,7664,7.0,91.1,36,97.4,1.7,0
93.9,83.2,7252,7.0,65.0,25,94.9,8.6,0
94.4,80.4,8429,6.4,80.6,25,89.7,2.9,0
92.9,66.8,8780,8.7,69.4,53,84.1,17.3,0
95.0,58.2,6554,6.9,65.0,25,72.5,7.7,0
96.2,90.0,8153,6.7,102.6,26,73.1,19.1,0
96.0,76.6,4424,9.4,93.7,25,92.6,12.1,0
95.9,72.5,5764,8.4,85.6,25,92.8,14.9,0
94.7,70.9,6081,7.5,61.5,25,83.6,18.0,0
95.7,66.1,7410,6.0,85.8,32,81.4,5.3,0
97.9,69.1,3658,6.6,102.4,38,72.6,24.9,0
96.1,89.1,5577,6.1,120.0,75,59.0,28.48,0
97.2,61.6,4715,8.2,94.3,45,84.1,17.3,0
96.2,50.0,8224,7.0,96.4,35,75.9,20.4,0
93.8,89.9,11539,6.4,65.0,25,85.0,19.66,0
98.6,71.3,9007,5.5,104.9,27,98.5,13.1,0
95.7,64.7,7049,8.4,67.2,33,86.6,18.0,0
89.3,77.1,5806,6.2,50.7,25,94.0,13.84,1
97.6,72.5,7155,7.2,104.5,29,85.3,8.7,0
94.2,82.7,8945,5.9,72.6,68,98.3,5.8,0
92.8,69.3,6621,6.5,60.3,35,67.9,19.6,0
94.7,59.9,6868,8.2,81.6,25,85.8,18.1,0
92.8,79.7,9883,8.5,63.7,28,87.4,6.6,0
98.8,89.0,2810,6.2,83.5,25,82.6,16.4,0
97.6,61.3,8771,7.0,97.7,25,98.0,2.8,0
95.6,70.0,8658,8.1,82.8,40,96.3,11.0,0
97.1,62.1,5352,6.7,93.3,27,92.2,16.3,0
96.7,77.2,6516,7.9,72.4,137,59.8,24.3,0
92.2,69.1,15,2.6,89.2,25,84.0,4.99000000000001,1
97.99062275553784,93.5,2237,4.8,59.4,35,83.5,15.4,1
97.7,74.0,5403,8.8,85.6,25,76.3,13.9,0
99.4,77.5,5711,5.4,102.8,50,87.2,11.8,0
96.1,76.0,8536,7.0,114.5,65,55.4,28.9,0
92.1,74.6,7482,8.3,66.6,25,75.4,17.4,0
90.8,95.8,1896,6.1,45.4,25,98.2,13.8,1
92.5,90.5,3678,6.1,68.2,36,53.1,18.8,1
94.2,68.6,6640,8.4,84.8,28,82.5,1.8,0
97.7,83.5,5753,6.1,81.2,25,80.0,16.48,0
96.6,75.2,8129,5.3,94.7,132,91.9,13.1,0
97.40856034579403,104.5,2884,5.9,52.7,29,84.0,21.1,1
96.80155058130096,120.5,1548,5.0,39.4,27,84.0,8.3,1
99.2,85.0,6569,9.3,107.1,25,78.0,4.5,0
95.3,69.6,10166,6.2,88.5,36,78.6,19.6,0
95.5,58.1,7099,6.4,71.2,25,84.1,6.7,0
96.1,76.4,3460,7.1,110.7,26,70.6,12.0,0
96.0,65.8,7532,6.8,89.8,25,86.1,10.3,0
96.2,56.6,7389,8.3,114.1,35,77.3,14.0,0
98.6,86.2,6107,6.9,90.4,25,85.0,13.1,0
95.4,65.7,6369,7.2,81.9,25,94.1,14.7,0
95.6,75.5,5626,7.3,71.6,25,86.4,8.8,0
92.4,84.8,5473,6.2,75.0,25,72.0,18.48,1
98.7,83.7,9322,6.6,82.4,25,84.1,11.0,0
92.3,93.7,3629,6.9,98.6,25,96.7,13.0,1
99.4,71.9,2000,6.7,106.4,25,70.5,9.1,0
96.4,66.1,6394,6.0,106.7,25,79.7,17.8,0
96.9,79.6,9498,5.9,88.2,28,94.4,9.2,0
93.8,68.9,8385,7.2,90.6,70,92.1,11.1,0
96.6,65.6,9837,8.3,88.4,88,60.1,21.8,0
98.5,78.5,6614,7.6,97.5,73,78.8,15.2,0
90.7,105.5,1898,5.8,41.9,58,98.6,7.9,1
98.6,84.2,6048,6.9,81.6,25,86.0,8.16000000000003,0
98.2,68.4,4262,9.5,91.7,49,91.1,10.8,0
95.6,67.8,8281,9.2,79.1,35,81.2,17.3,0
96.9,67.7,8407,7.1,74.1,25,79.8,6.5,0
96.6,64.7,5395,8.3,120.0,29,73.5,2.2,0
96.4,79.2,6017,7.0,107.4,29,78.2,7.0,0
98.1,87.9,9499,7.2,84.8,120,63.1,28.8,0
96.7,90.0,7805,7.5,68.4,25,94.2,18.8,0
98.6,74.8,7681,7.5,84.2,81,86.5,15.6,0
96.2,61.6,8807,6.7,88.9,25,85.4,13.0,0
95.9,83.8,5702,6.4,74.1,25,87.0,5.92000000000002,0
98.9,94.5,6316,8.1,92.9,125,55.0,28.03,0
99.2,69.7,8848,5.7,78.3,79,73.1,12.9,0
99.1,56.6,8478,8.7,105.9,33,100.0,13.4,0
98.0,74.0,7430,7.7,84.8,71,97.4,-0.6,0
95.7,54.3,8223,6.8,114.5,29,71.7,12.0,0
96.4,64.9,6454,7.5,88.4,25,76.7,21.3,0
96.9,71.7,8492,7.9,89.4,25,90.9,10.3,0
98.7,65.0,8885,5.7,91.9,25,95.2,10.0,0
98.0,75.0,1854,5.2,56.2,25,80.2,7.2,1
97.4,56.0,6176,7.0,85.2,25,83.1,17.6,0
96.3,84.3,9960,7.1,79.2,94,87.0,7.7,0
94.9,69.1,7689,8.0,68.4,25,95.2,8.9,0
97.8,66.1,7767,8.1,109.4,25,77.3,11.0,0
92.1,99.7,3922,7.0,89.0,25,92.4,12.8,1
96.3,66.4,2000,6.1,84.1,25,75.9,7.8,0
91.3,94.4,2788,6.1,61.2,25,51.6,2.4,1
99.3,64.3,6115,6.7,96.2,94,86.5,6.5,0
96.1,85.1,5797,6.2,70.8,25,91.0,11.77,0
92.0,75.2,6081,8.6,73.7,40,96.4,13.9,1
95.1,66.0,7409,8.8,69.8,45,87.5,5.8,0
97.5,81.7,9190,7.4,81.1,28,77.9,17.1,0
89.6,94.8,1912,3.9,48.7,25,71.7,17.7,1
96.2,71.2,6460,7.1,91.8,25,70.7,22.7,0
99.1,81.4,9117,6.8,119.8,31,80.4,14.4,0
96.1,80.7,6465,8.3,98.8,27,63.5,19.7,0
98.0,66.6,5408,6.4,97.5,29,90.2,13.1,0
93.7,50.0,8786,10.0,73.4,69,82.4,8.5,0
94.6,85.1,5966,7.3,62.5,27,76.4,18.6,0
93.6,74.8,6700,9.2,78.3,25,89.1,8.8,0
93.0,68.7,6810,6.6,59.2,29,88.1,10.6,1
91.0,76.9,5128,7.8,56.8,25,74.0,6.14000000000004,1
99.6,69.6,11543,6.6,94.9,25,80.1,16.9,0
97.0,69.1,6584,5.1,81.1,62,100.0,1.9,0
95.8,78.0,9999,8.2,107.6,25,64.1,21.6,0
98.8,90.0,5838,7.5,92.2,87,97.7,11.8,0
92.4,54.4,7173,6.3,75.7,25,79.7,3.2,0
96.9,84.2,5578,6.7,109.8,75,78.0,22.36,0
93.9,66.0,6872,7.5,84.7,66,92.5,1.4,0
95.5,87.2,5444,6.3,77.1,25,78.0,16.97,0
97.0,67.6,4869,6.1,104.1,25,86.8,10.4,0
92.4,99.4,3281,5.3,95.4,39,94.3,15.3,1
93.7,82.5,11161,7.6,62.8,25,78.8,14.7,0
92.7,87.8,1100,7.4,80.2,25,88.0,15.16,1
99.0,86.5,6190,6.8,116.2,25,77.0,16.21,0
98.8,68.3,5799,5.0,106.9,27,93.1,7.6,0
99.2,71.1,4931,7.2,91.0,30,87.6,8.9,0
92.0,86.2,2485,4.9,92.4,25,88.3,15.7,1
92.7,77.1,2099,6.3,97.8,25,96.0,6.42000000000002,1
97.5,74.6,7089,6.6,87.0,25,78.5,1.2,0
91.4,94.3,2028,6.3,47.6,29,88.0,7.4,1
94.3,88.6,20306,6.0,65.0,75,76.0,11.5700000000001,0
98.6,76.3,7188,6.8,93.4,65,88.9,18.9,0
97.8,67.5,6818,7.1,85.6,112,63.2,21.8,0
91.4,91.3,2288,6.1,103.1,29,90.0,11.2,1
89.9,92.1,5000,4.7,61.3,25,91.0,9.8,1
95.8,70.8,10676,7.0,91.2,38,98.9,8.3,0
95.7,64.0,4825,7.5,70.2,76,94.7,13.6,0
96.6,65.3,5577,8.4,98.0,31,98.7,5.4,0
96.9,82.1,5801,7.4,84.8,27,76.8,11.4,0
92.7,55.4,2000,6.5,67.5,25,75.9,9.1,0
95.7,72.4,6434,6.2,69.5,25,84.8,-1.7,0
94.7,70.6,7403,6.9,53.2,31,85.9,11.4,1
95.53410790060926,110.4,1789,4.8,51.9,28,84.3,13.8,1
95.2,84.9,8726,8.6,86.3,33,82.4,17.8,0
92.3,101.3,2099,6.0,86.8,25,100.0,4.4,1
98.0,75.0,2491,5.8,52.9,76,75.0,5.8,1
97.6,70.4,5629,7.9,105.0,25,75.9,14.8,0
91.5,104.0,1991,4.7,46.8,25,87.8,17.4,1
97.4,86.2,5717,6.4,81.9,75,84.0,13.09,0
93.3,89.0,5757,6.2,75.8,25,96.0,15.87,1
90.4,98.1,3377,5.7,63.0,200,92.5,9.1,1
98.5,74.8,735,7.6,92.4,25,93.0,8.64000000000004,0
99.1,79.3,4951,6.3,120.0,25,75.0,9.16000000000003,0
95.1,75.0,9199,6.7,80.4,25,97.1,6.9,0
95.4,66.7,4725,5.4,74.6,26,87.9,2.9,0
96.6,66.7,6052,6.9,80.6,25,71.3,18.9,0
99.2,77.3,9304,8.9,88.7,72,66.2,20.3,0
95.4,67.8,8109,7.3,83.1,25,80.4,5.3,0
99.9,90.0,9694,6.3,95.6,25,94.1,7.5,0
98.4,77.4,10952,9.9,88.2,25,56.1,2.5,0
89.6,82.3,5774,6.5,58.3,75,92.0,12.65,1
96.7,52.4,6183,6.9,78.8,92,55.6,19.7,0
96.7,87.9,10078,8.5,77.7,25,86.6,17.9,0
92.8,91.0,4380,6.7,109.8,174,93.7,4.6,1
92.9,67.9,10408,7.1,60.8,38,69.4,3.3,0
96.8,59.4,5210,5.5,110.6,148,67.0,24.3,0
93.3,96.8,2054,5.3,60.6,38,84.8,9.9,1
98.5,71.7,7012,7.0,97.7,25,95.0,9.6,0
99.7,86.3,6224,6.4,99.0,25,85.0,14.8200000000001,0
90.5,112.3,2205,2.6,47.5,29,91.1,16.6,1
91.7,97.1,3054,4.9,78.8,32,81.8,16.0,1
90.2,98.4,1376,4.1,53.2,69,96.4,14.0,1
96.0,68.2,7567,7.6,119.1,34,79.1,14.1,0
93.2,81.3,2502,6.7,61.2,25,73.6,20.9,0
98.2,63.9,7770,6.4,96.4,51,88.6,11.4,0
95.9,70.4,6208,7.4,92.0,25,89.8,8.1,0
98.3,67.0,9083,7.1,94.0,25,74.1,19.0,0
93.7,68.0,5562,7.2,68.0,26,77.2,17.6,0
91.6,98.0,2774,4.6,91.2,25,89.0,13.9,1
99.0,87.9,5788,6.0,107.4,75,92.0,22.29,0
96.2,92.6,11203,5.5,83.5,25,90.0,11.19,0
98.3,73.5,5687,5.8,94.1,25,84.9,15.2,0
97.6,85.8,7346,6.8,113.7,40,75.0,16.3,0
92.2,80.8,6161,6.1,65.0,25,88.0,18.16,0
93.8,60.4,6244,8.4,56.3,25,84.1,15.1,1
91.8,101.2,2947,5.9,94.9,30,77.5,3.1,1
99.1,57.8,7545,5.5,100.0,182,75.8,8.2,0
97.9,83.0,10701,7.4,97.2,74,60.1,24.8,0
99.0,88.2,9648,7.4,99.0,25,82.4,16.5,0
93.1,53.6,5481,7.7,71.1,25,77.7,13.7,0
95.7,52.4,6424,7.7,68.5,25,86.0,11.2,0
95.4,74.5,5659,7.9,70.6,94,79.5,1.5,0
98.2,59.4,7385,7.7,87.9,33,84.9,4.2,0
97.8,78.6,6882,10.0,97.6,25,94.8,15.9,0
95.8,69.8,10275,6.9,72.1,57,97.3,4.6,0
91.1,101.8,2295,5.0,46.1,25,94.2,11.4,1
94.3,79.5,8977,6.1,78.1,72,68.8,14.5,0
90.9,99.9,3936,6.0,72.3,25,88.0,9.1,1
96.4,58.0,4193,6.3,94.9,25,94.0,15.8,0
97.4,83.8,7042,6.0,99.2,25,78.1,14.5,0
99.7,64.4,8848,8.6,103.8,25,92.0,15.5,0
92.1,100.4,3336,6.2,73.1,77,76.1,22.5,1
88.8,89.9,6247,6.8,39.7,25,68.0,6.84000000000003,1
92.7,84.7,6109,6.2,68.6,75,90.0,5.91000000000003,0
96.6,88.5,9065,7.2,100.2,32,88.9,18.1,0
92.1,69.8,7901,6.8,66.6,27,81.2,2.0,0
95.33971413752226,103.1,1992,4.8,50.0,25,79.2,7.5,1
90.9,115.7,2775,4.9,45.6,49,80.2,14.8,1
96.9,87.6,6864,8.4,83.8,25,93.6,4.8,0
99.5,92.0,5666,6.3,96.0,25,91.0,10.51,0
98.3,68.0,6350,8.3,113.9,25,97.1,16.3,0
98.4,83.5,6239,5.9,84.7,25,90.0,3.82000000000005,0
97.0,90.0,4481,6.1,98.6,34,91.3,0.7,0
97.8383463864009,104.2,2305,4.2,54.6,25,86.5,16.4,1
93.5,78.5,7224,7.8,76.8,26,88.7,10.3,0
91.0,96.1,2627,5.8,56.1,128,95.2,15.3,1
98.1,52.7,4556,7.7,120.0,25,73.3,14.9,0
90.5,90.7,5783,6.5,54.6,75,90.0,1.05000000000001,1
95.8,83.8,7025,5.6,94.3,25,96.0,13.2,0
94.3,77.8,8054,5.9,67.3,69,42.7,20.8,0
98.0,69.7,3879,7.0,84.6,25,76.3,6.8,0
97.60968908618638,101.5,2429,4.5,40.9,25,92.8,6.4,1
96.9,69.3,8946,7.4,107.6,43,77.7,22.1,0
96.1,60.5,4015,7.6,69.7,25,96.3,10.2,0
97.67801513323093,110.7,2410,5.4,42.7,25,89.9,3.4,1
91.5,102.9,3726,6.1,75.1,25,85.5,14.2,1
95.8,68.5,9534,7.2,86.2,131,93.7,5.7,0
98.8,55.6,7450,7.7,103.9,25,68.7,10.4,0
97.6,67.9,8293,6.9,110.4,33,77.5,22.9,0
98.4,65.7,10339,6.7,77.1,33,90.9,4.3,0
89.7,88.6,5513,7.2,57.9,25,93.0,10.71,1
98.1,78.1,8529,6.5,90.0,25,93.1,6.3,0
98.2,84.0,4712,5.1,113.9,35,100.0,17.0,0
95.5,78.5,7805,6.5,76.7,29,84.9,10.2,0
91.7,84.0,5439,6.1,100.7,25,84.0,14.33,1
95.1,71.4,4283,7.6,85.4,25,90.6,3.8,0
97.1,87.5,3425,8.2,77.0,39,45.4,13.2,0
92.5,109.2,2681,4.1,54.7,73,53.2,27.4,1
89.5,100.6,27128,7.0,47.0,75,95.0,12.38,1
99.0,71.2,8510,7.7,91.8,25,65.1,18.3,0
96.5,78.6,5580,6.1,79.0,33,91.8,7.4,0
96.8,74.7,7906,7.9,101.4,38,77.3,19.5,0
92.6,82.5,8180,6.9,64.6,74,68.8,21.4,0
98.4,62.5,8849,7.3,95.2,45,92.9,15.1,0
89.4,86.2,5821,6.4,51.8,75,84.0,19.97,1
96.8,61.6,5728,6.2,110.6,74,80.9,6.5,0
96.7,66.2,6085,7.3,81.7,25,92.2,14.7,0
95.1,70.4,8292,7.2,68.5,37,90.7,19.5,0
97.7,82.6,5809,6.4,110.0,75,42.0,28.96,0
89.4,112.0,1026,4.0,37.7,29,85.5,12.5,1
97.5,89.3,7830,7.3,108.6,32,83.7,13.8,0
98.4,90.0,6576,6.3,86.1,25,68.8,19.1,0
98.0,79.9,8745,6.7,79.7,25,90.8,17.1,0
92.1,51.8,6163,6.8,53.5,30,71.9,20.2,1
96.8,69.9,8632,6.9,113.1,30,94.8,17.6,0
98.3,57.2,8148,6.3,94.1,32,95.6,8.3,0
94.1,83.9,5506,6.0,69.4,25,88.0,10.26,0
90.1,108.0,2105,3.9,55.9,25,99.4,1.9,1
97.0,73.3,4066,6.0,120.0,25,86.2,20.9,0
99.2,71.1,9736,7.8,90.1,25,90.2,12.7,0
98.6,65.1,10087,7.5,84.1,182,92.8,3.4,0
91.9,95.3,3151,5.0,113.2,25,84.6,16.2,1
93.7,61.9,8811,6.7,65.6,29,62.3,21.7,0
89.3,92.1,4543,6.1,68.9,25,100.0,6.9,1
93.1,95.6,4006,4.7,91.9,33,100.0,14.5,1
94.8,75.1,6999,5.7,64.2,25,82.4,5.2,0
97.5,59.4,7403,9.0,97.1,57,61.1,30.2,0
98.0,57.2,3930,6.2,118.5,25,78.2,2.2,0
96.9,67.4,9956,6.8,106.0,25,61.4,22.2,0
96.4,50.3,6817,6.5,80.6,37,90.0,0.1,0
98.0,75.0,8423,6.4,58.6,25,93.0,7.5,1
92.6,80.6,9814,8.5,62.4,67,80.6,9.5,0
97.0,82.3,5805,8.4,106.5,133,60.6,25.6,0
96.7,71.8,7177,6.6,91.5,198,84.8,14.2,0
96.7,51.0,9823,6.1,100.6,25,77.8,20.1,0
98.0,62.9,8232,6.7,87.3,25,91.3,18.4,0
99.0,68.0,10475,7.7,113.6,26,78.5,20.7,0
93.3,81.9,18949,7.3,65.0,25,83.0,13.06,0
96.7,86.9,7724,6.8,105.9,25,91.3,11.2,0
97.2,69.5,7704,7.5,120.0,40,67.4,24.6,0
96.7,81.1,5855,6.1,93.1,200,92.0,14.94,0
92.4,92.7,4067,6.9,93.7,25,83.6,0.3,1
96.9,78.1,8772,6.1,84.5,30,68.5,5.9,0
96.9,83.6,3438,5.9,84.4,26,94.5,7.0,0
94.3,80.6,5642,6.7,86.4,69,67.7,17.0,0
92.1,69.8,7850,6.8,67.6,88,89.3,24.0,0
97.2,69.4,7465,7.9,94.9,48,91.4,19.3,0
96.9,88.4,4954,6.2,94.2,25,84.6,19.1,0
97.2,53.0,4583,6.6,112.8,122,38.6,27.8,0
94.7,59.7,8456,8.9,77.0,25,84.0,6.0,0
99.0,66.9,6769,8.2,107.1,82,93.1,14.4,0
94.2,73.0,3780,7.7,69.1,34,78.5,14.9,0
99.8,78.1,6529,7.1,93.3,29,89.7,19.3,0
95.5,57.9,6028,7.0,77.0,25,92.0,14.8,0
97.0,71.8,9981,6.9,112.5,75,80.3,22.9,0
96.1,81.6,6709,6.7,89.3,26,76.7,15.7,0
91.8,100.6,1174,4.6,59.7,46,81.7,13.5,1
98.6,85.4,6112,6.7,110.7,25,87.0,6.48000000000002,0
93.9,81.2,5353,6.5,71.4,25,93.0,10.83,0
94.3,72.8,10988,7.3,54.5,81,75.6,13.0,1
98.8,83.7,8588,6.1,83.3,28,72.9,18.8,0
98.2,79.8,6434,7.1,74.0,25,55.4,5.2,0
94.7,81.1,14565,7.7,75.6,42,88.4,17.7,0
93.4,91.8,1233,6.0,97.1,25,94.0,13.42,1
93.3,98.9,3853,4.7,96.5,25,79.8,4.0,1
97.7,75.7,11876,8.0,107.6,31,74.6,25.8,0
94.1,84.2,7716,7.3,68.2,62,77.0,12.0,0
94.8,85.3,19778,7.2,65.0,25,64.0,21.72,0
96.6,86.2,10127,6.9,95.5,25,86.0,10.64,0
90.4,63.1,0,5.7,59.8,25,93.0,1.49000000000001,1
98.2,79.4,8269,6.5,82.4,25,85.4,6.6,0
97.0,78.6,6041,6.4,96.6,25,66.0,17.71,0
95.6,77.2,2949,6.7,73.7,25,80.7,5.0,1
99.8,71.9,7369,7.5,96.9,34,88.5,7.2,0
98.6,68.1,5537,7.6,99.5,33,71.8,11.7,0
92.5,95.3,3399,4.7,70.6,82,91.5,10.1,1
95.0,90.0,8416,7.9,69.4,25,93.0,7.4,0
92.9,83.3,7540,7.7,58.4,35,78.8,7.2,1
98.0,86.1,8289,8.9,120.0,30,77.2,4.8,0
99.5,67.4,4724,7.6,98.2,58,89.0,16.4,0
97.7,67.1,4731,7.1,113.4,90,42.6,26.5,0
91.5,98.2,3737,5.8,88.9,38,87.6,17.0,1
92.7,104.0,4128,5.8,84.1,25,82.4,6.3,1
98.9,85.8,5198,4.5,95.5,25,92.0,17.78,0
99.0,52.7,8208,8.0,86.7,29,93.3,12.5,0
94.0,51.4,11112,8.7,73.7,34,61.1,16.2,0
93.6,68.0,6271,6.4,68.0,25,86.0,7.3,0
93.5,77.3,4843,7.9,73.8,94,51.5,21.5,0
96.2,79.3,5295,7.6,120.0,25,73.4,21.6,0
94.2,76.5,11124,7.3,79.6,65,91.5,12.3,0
97.2,82.3,5897,6.7,116.1,25,74.5,6.8,0
98.5,66.2,4203,6.8,92.4,29,86.1,7.2,0
97.7,59.7,5892,6.6,116.2,36,84.6,13.1,0
96.5,69.2,7851,7.4,70.9,25,94.1,14.5,0
99.1,83.0,3649,8.4,86.6,25,98.0,4.47000000000003,0
97.7,69.0,6051,8.1,94.1,133,61.8,26.4,0
96.5,84.3,7940,7.2,87.3,25,95.0,9.12,0
99.1,74.3,5323,8.6,99.2,31,68.6,16.2,0
93.0,97.5,1659,5.4,92.6,159,100.0,13.6,1
97.9,69.6,7070,7.5,90.1,25,87.3,15.0,0
98.2,60.7,4631,7.9,92.7,76,83.0,15.7,0
97.6,60.5,4924,7.1,89.5,28,92.7,12.4,0
96.4,77.0,5478,5.7,96.5,31,75.6,14.7,0
98.7,66.8,4810,7.3,94.3,36,90.2,18.0,0
95.9,71.5,8425,7.1,88.2,25,92.1,13.2,0
95.1,66.7,9262,7.2,78.0,73,82.3,7.5,0
93.8,52.8,9241,7.2,78.1,25,61.7,21.0,0
91.8,76.7,3814,5.7,92.1,25,94.0,11.1,1
98.3,72.6,7085,7.0,101.0,25,97.4,14.7,0
93.0,99.9,3451,6.8,120.0,25,74.4,14.8,1
98.1,81.9,4443,7.0,91.4,67,53.5,25.3,0
96.4,77.7,8344,7.9,102.7,25,80.4,17.9,0
94.2,66.2,8678,6.1,63.5,84,78.1,11.0,0
98.0,65.6,7808,8.0,94.7,58,92.3,8.9,0
93.0,62.2,4909,7.6,64.9,79,94.3,2.7,0
97.0,67.3,9296,7.0,97.1,25,80.2,7.8,0
95.4,73.2,7720,9.3,79.1,65,83.1,4.4,0
98.3,70.5,8397,8.1,120.0,25,94.5,19.9,0
89.4,91.0,2421,4.0,48.4,31,79.9,6.4,1
96.8,69.9,11809,6.8,94.0,39,82.7,8.4,0
94.2,78.9,5264,5.7,81.6,25,77.7,4.1,0
99.0,76.6,9539,9.2,80.4,25,95.5,7.1,0
90.8,79.6,9607,6.5,43.4,25,69.0,6.74000000000001,1
96.7,58.5,3607,6.7,89.5,80,39.1,31.4,0
93.5,75.9,5624,6.3,60.2,32,92.3,8.4,0
91.5,109.6,2981,3.7,46.7,31,77.6,7.5,1
96.2,81.1,6703,6.3,73.9,62,94.7,8.7,0
98.2,77.2,8324,6.0,100.3,50,71.7,18.8,0
98.8,80.8,10914,5.3,76.9,41,76.6,9.0,0
93.4,89.0,4413,5.1,63.7,29,81.9,15.5,0
98.8,77.0,6243,7.2,100.5,86,91.4,4.3,0
95.1,68.4,9374,7.9,79.6,31,76.1,22.1,0
96.9,79.9,7180,7.1,99.9,36,83.0,8.5,0
98.9,84.0,6119,5.9,91.8,25,71.0,13.11,0
98.9,59.3,11006,9.3,114.1,25,67.4,18.3,0
95.9,79.1,8859,7.3,119.6,30,77.3,16.2,0
93.9,61.7,7142,7.1,62.9,25,91.2,14.6,0
96.4,76.8,10525,8.2,91.4,50,93.7,9.7,0
96.9542611650556,81.6,6355,7.3,56.7,69,95.6,4.0,1
99.3,75.6,8039,7.4,99.8,26,86.4,17.9,0
97.8,74.9,7843,6.4,85.6,27,88.1,12.3,0
97.4,61.7,9227,7.3,110.7,76,100.0,6.3,0
97.0,79.3,8159,6.4,105.1,77,45.4,23.4,0
92.2,79.1,5578,6.7,96.4,75,92.0,13.86,1
95.7,80.7,7980,8.0,74.6,34,70.7,4.1,0
91.7,99.9,4898,6.3,76.4,120,66.9,9.0,1
98.2,54.2,6368,6.7,93.3,69,68.4,17.7,0
96.3,77.3,7631,5.8,113.6,26,89.8,16.3,0
93.8,68.5,2923,8.9,71.8,45,97.0,8.8,1
97.4,90.0,8525,7.7,109.7,68,34.3,29.2,0
96.0,88.9,10785,6.7,101.5,66,34.2,30.3,0
98.0,78.0,2853,9.2,99.2,25,80.0,16.9,0
98.7,84.0,5579,6.5,110.0,25,64.0,21.28,0
95.2,84.0,7624,7.8,80.6,25,90.2,2.5,0
91.7,78.1,3852,5.2,88.6,25,96.0,8.41000000000003,1
98.6,74.4,2313,6.7,75.0,25,86.4,12.0,0
98.0,75.0,4446,7.3,57.2,25,88.0,1.56,1
97.0,71.4,2749,6.4,110.5,25,83.7,16.2,0
95.8,70.4,5042,6.2,89.4,82,71.8,2.2,0
95.2,59.6,10944,6.7,76.5,25,88.4,7.3,0
94.3,70.2,7436,7.3,49.5,37,90.0,3.5,1
98.6,61.4,7784,9.3,79.8,50,94.0,10.2,0
92.7,70.6,7339,7.2,61.9,91,82.6,25.0,0
93.2,80.2,3671,7.1,86.1,25,91.0,11.55,1
95.3,68.9,8807,6.0,81.7,27,68.2,4.7,0
92.5,102.0,4299,5.9,103.0,173,97.0,3.5,1
92.1,89.9,6818,6.8,76.3,25,96.3,13.7,0
96.7,83.0,10978,8.1,95.9,129,94.5,12.9,0
97.4,67.3,5433,5.7,95.3,25,79.6,13.3,0
97.7,80.9,5060,8.6,95.6,25,97.0,12.5,0
97.7,68.1,10930,6.8,92.5,37,77.2,1.0,0
97.6,82.6,6830,5.9,94.9,81,73.2,21.4,0
97.9,83.2,6056,7.0,108.5,25,80.6,14.4,0
96.3,87.6,7159,7.1,88.8,25,79.0,7.1,0
96.6,87.0,5563,6.2,80.6,25,78.0,15.94,0
93.8,62.2,5321,7.0,53.8,80,78.9,2.2,1
89.1,93.5,3767,5.4,51.5,28,75.8,21.1,1
95.4,65.1,5290,8.1,76.9,142,96.0,-0.5,0
92.1,86.1,1362,6.5,100.7,25,95.0,13.71,1
98.4,83.1,1857,8.0,94.0,25,96.0,13.54,0
97.5,75.0,7276,6.0,93.2,25,85.3,12.8,0
98.9,65.6,7524,7.3,109.9,61,94.6,16.3,0
96.3,82.5,5594,6.0,76.4,25,87.0,6.40000000000003,0
96.6,79.5,7569,6.7,87.4,26,78.2,18.0,0
94.2,79.5,4479,7.7,77.2,73,70.1,19.7,0
98.5,72.9,6385,6.3,116.5,46,51.4,17.5,0
97.8,78.9,9664,7.8,83.3,25,65.7,14.1,0
96.3,63.9,6854,8.1,105.2,29,69.1,19.7,0
98.3,67.2,6948,8.0,112.7,55,93.9,13.3,0
98.4,68.0,3723,7.8,79.0,25,77.6,15.7,0
97.2,74.7,8000,8.3,90.7,31,40.4,14.8,0
91.2,91.0,4344,5.7,106.7,61,82.5,17.9,1
96.2,87.9,6247,6.0,77.1,75,79.0,8.12,0
97.6,76.5,9694,7.8,94.8,27,84.4,12.7,0
98.9,79.2,6694,8.2,86.0,25,84.4,13.0,0
93.3,63.8,6492,7.2,82.5,29,81.1,15.9,0
96.0871816973499,64.4,6047,7.6,59.6,25,97.3,11.6,1
91.8,101.0,3209,5.8,47.5,33,86.3,1.3,1
98.0,75.0,2890,2.5,51.8,25,87.0,15.5,1
91.7,100.1,3359,6.8,90.0,39,98.1,10.3,1
97.2,76.2,5957,8.3,97.8,25,69.0,21.7,0
90.4,82.0,3982,6.8,53.4,25,93.0,11.01,1
95.0,63.1,2000,6.8,71.8,35,77.7,12.4,0
99.4,81.8,2123,7.5,112.0,25,70.8,17.1,0
98.8,61.7,10932,5.6,104.6,27,83.5,12.7,0
99.1,60.7,7780,7.3,89.1,163,74.9,7.4,0
97.1,92.2,5922,6.4,80.3,25,85.0,9.10000000000002,0
97.2,84.4,5271,6.3,119.5,25,82.0,6.73000000000002,0
95.89136514686953,103.3,2188,4.3,51.1,25,79.6,13.3,1
97.1,88.4,4859,6.4,84.9,29,83.1,11.5,0
93.5,71.6,6939,8.3,65.0,30,57.7,21.1,0
96.9,90.0,6060,5.7,95.0,57,74.4,19.4,0
96.2,83.4,10806,5.7,85.4,43,78.7,20.4,0
95.44598818325935,90.0,7776,6.7,57.4,25,89.4,18.1,1
96.0,78.0,10073,5.4,85.3,81,97.0,1.8,0
97.3,68.7,7619,7.3,120.0,37,72.2,20.2,0
92.2,57.8,9381,7.1,63.5,25,100.0,13.7,0
93.6,65.6,6121,8.0,69.9,25,85.7,13.2,0
96.0,86.9,7431,7.0,90.6,175,64.0,25.16,0
96.6,73.1,9232,7.2,100.0,56,69.5,19.8,0
96.3860174109324,111.8,1476,3.7,46.7,67,96.0,14.0,1
96.9,77.2,4623,7.9,104.9,46,81.3,11.5,0
94.7,80.3,5496,7.6,62.4,25,85.2,15.3,0
96.6,67.8,10940,7.9,86.5,25,70.3,14.4,0
95.4,90.0,8330,6.4,85.0,25,71.1,19.6,0
89.9,87.2,8860,6.8,51.0,25,90.0,9.62,1
96.8,71.4,9105,8.8,112.1,75,91.5,15.3,0
95.7,81.3,13290,7.7,89.8,25,95.4,9.4,0
99.5,74.8,6103,8.8,95.1,165,67.9,12.8,0
95.16428491646609,86.9,5611,5.7,57.2,25,90.0,8.23000000000002,1
96.6,71.0,8837,6.6,81.5,25,80.2,16.8,0
97.4,68.3,11603,7.1,106.3,45,70.7,15.0,0
98.8,90.0,7104,6.4,111.6,25,79.8,16.5,0
91.0,108.7,1046,4.8,58.5,185,77.8,1.7,1
97.9,70.7,5843,6.3,104.9,68,93.8,6.8,0
98.6,69.1,6630,7.6,98.1,27,91.9,16.7,0
97.2,83.1,4625,6.1,101.1,37,80.0,20.4,0
98.1,78.3,8181,6.2,79.4,69,93.7,0.7,0
97.7,81.3,4655,5.6,114.7,52,96.3,-1.7,0
94.4,68.8,6839,7.0,66.1,25,77.0,9.3,0
96.8,81.9,5827,6.0,96.4,25,82.0,18.55,0
97.9,68.5,7332,8.3,92.6,28,74.0,21.4,0
93.8,68.8,3236,6.2,74.9,60,77.7,-0.8,0
96.4,71.2,4531,6.9,96.3,185,93.3,15.9,0
98.1,52.4,7908,7.4,83.5,31,89.0,10.4,0
90.3,85.4,2584,4.0,56.0,34,81.7,12.4,1
99.3,62.3,7284,6.5,94.6,44,80.7,14.9,0
98.7,77.1,3634,8.4,92.6,29,67.0,21.0,0
96.27239201390717,99.8,2352,4.9,54.2,25,86.6,11.9,1
89.8,86.0,19317,5.8,52.1,25,84.0,11.5700000000001,1
96.6,63.0,6601,6.6,120.0,36,69.7,4.3,0
98.0,79.5,6109,6.3,118.5,25,76.0,1.26000000000005,0
97.1,86.0,5830,6.2,120.0,25,77.0,19.81,0
92.3,76.4,5740,6.4,70.7,25,96.7,15.5,0
94.3,85.3,5704,6.5,69.2,25,90.0,10.6,0
91.2,79.4,5993,6.7,43.7,25,76.0,8.94,1
98.2,86.5,2093,6.3,114.9,25,93.0,16.01,0
97.9,82.8,9129,8.1,94.2,25,93.1,17.9,0
95.7,69.9,5968,7.0,82.9,48,88.0,12.1,0
96.2,62.1,8944,8.6,80.1,79,79.2,7.0,0
97.9,73.8,9026,6.2,91.1,25,83.5,12.9,0
98.2,66.3,7711,9.6,106.1,76,93.1,17.3,0
95.3,74.9,8128,8.0,70.6,136,90.4,-3.0,0
93.9,68.3,4130,6.6,63.6,25,94.3,11.8,0
98.7,79.4,7697,7.6,116.7,28,75.5,8.3,0
97.0,58.6,5498,8.1,95.0,31,91.1,1.4,0
94.7,81.3,4677,8.3,68.8,25,74.4,17.4,0
94.3,89.2,7036,8.1,62.9,25,95.7,3.6,0
97.5,76.1,9796,7.8,88.0,45,100.0,4.2,0
92.1,78.0,7547,7.1,68.3,34,54.2,22.8,0
97.9,65.9,7629,8.2,115.4,28,83.7,7.9,0
92.8,109.9,2180,5.5,58.7,62,88.9,10.5,1
96.8,65.6,7119,6.8,116.3,32,90.9,16.4,0
91.6,93.5,2291,5.5,88.4,35,85.9,17.1,1
98.7,81.0,2980,8.2,92.5,31,84.3,17.8,0
97.9,72.3,5109,7.8,88.1,25,99.9,14.3,0
96.1,90.0,8591,6.9,95.9,25,65.9,19.6,0
95.2,60.2,8850,6.2,91.8,160,73.6,19.7,0
99.9,81.0,5528,5.8,90.8,25,91.0,14.18,0
96.5,63.3,2000,7.2,87.4,25,66.6,15.4,0
93.0,90.0,10418,10.0,75.2,25,88.0,17.3,0
97.1,89.5,11990,7.2,97.8,25,52.0,31.5,0
95.7,68.8,8066,6.4,77.8,107,88.8,4.2,0
95.5,89.5,2000,8.5,70.6,80,85.3,9.4,0
97.2,76.4,7077,6.6,103.1,45,100.0,12.6,0
93.7,56.6,4140,7.0,75.9,40,93.6,4.4,0
98.3,77.1,5649,6.6,83.9,25,97.0,8.88,0
93.5,85.3,9184,7.3,62.8,25,66.5,17.6,0
93.4,95.7,2788,6.4,85.4,26,92.4,14.8,1
97.1,87.1,11180,7.5,80.1,74,79.6,22.1,0
97.1,69.5,7543,7.2,118.8,25,66.4,12.6,0
91.0,81.5,6215,5.7,44.5,25,77.0,14.98,1
93.5,74.6,5968,6.5,74.1,30,78.2,19.1,0
92.6,85.2,5766,6.8,82.8,75,75.0,1.80000000000001,1
99.6,53.3,7648,8.0,92.4,46,92.1,8.8,0
93.4,100.3,4720,4.6,64.3,38,83.9,9.1,1
98.7,83.4,5984,6.5,84.2,25,79.0,17.47,0
95.7,62.2,9292,7.6,105.7,25,61.0,18.1,0
93.6,74.6,12371,7.0,65.0,43,100.0,11.2,1
95.7,90.0,6439,7.2,81.5,38,76.4,17.3,0
96.5,77.8,11898,7.0,83.0,25,90.6,8.4,0
98.5,71.3,7192,7.8,106.7,58,86.1,0.3,0
94.9,65.8,5493,6.0,78.9,26,90.7,2.3,1
93.6,81.5,5481,8.1,63.4,36,89.6,12.2,0
97.1,50.0,5894,9.1,102.2,25,32.3,24.5,0
94.0,70.9,6914,6.9,67.9,76,83.4,1.0,1
94.9,54.8,9939,8.1,91.8,35,77.2,11.9,0
96.9,72.7,11247,6.6,91.9,43,92.8,6.7,0
96.5,89.5,6527,7.1,100.5,30,68.4,10.3,0
95.0,84.5,3014,7.9,63.8,34,93.6,13.5,0
98.1,61.7,9218,7.5,99.2,44,85.6,8.7,0
96.7,77.1,9419,8.3,95.4,172,91.6,16.6,0
92.0,98.9,3917,5.4,86.3,25,80.3,17.0,1
99.1,85.2,5650,6.5,91.7,25,64.0,19.77,0
97.5,83.2,5782,6.0,87.5,125,95.0,16.41,0
92.5,79.3,3724,7.5,66.8,77,78.8,7.6,0
94.0,72.3,8636,7.0,72.7,25,95.4,10.9,1
99.0,70.2,5732,6.6,81.3,25,100.0,2.8,0
99.2,63.4,5753,9.0,94.7,25,97.2,5.7,0
92.7,80.2,8709,6.8,71.1,97,48.9,26.1,0
92.4,73.3,8472,8.8,60.9,25,93.2,18.6,0
97.9,73.8,10253,7.1,102.3,65,91.7,9.8,0
97.0,62.6,5064,6.7,79.3,70,91.9,5.8,0
96.1,74.2,6390,7.6,94.7,164,65.6,22.6,0
96.2,74.5,3739,8.9,92.6,75,74.0,3.0,0
95.67381446881994,106.1,2449,4.4,50.5,25,82.8,6.7,1
93.4,77.1,1088,5.7,85.9,25,85.0,12.91,1
90.8,96.3,1587,5.6,62.8,32,85.4,12.0,1
99.4,65.4,7547,7.1,95.4,25,88.9,12.0,0
95.5,71.2,6548,7.9,114.1,25,87.3,13.8,0
100.0,72.4,5206,6.5,99.8,60,65.9,19.6,0
98.2,88.6,9420,6.8,107.9,25,54.4,15.4,0
96.8,82.7,890,8.1,78.2,25,91.0,18.39,0
95.9,60.9,7679,8.3,86.9,25,85.0,17.6,0
96.3,74.4,10025,7.7,99.9,25,92.6,2.5,0
93.2,63.6,9691,6.4,64.2,126,57.3,28.2,0
96.0,79.5,5724,6.1,88.5,25,86.0,13.89,0
97.7,67.7,7950,6.3,86.0,25,81.6,10.1,0
98.3,60.0,7556,6.0,88.1,42,72.0,17.3,0
98.7,73.0,12015,8.4,110.7,25,76.9,12.4,0
96.5,74.5,8450,6.8,74.5,25,86.3,14.3,0
91.7,97.9,3150,4.8,61.0,31,91.8,7.4,1
96.8,64.8,8006,5.3,78.3,70,87.8,4.7,0
95.0,61.9,3372,7.0,67.6,167,82.8,6.3,0
97.3,83.8,4310,7.6,118.4,131,44.1,28.5,0
96.0,64.2,5815,8.1,86.1,25,89.2,12.7,0
96.5,72.6,9166,6.5,75.4,79,100.0,5.5,0
92.6,91.9,2845,5.7,98.1,27,81.0,9.7,1
92.0,68.4,6724,7.4,66.1,25,87.4,20.6,1
94.8,83.4,5967,6.7,76.8,25,91.5,18.4,0
94.1,88.6,6093,6.5,73.1,25,95.0,7.68000000000001,0
98.7,65.1,8614,5.9,75.7,25,82.4,9.2,0
93.2,84.3,5795,6.4,75.1,25,81.0,19.35,1
98.0,75.0,1980,4.5,49.8,25,90.3,15.7,1
94.2,80.0,12272,9.1,74.9,25,85.4,10.8,0
98.0,75.0,2465,5.9,44.2,44,91.6,16.7,1
97.5,75.0,2611,7.7,113.8,60,57.0,28.4,0
99.2,76.0,6952,9.2,117.3,25,98.1,14.7,0
100.0,67.8,4422,9.0,108.3,26,58.1,20.4,0
91.9,75.8,1207,6.7,100.3,25,94.0,8.5,1
100.0,67.7,5541,7.3,109.6,79,60.5,28.3,0
96.3,84.2,9627,7.9,86.8,84,62.9,23.2,0
93.4,78.2,902,6.8,101.6,25,85.0,15.17,1
98.9,70.3,6571,7.0,115.3,25,78.4,22.9,0
96.3,79.4,4887,8.2,110.5,26,92.7,17.2,0
99.2,82.4,5748,6.5,97.1,25,75.0,17.78,0
96.3,66.9,10610,5.6,87.6,25,74.7,14.7,0
98.4,67.3,2000,7.4,87.7,25,82.1,13.1,0
96.4,70.5,6157,6.6,70.7,123,98.9,4.2,0
96.4,76.2,8466,8.4,71.9,25,84.3,6.7,0
93.5,75.6,156,1.4,60.7,25,89.0,9.35000000000002,0
96.3,60.4,5708,6.3,95.0,25,92.3,15.2,0
95.8,70.8,7429,7.3,91.5,176,95.3,16.3,0
91.3,89.8,2813,7.0,104.1,42,82.7,10.9,1
93.4,72.3,8448,7.5,59.9,38,100.0,6.7,1
94.3,79.1,5404,7.4,72.2,30,85.5,15.4,0
97.2,65.3,3926,7.8,94.5,25,85.3,16.2,0
97.8,74.0,7665,7.6,120.0,25,73.6,22.1,0
95.6,69.5,8627,8.2,75.2,25,82.9,2.7,0
96.7,62.2,10625,6.7,83.4,167,93.0,1.1,0
97.0,80.2,5785,6.6,92.0,75,61.0,25.83,0
96.4,67.2,8279,7.4,101.5,62,92.1,12.9,0
93.9,61.1,5684,8.5,72.9,51,83.4,16.4,0
97.6,60.3,6138,7.2,97.5,35,98.8,15.8,0
95.9,66.3,8683,8.1,109.3,72,42.0,29.2,0
94.1,70.0,4777,6.5,63.2,25,83.2,11.8,0
95.52611383587035,111.4,1071,6.0,42.9,31,78.7,16.7,1
96.2,71.2,6284,8.2,84.6,25,84.3,9.7,0
98.0,75.8,4349,5.8,89.2,25,83.1,12.2,0
93.2,110.7,2083,4.3,56.9,25,81.9,9.4,1
98.1,77.3,3689,8.2,112.5,50,81.8,13.2,0
93.3,104.8,2691,5.5,95.5,29,91.0,14.0,1
93.0,79.8,5834,6.1,117.8,25,78.0,16.44,1
96.7,72.0,11501,7.1,99.0,35,94.6,4.7,0
98.2,84.3,7173,9.0,88.7,65,100.0,9.4,0
98.4,52.9,4305,7.9,100.6,25,82.8,16.5,0
97.3,78.6,6866,8.0,99.0,29,91.7,10.9,0
91.9,104.8,3679,5.5,85.9,25,74.2,8.5,1
97.5,74.2,5572,7.2,68.7,80,69.5,15.1,0
97.1,71.8,8150,6.5,120.0,25,86.2,16.7,0
98.8,51.9,7978,7.3,116.9,62,90.5,6.7,0
91.0,102.0,2870,5.3,64.9,85,89.5,4.7,1
98.6,58.6,4541,8.5,96.3,26,80.8,8.3,0
93.4,68.4,9248,6.5,72.6,25,87.4,11.1,0
89.1,101.1,3546,6.4,60.3,37,84.1,3.9,1
96.6,77.3,7630,7.7,117.3,72,95.7,16.2,0
97.0,84.5,6920,6.8,106.6,93,92.3,16.3,0
96.9,68.2,6353,6.4,89.9,60,75.6,19.7,0
97.1,83.5,2672,7.1,77.5,25,74.3,5.1,0
96.8,83.5,7957,7.4,74.0,55,85.7,22.1,0
98.0,75.0,1802,5.8,55.8,25,87.1,3.4,1
96.9,67.5,10647,7.8,87.7,85,71.4,17.2,0
91.3,95.4,3038,5.3,65.7,25,85.4,13.1,1
97.9,71.1,9326,7.2,92.8,25,67.2,17.7,0
99.3,78.1,9046,7.7,96.2,85,89.9,5.7,0
91.7,104.9,3354,6.3,95.1,34,95.5,11.3,1
94.1,68.2,8159,7.9,90.4,34,95.3,1.7,0
92.8,74.3,8119,8.2,76.6,87,76.0,4.9,0
91.8,90.6,3468,5.3,81.9,25,89.3,11.5,1
96.1,78.8,9951,7.0,72.3,25,77.7,8.5,0
98.0,60.4,5409,7.0,88.3,99,92.5,12.0,0
95.8,78.6,5790,7.3,115.5,26,73.9,24.0,0
100.0,69.7,7965,8.2,111.2,75,54.0,28.1,0
97.3,84.3,11169,7.2,85.4,25,95.0,17.71,0
96.3,75.5,8008,7.5,94.6,71,57.4,22.4,0
95.4,66.8,9924,7.6,83.0,29,93.9,14.4,0
98.8,62.6,9001,6.8,101.2,25,77.1,7.9,0
97.9,80.2,7188,6.2,106.8,34,94.4,17.2,0
95.7,84.2,9649,8.3,78.1,25,79.0,18.78,0
94.7,83.7,7256,6.6,80.9,25,88.5,18.7,0
95.2,70.8,7962,6.4,108.9,54,79.0,14.8,0
99.2,91.0,1885,5.9,110.0,25,75.0,19.36,0
96.4,79.3,5431,5.5,110.0,200,38.0,32.81,0
92.2,104.6,3358,5.7,64.4,26,88.6,18.4,1
98.4,72.9,2915,6.3,110.1,62,87.7,-0.1,0
89.5,115.1,2235,5.3,48.5,25,89.6,8.0,1
94.2,60.1,3737,6.6,72.8,42,83.8,14.1,0
98.0,75.0,5152,6.2,45.5,25,89.0,17.0700000000001,1
98.0,75.0,1447,4.9,57.6,98,70.1,1.9,1
98.0,66.9,7534,6.6,85.1,25,99.4,16.0,0
93.6,65.9,8731,6.9,89.2,26,96.0,4.0,0
96.2,74.5,11587,8.1,94.0,29,89.5,12.8,0
96.7,69.6,8892,7.3,104.4,32,89.5,18.3,0
95.3,70.4,7284,9.3,83.5,25,89.1,20.2,0
96.4,89.0,5360,6.6,105.3,25,74.0,25.18,0
99.2,78.0,8081,7.1,98.5,92,73.1,11.7,0
95.5,63.4,7389,7.1,87.0,36,86.5,12.5,0
97.6,64.4,6219,7.0,92.7,25,82.2,12.2,0
97.3,87.6,12179,7.1,81.1,25,89.0,11.77,0
95.7,74.9,13766,8.5,108.9,34,64.2,17.7,0
99.0,83.6,2000,6.3,110.9,72,93.8,12.3,0
95.9,69.1,5848,6.3,81.6,25,97.6,11.2,0
97.7,68.1,4602,7.0,99.1,27,92.3,16.8,0
98.2,59.7,4381,7.6,80.4,25,54.0,3.6,0
95.9,50.7,7099,6.9,106.6,37,89.7,8.8,0
95.5,67.2,3819,6.5,73.0,69,82.6,18.8,0
94.8,75.2,4405,7.6,63.0,37,93.6,18.1,0
98.4,77.8,5831,6.4,117.6,25,88.0,16.81,0
99.2,60.9,6524,7.7,98.8,54,93.1,-0.5,0
97.1,67.7,8086,8.0,82.4,53,71.1,12.3,0
96.4,70.0,9046,7.4,107.0,28,97.2,18.0,0
89.4,79.6,1853,7.1,51.8,25,86.0,20.8200000000001,1
98.8,65.4,4155,7.2,92.2,25,67.7,14.8,0
99.6,73.0,9050,5.1,80.4,175,79.5,12.6,0
96.3,68.3,4219,7.6,104.9,25,78.1,8.6,0
92.0,112.0,1666,4.7,44.5,104,46.9,35.1,1
96.3,79.5,7827,8.4,79.9,28,94.7,7.3,0
96.8,79.0,5594,6.5,84.0,38,67.2,18.1,0
98.0,74.6,6154,7.1,98.0,25,83.0,15.4,0
96.9,52.4,5915,6.6,97.6,26,93.6,20.2,0
99.1,61.5,5110,6.3,82.8,25,80.4,2.8,0
91.6,80.3,5920,6.7,52.1,25,92.0,14.96,1
96.5,78.6,5087,7.8,78.8,25,86.0,14.29,0
98.0,65.0,6635,8.2,100.2,49,61.4,12.1,0
96.0,69.1,9004,8.8,88.3,41,100.0,16.7,0
99.1,81.0,5702,6.4,120.0,25,80.0,14.15,0
95.5,74.1,5468,8.2,120.0,33,75.4,15.5,0
98.6,83.5,6151,8.1,80.4,25,92.7,12.1,0
99.9,62.4,3945,8.7,88.5,27,98.9,6.6,0
93.8,69.7,5309,6.0,75.1,25,67.6,25.5,0
98.5,67.8,6438,7.9,115.4,83,42.5,24.2,0
96.1,73.3,5142,5.6,119.3,25,73.7,19.4,0
97.7,67.1,9579,6.7,111.8,29,91.9,11.4,0
95.3,82.2,6172,6.0,120.0,33,70.7,20.2,0
91.8,96.8,2300,6.9,90.3,40,96.4,20.9,1
98.4,66.2,2806,6.1,109.5,36,75.7,14.1,0
96.5,69.2,7440,5.8,80.9,91,68.5,23.5,0
99.4,67.6,7174,8.4,111.0,39,67.5,19.3,0
98.0,75.4,8947,6.8,78.7,41,77.8,21.3,0
99.1,71.3,9040,6.4,91.8,25,84.3,6.9,0
97.4,74.0,3048,7.6,96.8,67,54.8,27.3,0
95.80419092246863,115.0,1717,4.4,58.1,25,98.7,4.7,1
92.1,67.6,7257,6.0,61.2,25,93.4,-1.2,0
96.5,88.4,6075,8.2,87.7,75,55.0,26.72,0
92.5,95.9,4978,5.6,77.2,33,88.0,10.3,1
97.5,69.3,9137,7.0,120.0,47,50.5,27.3,0
99.7,82.2,7993,8.4,100.4,27,85.6,14.2,0
98.1,73.0,10248,6.8,86.1,25,85.3,18.3,0
98.0,67.2,7110,8.0,112.5,25,72.6,15.3,0
98.4,66.0,11533,6.7,97.5,25,91.6,10.1,0
95.7,79.0,6297,7.4,105.2,25,75.2,16.1,0
91.9,74.5,2183,6.1,97.5,25,87.0,4.49000000000001,1
98.5,90.3,5995,6.3,107.9,25,93.0,9.10000000000002,0
93.0,90.8,5151,6.4,61.6,25,97.0,8.97000000000003,1
98.8,74.2,8424,6.6,108.2,25,83.0,14.6,0
96.5,75.2,3513,7.8,82.6,122,59.6,22.7,0
89.9,114.2,1566,5.4,51.7,57,78.0,26.0,1
95.0,69.0,6844,7.8,75.0,42,91.0,15.6,0
97.1,78.2,8073,7.1,80.5,70,90.2,17.2,0
96.6,81.4,5771,7.0,91.1,25,99.2,9.3,0
92.3,112.9,1351,4.2,57.9,35,75.9,6.8,1
91.2,108.8,992,6.3,46.4,25,97.6,14.1,1
95.8,64.9,8975,7.0,92.9,28,84.8,2.8,0
96.9,92.9,7557,7.3,93.8,25,90.0,18.0700000000001,0
94.2,80.5,6899,8.3,60.2,43,97.6,14.3,0
97.8,65.3,5398,6.6,95.3,39,95.3,15.3,0
90.5,103.4,2273,5.6,42.1,25,90.7,4.7,1
95.4,58.4,7949,7.2,71.9,107,81.5,1.7,0
97.0,74.7,8233,7.5,105.7,81,71.1,16.3,0
95.6,60.0,8899,6.0,105.3,25,68.1,13.4,0
95.6,61.4,2848,7.1,74.9,68,85.0,6.1,0
99.0,81.3,8100,7.9,88.0,57,86.5,14.2,0
98.6,50.6,9971,9.4,98.8,25,91.8,13.5,0
96.3,74.9,6077,5.6,87.0,75,61.0,23.23,0
89.2,83.0,3875,7.4,53.9,25,93.0,11.78,1
94.4,67.0,9393,7.2,63.8,25,78.2,13.7,0
92.7,79.3,9191,7.6,63.4,43,73.5,24.2,0
97.4,73.5,96,2.0,96.6,25,87.0,16.51,0
97.9,69.5,7383,6.5,82.8,25,64.7,11.0,0
90.0,90.8,9048,4.4,56.1,25,82.0,9.58000000000004,1
90.3,63.1,0,5.7,57.9,25,87.0,7.76000000000005,1
95.3,70.4,4897,5.4,76.7,25,89.2,5.7,0
97.3,87.5,8583,7.2,91.2,30,74.1,14.4,0
99.5,80.3,6167,5.9,112.6,25,53.0,22.3200000000001,0
95.6,82.4,8586,5.5,80.4,51,75.6,3.6,0
97.1,81.8,5369,6.0,97.5,25,48.0,28.59,0
93.4,107.4,3338,6.5,85.9,46,84.7,4.7,1
96.8,86.8,3389,7.7,93.5,40,78.2,14.9,0
95.7,57.2,11309,6.2,107.1,25,73.1,18.9,0
96.0,68.2,5040,8.7,112.7,38,72.8,9.5,0
97.6,81.8,5380,6.2,111.3,25,62.2,24.4,0
95.5,68.3,3177,9.1,116.5,25,72.1,19.1,0
95.2,61.0,6706,8.5,98.1,27,80.2,20.2,0
96.3,80.5,7333,8.4,93.5,48,91.0,17.0,0
99.4,75.5,7553,6.0,101.1,25,72.5,12.1,0
94.6,79.7,6671,7.5,55.9,25,79.2,13.2,1
96.3,70.4,8262,7.0,64.3,25,95.9,13.1,0
95.6,68.3,8083,6.3,77.0,40,73.5,12.4,0
98.1,76.7,7311,5.2,86.0,70,95.3,2.4,0
89.6,85.9,6581,7.3,58.6,75,93.0,10.84,1
96.4,81.4,7661,7.0,83.2,60,88.7,5.1,0
98.9,58.9,5484,6.7,103.6,25,84.5,9.1,0
98.6,64.4,7708,5.5,92.4,25,76.6,13.5,0
96.5,61.4,8624,6.0,84.4,84,86.7,8.4,0
91.8,98.4,1634,4.6,50.8,25,93.9,2.2,1
97.8,70.2,5293,6.9,109.1,83,40.1,30.5,0
93.2,82.0,5488,5.8,104.2,25,41.0,27.35,1
96.2,73.3,7488,7.3,82.9,35,96.8,14.4,0
99.1,77.5,6554,8.0,84.2,25,94.2,8.8,0
96.3,64.9,9966,6.3,89.3,27,86.2,11.7,0
96.4,69.1,8032,7.6,102.7,25,73.7,25.4,0
96.0,67.4,6849,8.0,69.8,126,72.5,3.7,0
98.4,78.5,9278,7.5,81.6,40,73.0,17.6,0
91.1,77.7,5887,6.4,50.8,25,76.0,11.53,1
93.3,72.2,7047,8.0,71.7,27,83.1,10.1,0
94.8,79.0,9584,7.0,48.3,25,76.7,10.9,1
92.5,84.2,3547,8.4,69.4,25,77.8,3.0,0
96.4,59.3,8338,6.5,85.0,45,78.5,9.8,0
98.7,65.3,5071,7.1,112.6,27,71.1,17.3,0
94.9,62.5,4959,6.4,89.6,25,88.7,13.2,0
99.1,61.0,6141,7.2,77.2,25,84.5,16.5,0
96.9,67.7,4291,7.2,94.2,25,100.0,15.7,0
97.0,81.6,7876,6.6,97.3,25,84.5,12.1,0
97.1,83.3,5750,6.5,83.3,25,81.0,19.33,0
89.5,113.8,1796,4.3,47.4,25,97.7,10.2,1
96.2,69.0,5166,7.7,118.0,25,79.4,16.6,0
93.1,57.8,7651,7.7,61.3,92,85.4,5.8,0
95.5,71.8,6529,7.1,92.7,25,64.3,23.8,0
92.3,92.0,2107,7.0,92.9,89,98.2,16.0,1
92.1,80.3,1039,6.4,65.0,25,96.0,15.65,0
96.1,69.3,6420,6.7,73.2,118,90.0,10.5,0
92.3,92.7,2876,5.9,85.9,25,94.2,12.9,1
97.3,64.5,6743,6.5,89.4,25,80.5,16.6,0
98.5,76.7,8256,8.2,88.5,25,98.5,14.6,0
96.8,61.7,6502,6.1,103.3,88,90.5,16.7,0
97.9,67.6,4586,8.0,108.2,40,93.4,-2.1,0
96.2,87.2,5556,6.4,78.3,25,86.0,10.52,0
97.7,64.0,7669,7.3,115.8,25,74.6,16.9,0
98.3,76.3,6945,7.6,115.9,82,35.7,25.4,0
98.4,77.4,4834,7.7,92.5,25,93.0,9.9,0
91.0,80.7,6016,6.4,51.5,25,78.0,18.69,1
91.1,89.3,4112,5.1,62.5,25,85.4,7.7,1
98.4,72.5,6000,8.1,78.0,29,100.0,8.5,0
95.8,71.5,6911,8.3,105.1,25,75.1,20.9,0
97.9,59.2,4520,7.6,94.6,32,79.1,14.0,0
97.3,74.7,7119,8.5,88.8,25,90.0,11.1,0
94.0,73.3,5605,6.3,73.8,25,89.3,-3.0,0
98.7,68.7,5783,5.4,92.1,25,68.5,21.0,0
97.7428964196815,94.5,1477,5.6,52.6,29,81.5,11.8,1
99.5,55.7,7938,7.5,88.8,69,87.9,16.1,0
93.1,63.7,7583,8.4,58.7,35,87.5,14.5,1
99.3,78.1,8962,8.6,85.3,26,76.0,17.1,0
89.4,90.2,6967,7.0,57.2,25,91.0,3.22000000000003,1
95.9,69.5,5652,6.4,76.1,67,67.4,1.5,0
96.9,73.3,4590,7.4,102.6,25,73.8,16.4,0
98.5,81.0,5130,6.8,96.8,33,96.1,16.1,0
93.9,81.8,8739,7.5,74.3,25,97.8,6.4,0
96.1,79.8,9345,7.1,97.6,94,94.2,8.6,0
91.9,94.9,1498,5.8,79.0,25,90.0,13.8,1
95.9,79.9,5414,7.6,70.9,28,81.2,11.4,0
95.25604900423593,109.0,2580,4.6,47.7,64,91.9,14.1,1
95.4,63.4,9224,6.2,69.5,25,87.3,8.0,0
98.6,79.0,4890,7.8,97.2,25,79.9,11.0,0
92.8,93.7,4522,4.2,88.3,30,97.0,14.0,1
94.6,72.1,3598,7.0,69.5,25,71.1,18.2,0
95.1,90.0,8580,7.1,85.4,44,84.8,17.2,0
92.7,91.1,2683,4.4,86.1,25,87.3,13.6,1
96.1494155847485,98.1,1443,5.7,54.1,25,84.1,4.7,1
91.4,97.3,2364,5.7,58.1,58,85.2,18.3,1
93.0,76.2,4641,8.0,65.2,29,89.7,3.0,0
91.9,98.0,1727,5.2,93.8,25,95.2,9.2,1
99.1,79.2,10278,6.2,117.2,43,90.9,4.4,0
95.8,82.7,10864,7.0,75.7,25,92.4,14.6,0
98.8,85.7,8463,6.3,118.7,25,71.9,15.0,0
91.5,81.4,4257,5.2,102.6,74,98.5,18.3,1
90.9,87.9,10050,6.6,52.8,25,92.0,1.90000000000003,1
91.3,99.0,1035,6.7,44.5,25,69.7,6.7,1
96.7,87.1,11847,6.9,85.6,56,65.1,13.9,0
95.5,67.2,4335,7.9,89.5,47,69.8,22.9,0
95.6,76.3,4422,8.2,79.7,76,79.7,10.3,0
98.3,75.9,7990,7.6,75.1,25,89.6,7.8,0
90.3,94.4,3481,5.2,60.2,67,89.4,10.4,1
99.3,66.8,7254,6.5,106.2,25,85.4,12.6,0
91.2,67.9,105,5.1,53.4,25,87.0,11.48,1
96.5,86.1,9471,7.5,87.3,29,78.4,12.6,0
92.6,63.6,5905,6.6,66.8,182,96.7,7.7,0
97.9,90.0,5388,7.8,120.0,31,95.1,-1.4,0
90.6,104.1,2236,3.8,44.9,84,88.1,12.2,1
98.8,79.9,7275,8.1,83.3,25,79.2,10.3,0
98.0,75.0,10441,6.3,49.9,38,95.9,0.6,1
98.1,77.1,8488,6.6,92.7,25,91.4,4.5,0
89.4,88.9,5813,5.7,53.0,25,100.0,15.65,1
99.9,85.1,7327,7.7,105.7,25,85.6,13.4,0
97.0,68.2,11946,9.6,79.2,81,92.8,7.9,0
96.8,76.3,3246,7.5,114.9,30,84.4,20.0,0
97.5,67.2,9057,7.3,81.3,31,83.1,16.9,0
89.7,109.8,2108,4.8,58.3,25,79.2,1.7,1
97.9,79.8,9733,6.3,95.5,25,69.8,18.5,0
96.1,85.1,6548,6.7,81.2,25,91.6,10.4,0
96.5,65.6,7051,7.1,105.9,33,84.2,4.9,0
98.4,84.6,8159,6.7,77.8,31,73.5,17.8,0
97.9,78.3,8465,7.0,82.4,25,81.5,13.5,0
95.5,73.1,5387,10.0,90.0,25,93.8,9.8,0
96.3,76.6,5577,6.3,119.9,25,81.0,18.77,0
96.5,69.6,9206,6.4,83.2,39,100.0,10.2,0
96.1,91.9,1957,8.4,87.3,25,54.0,20.26,0
95.6,77.1,6979,6.5,99.8,25,76.2,13.4,0
93.7,83.6,5392,6.1,69.4,25,89.0,10.38,0
96.3,85.3,10712,6.2,86.4,25,89.7,14.8,0
96.1,64.6,4724,7.5,91.3,25,79.0,18.6,0
93.7,80.1,7939,6.2,67.8,25,70.3,10.3,1
96.5,82.4,5862,6.5,93.1,25,95.0,15.8,0
94.4,71.6,7189,7.4,67.6,67,74.9,17.9,0
91.9,96.5,4948,5.7,98.0,143,55.8,26.5,1
95.5,82.2,11886,6.8,98.8,28,77.5,12.8,0
95.3,64.9,5767,9.4,88.9,25,79.1,18.8,0
97.8,71.7,5478,7.8,98.6,34,69.4,14.0,0
97.7,83.7,5677,6.4,83.1,25,92.0,14.94,0
97.5,74.5,4913,7.8,86.9,27,92.8,12.7,0
90.9,97.1,2772,5.6,60.1,93,57.0,21.8,1
96.4,77.3,2142,1.5,88.5,25,92.0,1.02000000000004,0
99.3,78.0,7238,8.4,112.2,59,77.1,18.8,0
96.2,74.6,8154,8.5,78.3,190,87.9,2.0,0
95.5,70.1,3917,7.3,85.6,87,79.6,21.5,0
96.7,78.8,6781,7.9,86.3,25,85.0,15.4,0
95.5,90.0,6891,8.0,112.1,25,81.9,17.1,0
93.9,90.0,5913,8.6,64.1,25,87.3,13.7,0
94.6,65.7,10005,7.1,53.8,31,85.4,9.7,1
98.6,60.5,4440,7.2,97.2,37,87.9,11.1,0
97.8,72.1,3482,7.2,95.2,35,91.0,19.5,0
98.9,81.8,5585,6.1,93.1,75,100.0,10.77,0
95.2,88.8,6407,6.5,98.6,78,74.1,21.3,0
98.3,76.3,7915,6.4,100.1,71,67.2,20.5,0
95.3,75.2,7282,7.1,80.6,91,86.0,13.2,0
98.0,75.0,3108,3.3,55.5,29,67.9,25.0,1
96.0,82.5,6810,7.3,72.5,25,73.6,19.0,0
95.8,55.6,6432,6.6,75.7,29,78.0,15.3,0
98.3,75.6,7399,6.1,103.2,32,69.1,13.2,0
89.8,83.6,4388,4.8,70.2,25,89.0,11.4,1
98.8,75.4,10437,5.8,94.0,36,81.6,5.4,0
98.7,69.9,10125,8.0,99.3,25,81.3,2.9,0
97.0,68.0,6329,7.1,69.5,42,87.3,7.6,0
98.0,58.0,8065,8.4,89.9,25,96.0,14.3,0
98.5,79.2,5838,6.5,112.6,25,53.0,23.5700000000001,0
96.9,74.6,10113,5.9,108.9,75,78.5,18.5,0
97.8,64.2,9312,6.8,109.9,25,71.6,11.0,0
92.4,92.6,3991,3.3,115.8,25,79.3,18.3,1
96.3,76.7,9029,8.0,92.7,25,71.5,22.4,0
98.3,59.6,7863,6.4,120.0,41,93.7,7.0,0
97.6,66.9,5983,6.1,87.0,25,79.5,0.8,0
92.3,86.5,3694,6.0,66.0,25,78.4,4.6,1
96.1,85.0,3437,7.4,74.5,81,89.1,10.8,0
98.2,69.0,7764,7.1,107.0,27,55.6,16.0,0
97.6,63.7,7987,7.7,94.0,28,81.1,8.1,0
99.9,67.1,11046,6.9,87.0,25,80.3,4.2,0
91.6,92.6,2226,4.5,89.5,26,84.1,6.7,1
97.3,82.0,5791,6.5,118.4,25,71.0,20.89,0
97.3,80.3,5467,5.6,100.9,25,78.5,12.2,0
96.3,81.9,5581,7.2,93.7,25,88.0,15.89,0
96.6,72.8,8432,7.7,81.7,25,81.8,12.4,0
98.5,61.4,8367,6.3,85.6,31,83.8,16.9,0
95.4,72.6,6043,6.3,81.6,76,95.7,10.5,0
94.0,61.7,6512,7.1,83.9,25,86.4,17.3,0
89.3,81.7,2392,6.3,59.8,25,91.0,8.0,1
96.7,77.7,6863,6.0,80.1,25,99.3,10.6,0
99.3,53.3,4951,7.3,83.1,25,85.5,12.2,0
97.9,62.6,5434,6.4,91.3,95,90.4,10.1,0
96.6,60.8,4404,6.6,90.9,55,91.8,9.8,0
96.7,96.2,4011,6.3,107.6,25,84.0,16.62,0
98.9,59.7,10016,8.7,108.3,25,79.5,16.7,0
96.3,83.2,5936,6.1,89.1,25,80.0,17.8200000000001,0
95.6,68.9,6258,7.9,75.0,25,76.9,15.7,0
95.4,69.2,7486,7.9,88.7,31,88.1,18.1,0
95.4,60.3,8833,6.7,70.5,49,89.4,7.9,0
94.6,73.9,9672,7.3,72.4,119,85.7,10.9,0
96.3,76.3,7132,5.8,85.4,41,62.5,14.6,0
89.6,107.5,2398,3.7,40.8,25,76.9,19.3,1
97.3,78.7,5804,7.5,92.7,34,79.6,15.4,0
93.5,106.1,3120,5.5,77.5,25,95.0,14.1,1
99.4,65.6,5011,6.3,80.2,87,60.7,24.4,0
96.9,78.0,6109,8.2,82.7,39,81.7,14.4,0
97.7,78.3,8506,8.0,104.9,99,34.5,28.4,0
99.3,78.4,4052,8.4,78.8,35,88.5,14.1,0
94.7,79.9,2650,7.2,85.3,25,85.2,19.6,0
97.3,86.9,4471,6.8,86.7,39,85.3,13.3,0
97.8,70.4,6679,8.5,89.1,25,78.4,21.2,0
98.5,90.0,9926,7.1,112.8,27,52.6,17.1,0
97.2,80.6,1005,8.4,94.7,25,95.0,13.11,0
97.9,72.7,5131,6.5,97.7,46,74.4,17.8,0
97.7,73.9,4536,6.0,98.3,25,97.7,14.5,0
92.5,76.1,7808,7.1,66.9,174,98.0,4.4,0
97.5,83.4,6205,6.9,83.0,25,100.0,6.8,0
92.7,97.6,3574,6.3,95.2,52,92.0,9.5,1
88.8,105.3,2056,4.4,41.4,25,66.7,6.9,1
98.8,63.7,6671,7.6,106.7,25,63.8,22.0,0
91.9,91.7,2846,5.6,79.9,42,93.6,16.8,1
99.6,74.2,7778,6.9,104.6,25,90.4,15.8,0
92.8,87.1,18696,6.9,65.0,25,75.0,20.78,0
93.1,97.4,2642,6.1,97.0,35,93.3,4.2,1
93.1,69.0,6005,5.0,61.0,40,89.8,14.9,0
96.1,80.8,5641,5.6,82.8,40,73.3,15.8,0
98.7,61.6,9994,7.0,92.8,33,82.4,7.8,0
97.2,57.8,3656,6.6,81.7,25,89.6,12.8,0
96.5,74.3,7160,6.6,75.6,65,37.9,28.1,0
98.3,85.6,8945,8.1,109.5,34,65.3,14.4,0
95.0,84.4,4781,6.8,96.8,39,69.7,14.7,0
93.7,66.7,6670,6.1,84.3,34,99.2,13.7,0
95.6,85.8,5634,6.1,115.9,25,62.0,19.94,0
97.8,88.0,7511,8.4,118.4,31,73.2,19.1,0
96.7,72.3,2862,5.7,101.4,28,78.2,12.9,0
96.2,67.0,9730,7.0,79.4,73,88.3,14.7,0
95.7,80.8,7381,7.8,89.3,25,80.2,7.4,0
96.3,65.9,10712,6.4,109.5,29,67.8,25.8,0
98.7,57.8,6016,6.9,95.5,25,91.0,12.6,0
95.7,79.7,6065,6.2,80.4,25,84.0,4.52000000000004,0
96.5,65.1,7075,7.3,89.2,120,54.4,22.2,0
96.7,76.2,5554,6.3,113.5,25,79.4,22.0,0
95.4,74.3,5703,6.4,81.9,25,82.0,14.31,0
94.4,77.6,8247,7.5,82.1,174,96.1,-0.9,0
93.9,77.5,1604,1.5,57.9,25,93.0,14.83,1
98.9,74.1,2000,7.6,86.9,25,91.6,14.2,0
98.0,54.0,6766,8.3,87.8,30,80.2,15.4,0
97.3,66.4,6946,6.1,88.0,96,94.6,4.1,0
94.6,70.4,6686,7.6,80.0,29,84.5,14.1,0
94.1,65.5,8462,7.2,75.9,25,80.9,20.0,0
96.93199862971704,69.3,5052,6.3,41.5,25,64.0,21.35,1
98.3,70.8,9178,5.7,94.2,38,89.0,11.7,0
98.2,77.4,6424,8.4,79.4,40,82.5,5.0,0
97.8,69.6,6107,7.0,87.9,40,87.5,11.2,0
96.0,89.2,5503,6.3,80.6,75,88.0,4.72000000000003,0
98.2,67.0,2254,5.5,97.0,25,91.1,13.5,0
99.3,73.2,6217,7.0,99.4,30,88.6,15.1,0
91.8,65.8,886,3.5,92.4,25,97.0,12.54,1
96.0,76.3,9139,6.6,72.8,42,88.1,5.4,0
98.7,73.5,2000,8.6,81.7,47,74.5,10.0,0
93.4,72.0,8262,6.7,65.6,27,79.7,1.6,0
97.1,66.4,3132,8.4,96.3,34,71.4,13.6,0
95.9,59.9,6920,6.4,90.0,27,78.5,12.3,0
98.5,88.4,6886,6.5,116.6,53,89.8,19.6,0
98.0,75.0,1676,5.1,58.5,34,98.2,8.6,1
97.0,85.1,7611,7.3,99.9,30,72.9,14.4,0
95.6,74.7,8343,9.5,119.2,30,88.6,1.4,0
97.8,68.0,6420,7.1,97.6,25,87.6,5.1,0
97.9,82.7,4954,6.8,91.5,25,72.4,22.0,0
96.7,69.1,7003,6.7,104.3,146,87.0,16.8,0
99.1,66.2,7878,7.6,115.2,29,90.0,16.2,0
96.3,62.0,7574,8.4,86.0,30,78.1,5.8,0
94.9,90.2,5628,6.1,68.6,25,95.0,13.13,0
97.9,82.9,5363,6.9,95.4,25,95.0,16.54,0
98.9,60.1,8760,7.4,103.4,27,86.6,9.9,0
90.0,105.1,1752,6.5,42.0,25,97.2,14.0,1
95.3,74.8,4973,7.0,85.7,25,73.8,18.0,0
98.0,85.2,8830,7.3,110.9,25,73.7,-0.0,0
91.7,100.8,2718,6.8,84.1,25,95.7,16.9,1
97.77670553872034,85.5,4213,6.8,53.4,25,88.0,10.08,1
97.2,78.2,7445,7.9,98.1,27,69.7,24.0,0
89.1,104.3,2321,4.9,62.0,25,77.4,16.0,1
93.0,104.3,3454,5.4,97.4,35,85.8,17.3,1
98.2,50.0,7710,6.3,111.2,30,80.0,14.0,0
97.954523596887,111.6,2416,4.4,46.5,28,93.8,10.9,1
95.4,74.8,9015,7.2,76.3,39,100.0,0.3,0
93.6,78.5,4103,6.7,71.6,25,81.0,10.9,0
96.0,74.4,11425,7.0,91.4,32,92.5,8.3,0
95.0,64.7,8496,8.5,73.4,25,85.3,5.8,0
96.1,82.6,9325,9.2,82.8,83,67.2,21.3,0
89.8,88.3,5914,6.1,46.4,25,86.0,18.93,1
95.4,74.4,7962,8.7,76.7,33,93.5,7.1,0
96.1,66.3,7688,8.5,113.8,25,63.8,16.2,0
95.8,90.0,5662,8.3,83.6,44,80.6,16.1,0
91.7,101.8,4053,5.6,94.9,32,79.0,5.9,1
96.1,66.1,8873,5.6,89.9,30,91.5,15.4,0
93.1,79.6,13,1.8,88.9,25,95.0,9.04000000000002,1
93.4,95.1,4131,5.6,67.5,36,90.2,9.2,1
95.6,89.3,2426,5.8,113.6,25,72.4,19.8,0
95.6,80.4,9728,5.8,111.5,25,56.8,21.9,0
96.2,90.0,5769,7.8,91.7,45,73.6,19.7,0
92.1,88.5,580,0.6,94.7,25,87.0,2.92000000000002,1
98.0,81.4,9812,8.3,112.8,39,50.7,23.0,0
97.8,67.8,6726,6.8,74.8,56,84.4,6.8,0
95.4,64.0,5165,6.9,80.7,29,71.5,19.9,0
96.8,69.2,5650,8.9,102.8,25,70.6,19.5,0
98.6,80.9,5939,6.8,117.3,25,71.0,16.23,0
96.6,68.3,9277,6.5,90.9,29,98.1,7.8,0
